timestamp,AID01101,AID01102,AID01103,AID01104,AID01105,AID01106,AID01107,AID01108,AID01109,AID01110,AID01111,AID01112,AID01113,AID01114,AID01115,AID01116,AID01117,AID01118,AID01119,AID01120,AID01121,AID01122,AID01124,AID01125,AID01126,AID01127,AID01128,AID01129,AID01131,AID01132,AID01133,AID01134,AID01135,AID01136,AID01201,AID01202,AID01203,AID01204,AID01205,AID01206,AID01207,AID01208,AID01209,AID01210,AID01211,AID01212,AID01214,AID01215,AID01216,AID01217,AID01218,AID01219,AID01220,AID01221,AID01222,AID01223,AID02104,AID02105,AID02106,AID02107,AID02108,AID02109,AID02110,AID02111,AID02112,AID02113,AID02114,AID02115,AID02116,AID02117,AID02118,AID02119,AID02120,AID02121,AID02122,AID02123,AID02124,AID02125,AID02126,AID02127,AID02201,AID02202,AID02203,AID02204,AID02205,AID02206,AID02207,AID02208,AID02209,AID02210,AID02211,AID02212,AID02213,AID02214,AID02215,AID03106,AID03107,AID03108,AID03109,AID03111,AID03112,AID03113,AID03114,AID03117,AID03118,AID03119,AID03120,AID03121,AID03122,AID03123,AID03124,AID03125,AID03202,AID03203,AID03204,AID03205,AID03206,AID03207,AID03208,AID03209,AID03210,AID03211,AID04103,AID04104,AID04105,AID04106,AID04107,AID04108,AID04109,AID04110,AID04111,AID04112,AID04113,AID04114,AID04115,AID04116,AID04117,AID04118,AID04203,AID04204,AID04205,AID04206,AID04207,AID04208,AID04209,AID04210,AID04212,AID04213,AID04214,AID04215,AID04216,AID04217,AID04218,AID04219,AID04220,AID04221,AID05113,AID05114,AID05115,AID05116,AID05117,AID05118,AID05120,AID05121,AID05122,AID05123,AID05124,AID05125,AID05126,AID05127,AID05128,AID05129,AID05130,AID05131,AID05132,AID05133,AID05134,AID05202,AID05203,AID05204,AID05205,AID05206,AID05207,AID05208,AID05209,AID05210,AID05211,AID05212,AID05213,AID05214,AID05215,AID05216,AID05217,AID05218,AID05219,AID05220,AID05221,AID05222,AID05224,AID05225,AID05226,AID05227,AID05233,AID05234,AID07105,AID07106,AID07107,AID07109,AID07110,AID07111,AID07112,AID07113,AID07114,AID07115,AID07117,AID07118,AID07119,AID07120,AID07121,AID07122,AID07123,AID07124,AID07125,AID07126,AID07127,AID07128,AID07129,AID07130,AID07131,AID07133,AID07134,AID07201,AID07202,AID07203,AID07204,AID07205,AID07206,AID07207,AID07208,AID07209,AID07210,AID07211,AID07212,AID07213,AID07215,AID07216,AID07217,AID07218,AID07219,AID07220,AID07221,AID07222,AID07223,AID07224,AID07225,AID07227,AID07228,AID07229,AID07230,AID07231,AID07232,AID08101,AID08102,AID08103,AID08104,AID08105,AID08106,AID08107,AID08108,AID08109,AID08110,AID08111,AID08112,AID08113,AID08114,AID08115,AID08116,AID08117,AID08118,AID08119,AID08120,AID08121,AID08122,AID08201,AID08202,AID08204,AID08205,AID08206,AID08207,AID08208,AID08209,AID08210,AID08211,AID08212,AID08213,AID08214,AID08215,AID08216,AID08217,AID08218,AID08219,AID08220,AID08221,AID08222,AID08223,AID09101,AID09102,AID09103,AID09105,AID09106,AID09107,AID09108,AID09109,AID09110,AID09111,AID09112,AID09113,AID09114,AID09118,AID09119,AID09121,AID09122,AID09123,AID09151,AID09152,AID09153,AID09154,AID09155,AID09156,AID09157,AID09201,AID09202,AID09203,AID09204,AID09205,AID09251,AID09252,AID09253,AID09254,AID09255,AID09256,AID09257,AID09258,AID10101,AID10102,AID10104,AID10105,AID10106,AID10107,AID10108,AID10109,AID10110,AID10111,AID10112,AID10113,AID10114,AID10115,AID10116,AID10117,AID10118,AID10119,AID10202,AID10203,AID10204,AID10205,AID10206,AID10207,AID10208,AID10209,AID10210,AID10211,AID10212,AID10213,AID10214,AID10215,AID10216,TDS10003,TDS10004,TDS10005,TDS10010,TDS10011,TDS10012,TDS10013,TDS20001,TDS20002,TDS20003,TDS20004,TDS20005,TDS20006,TDS20007,TDS20008,TDS20009,TDS30002,TDS30003,TDS30004,TDS30005,TDS30006,TDS30007,TDS30008,TDS90001,TDS90002,TDS90003,TDS90005,TDS90010,TDS90011,TDS90012,TDS90013,TDS90014,TDS90015,TDS90016,TDS90017,TDS90018,TDS90020,TDS90021,TDS90022,TDS90024,TDS90025,TDS90026,TDS90028,TDS90029,TDS90030,TDS90031,TDS90032,TDS90033,TDS90034,TDS90035,TDS90036,TDS90037,TDS90038,TDS90039,TDS90040,TDS90041,TDS90042,TDS90043,TDS90044,TDS90048,TDS90049,TDS90051,TDS90052,TDS90053,TDS90055,TDS90056,TDS90057,TDS90059,TDS90060,TDS90061,TDS90062,TDS90063,TDS90064,TDS90065,TDS90066,TDS90067,TDS90068,TDS90073,TDS90074,TDS90075,TDS90076,TDS90077,TDS90078,TDS90079,TDS90080,TDS90081,TDS90083,TDS90084,TDS90086,TDS90087,TDS90088,TDS90089,TDS90090,TDS90091,TDS90092,TDS91001,TDS91002,TDS91003,TDS91004,TDS91005,TDS91006,TDS91007,TDS91008,TDS91009,TDS91010,TDS91011,TDS91012,TDS91013,TDS91014,TDS91015,TDS91016,TDS91017,TDS91018,TDS91020,TDS91021,TDS91022,TDS91023,TDS91024,TDS91025,TDS91026,TDS91035,TDS91037,TDS91038,TDS91040,TDS91041,TDS91042,TDS91043,TDS91044,TDS91045,TDS91046,TDS91047,TDS91048,TDS91049,TDS91050,TDS91051,TDS91052,TDS91053,TDS91054,TDS91055,TDS91056,TDS91057,TDS91058,TDS91059,TDS91060,TDS91061,TDS91062,TDS91063,TDS91064,TDS91065,TDS91066,TDS91067,TDS91068,TDS91069,TDS91070,TDS91071,TDS91072,TDS91073,TDS91074,TDS91075,TDS91076,TDS91077,TDSCPRKC20001,TDSCPRKC20002,TDSCPRKC20003,TDSIEC10001,TDSIEC10002,TDSIEC10003,TDSIEC10004,TDSLFR10001,TDSLFR10002,TDSLFR10003,TDSLTR10001,TDSLTR10002,TDSLTR10003,TDSLTR10004,TDSLTR20001,TDSLTR20002,TDSLTR20003,TDSMOSB10001,TDSMOSB10002,TDSMOSB10003,TDSMOSB10004,TDSMOSB20001,TDSMOSB20002,TDSMOSB20003,TDSMOSB20004,TDSMOSB20005,TDSMOSB20006,TDSMOSR10001,TDSMOSR10002,TDSMOSR10003,TDSNCWBR10001,TDSNCWBR10002,TDSNCWBR10003,TDSNCWBR10004,TDSSPWR10002,TDSSPWR10003,TDSSPWR20001,TDSSPWR20002,TDSSPWR20003,TDSTCKR10002,TDSTCKR10003,TDSTCKR20001,TDSTKR20004,TDSTKR20005,TDSTKR20008,TDSTKR20009,TDSTPR10003,TDSTPR10004,TDSTPR10005,TDSTPR10006,TDSTPR10007,TDSTPR10008,TDSTPR10009,TDSTPR10010,TDSTPR10011,TDSTPR10012,TDSTPR10014,TDSTPR10015,TDSTPR10016,TDSTTR10002,TDSTTR10003,TDSYSR20001,TDSYSR20002
2023-10-01,1.0,3.0,1.0,1.0,1.0,1.0,2.0,16.0,1.0,1.0,3.0,1.0,1.0,1.0,1.0,1.0,3.0,1.0,1.0,1.0,2.0,1.0,1.0,1.0,1.0,2.0,2.0,1.0,2.0,1.0,2.0,1.0,3.0,3.0,2.0,1.0,1.0,2.0,1.0,1.0,13.0,2.0,1.0,5.0,1.0,1.0,1.0,1.0,2.0,1.0,1.0,2.0,1.0,1.0,1.0,34.0,3.0,1.0,1.0,3.0,4.0,1.0,2.0,1.0,1.0,2.0,1.0,5.0,1.0,2.0,1.0,1.0,1.0,1.0,2.0,11.0,6.0,4.0,5.0,7.0,2.0,6.0,1.0,1.0,2.0,1.0,6.0,4.0,1.0,3.0,1.0,5.0,435.0,1.0,13.0,4.0,5.0,2.0,3.0,1.0,1.0,12.0,7.0,4.0,2.0,3.0,1.0,99.0,1.0,2.0,1.0,2.0,1.0,1.0,2.0,6.0,3.0,1.0,3.0,1.0,5.0,7.0,9.0,1.0,1.0,1.0,7.0,1.0,1.0,1.0,1.0,3.0,1.0,1.0,2.0,1.0,2.0,1.0,2.0,1.0,1.0,111.0,9.0,5.0,9.0,4.0,2.0,3.0,1.0,1.0,7.0,1.0,1.0,1.0,1.0,2.0,1.0,2.0,1.0,2.0,2.0,2.0,5.0,1.0,1.0,1.0,2.0,5.0,2.0,1.0,1.0,180.0,1.0,1.0,1.0,1.0,4.0,1.0,2.0,1.0,1.0,1.0,1.0,1.0,2.0,1.0,1.0,1.0,1.0,1.0,2.0,3.0,1.0,2.0,1.0,2.0,1.0,1.0,1.0,1.0,1.0,1.0,1.0,1.0,1.0,1.0,1.0,1.0,1.0,1.0,203.0,1.0,1.0,1.0,1.0,3.0,9.0,2.0,1.0,1.0,1.0,2.0,1.0,4.0,1.0,2.0,1.0,1.0,316.0,1.0,1.0,1.0,1.0,4.0,553.0,2.0,2.0,1.0,1.0,1.0,2.0,1.0,1.0,1.0,1.0,1.0,1.0,1.0,1.0,1.0,1.0,2.0,1.0,1.0,22.0,1.0,1.0,1.0,2.0,1.0,2.0,1.0,1.0,1.0,1.0,1.0,1.0,5.0,1.0,2.0,2.0,1.0,1.0,1.0,3.0,1.0,3.0,3.0,1.0,2.0,1.0,1.0,1.0,1.0,2.0,3.0,3.0,10.0,7.0,4.0,1.0,4.0,1.0,3.0,1.0,3.0,1.0,2.0,4.0,5.0,2.0,4.0,1.0,6.0,4.0,16.0,56.0,52.0,5.0,2.0,2.0,1.0,1.0,1.0,1.0,2.0,1.0,23.0,1.0,1.0,1.0,1.0,1.0,8.0,5.0,1.0,1.0,1.0,3.0,1.0,1.0,2.0,1.0,1.0,3.0,6.0,6.0,2.0,1.0,2.0,2.0,4.0,3.0,1.0,5.0,13.0,4.0,3.0,8.0,6.0,14.0,12.0,1.0,2.0,3.0,1.0,5.0,3.0,2.0,1.0,3.0,2.0,1.0,14.0,7.0,7.0,1.0,3.0,3.0,1.0,1.0,6.0,4.0,2.0,1.0,4.0,1.0,1.0,1.0,1.0,2.0,13.0,2.0,1.0,3.0,1.0,1.0,519.0,1.0,1.0,3.0,1.0,1.0,2.0,3.0,4.0,1.0,6.0,1.0,276.0,2.0,2.0,1.0,4.0,2.0,4.0,2.0,5.0,118.0,4.0,1.0,1.0,1.0,2.0,1.0,57.0,1.0,1.0,3.0,1.0,6.0,1.0,3.0,12.0,1.0,1.0,6.0,2.0,4.0,1.0,6.0,1.0,3.0,3.0,12.0,1.0,1.0,1.0,1.0,1.0,5.0,1.0,2.0,3.0,1.0,3.0,14.0,1.0,1.0,1.0,3.0,517.0,1.0,10.0,1.0,1.0,1.0,2.0,7.0,1.0,4.0,1.0,1.0,3.0,1.0,1.0,42.0,6.0,1.0,1.0,581.0,1.0,1.0,1.0,1.0,2.0,1.0,1.0,1.0,1.0,1.0,1.0,1.0,1.0,3.0,1.0,4.0,2.0,4.0,1.0,1.0,1.0,460.0,1.0,1.0,1.0,1.0,1.0,1.0,1.0,1.0,1.0,1.0,1.0,2.0,1.0,1.0,1.0,2.0,1.0,1.0,1.0,3.0,1.0,1.0,1.0,1.0,1.0,6.0,2.0,2.0,1.0,2.0,1.0,5.0,1.0,8.0,1.0,2.0,8.0,1.0,1.0,1.0,1.0,18.0,2.0,1.0,9.0,1.0,1.0,2.0,1.0,1.0,1.0,1.0,2.0,2.0,5.0,1.0,5.0,4.0,1.0,1.0,2.0,3.0,1.0,2.0,1.0,3.0,2.0,3.0,7.0,1.0,5.0,1.0,6.0,1.0,2.0,2.0,1.0,2.0,1.0,3.0,1.0,1.0,5.0,1.0,2.0,24.0,23.0,29.0,67.0,73.0,66.0,3.0,4.0,12.0,13.0,7.0,2.0,1.0,5.0,5.0,19.0,10.0,12.0,1.0,1.0,97.0,114.0
2023-10-02,1.0,1.0,1.0,1.0,1.0,11.0,7.0,3.0,1.0,1.0,2.0,1.0,1.0,1.0,1.0,6.0,1.0,2.0,7.0,3.0,1.0,2.0,1.0,1.0,1.0,1.0,1.0,2.0,2.0,1.0,2.0,1.0,2.0,1.0,7.0,1.0,1.0,3.0,1.0,1.0,1.0,1.0,1.0,1.0,1.0,1.0,1.0,1.0,1.0,1.0,1.0,1.0,1.0,1.0,1.0,18.0,1.0,2.0,1.0,2.0,3.0,1.0,1.0,1.0,1.0,4.0,1.0,3.0,1.0,1.0,1.0,3.0,2.0,2.0,1.0,2.0,13.0,13.0,1.0,1.0,2.0,2.0,1.0,1.0,2.0,3.0,2.0,3.0,1.0,1.0,2.0,1.0,435.0,1.0,1.0,3.0,3.0,4.0,2.0,1.0,2.0,1.0,1.0,2.0,1.0,3.0,4.0,99.0,3.0,1.0,1.0,2.0,1.0,1.0,2.0,1.0,2.0,1.0,3.0,1.0,1.0,1.0,3.0,1.0,1.0,1.0,2.0,2.0,5.0,16.0,1.0,1.0,1.0,1.0,2.0,1.0,2.0,1.0,2.0,2.0,1.0,111.0,2.0,1.0,3.0,1.0,1.0,1.0,1.0,1.0,1.0,1.0,1.0,1.0,3.0,1.0,2.0,1.0,1.0,2.0,2.0,4.0,2.0,1.0,2.0,1.0,1.0,1.0,1.0,1.0,1.0,177.0,1.0,1.0,1.0,1.0,1.0,1.0,2.0,1.0,1.0,1.0,1.0,2.0,2.0,1.0,1.0,1.0,2.0,1.0,2.0,2.0,1.0,1.0,1.0,1.0,2.0,1.0,1.0,2.0,1.0,1.0,1.0,2.0,1.0,1.0,1.0,1.0,1.0,1.0,203.0,1.0,1.0,1.0,1.0,4.0,8.0,1.0,2.0,1.0,1.0,2.0,1.0,3.0,1.0,2.0,1.0,2.0,316.0,1.0,1.0,1.0,2.0,2.0,553.0,1.0,3.0,2.0,1.0,1.0,1.0,1.0,1.0,1.0,1.0,1.0,1.0,1.0,1.0,1.0,1.0,1.0,1.0,1.0,1.0,1.0,1.0,1.0,4.0,1.0,3.0,1.0,1.0,1.0,1.0,5.0,1.0,3.0,1.0,2.0,1.0,2.0,2.0,1.0,1.0,2.0,3.0,4.0,1.0,2.0,2.0,2.0,1.0,2.0,1.0,2.0,3.0,4.0,3.0,1.0,1.0,4.0,5.0,2.0,1.0,2.0,2.0,1.0,1.0,1.0,2.0,2.0,2.0,5.0,1.0,18.0,63.0,42.0,4.0,1.0,1.0,1.0,1.0,1.0,1.0,1.0,1.0,1.0,1.0,1.0,1.0,1.0,1.0,2.0,9.0,1.0,1.0,1.0,3.0,1.0,1.0,1.0,2.0,1.0,2.0,1.0,2.0,4.0,3.0,1.0,2.0,1.0,4.0,1.0,6.0,1.0,1.0,1.0,3.0,6.0,9.0,7.0,1.0,2.0,2.0,1.0,3.0,1.0,3.0,2.0,2.0,1.0,1.0,1.0,1.0,2.0,1.0,1.0,2.0,1.0,1.0,4.0,8.0,1.0,2.0,4.0,1.0,3.0,1.0,1.0,3.0,65.0,2.0,1.0,1.0,1.0,6.0,519.0,1.0,1.0,2.0,1.0,3.0,2.0,1.0,1.0,1.0,4.0,2.0,1.0,1.0,2.0,1.0,1.0,2.0,1.0,2.0,3.0,4.0,1.0,1.0,1.0,1.0,1.0,1.0,57.0,1.0,3.0,1.0,1.0,5.0,1.0,4.0,1.0,2.0,4.0,1.0,1.0,3.0,5.0,1.0,1.0,1.0,1.0,2.0,1.0,1.0,1.0,1.0,1.0,1.0,1.0,1.0,2.0,1.0,3.0,1.0,1.0,2.0,2.0,3.0,527.0,1.0,1.0,1.0,1.0,1.0,1.0,2.0,2.0,4.0,1.0,1.0,10.0,1.0,1.0,3.0,1.0,2.0,1.0,581.0,1.0,1.0,1.0,1.0,2.0,1.0,1.0,2.0,1.0,1.0,2.0,4.0,2.0,1.0,2.0,1.0,1.0,1.0,1.0,1.0,2.0,460.0,1.0,1.0,3.0,1.0,1.0,1.0,1.0,1.0,2.0,1.0,1.0,1.0,1.0,1.0,2.0,2.0,1.0,2.0,2.0,1.0,1.0,1.0,1.0,1.0,2.0,1.0,1.0,2.0,1.0,1.0,3.0,1.0,3.0,4.0,1.0,2.0,1.0,1.0,1.0,1.0,1.0,1.0,1.0,3.0,3.0,1.0,1.0,1.0,1.0,1.0,5.0,1.0,2.0,1.0,4.0,4.0,1.0,1.0,1.0,1.0,2.0,3.0,1.0,1.0,1.0,2.0,2.0,1.0,3.0,1.0,1.0,1.0,1.0,1.0,2.0,1.0,1.0,1.0,1.0,1.0,1.0,1.0,206.0,1.0,2.0,23.0,7.0,12.0,21.0,42.0,57.0,4.0,3.0,11.0,11.0,5.0,2.0,1.0,5.0,5.0,16.0,14.0,22.0,1.0,1.0,34.0,3.0
2023-10-03,1.0,1.0,1.0,1.0,1.0,1.0,2.0,1.0,1.0,1.0,1.0,1.0,1.0,1.0,1.0,1.0,1.0,2.0,1.0,1.0,1.0,1.0,1.0,1.0,1.0,1.0,1.0,1.0,1.0,1.0,2.0,1.0,1.0,1.0,1.0,1.0,1.0,1.0,1.0,1.0,1.0,1.0,1.0,1.0,1.0,1.0,1.0,1.0,1.0,1.0,1.0,1.0,1.0,1.0,1.0,1.0,1.0,2.0,1.0,1.0,1.0,1.0,1.0,1.0,1.0,1.0,2.0,1.0,1.0,1.0,1.0,1.0,1.0,2.0,1.0,1.0,2.0,1.0,1.0,1.0,1.0,1.0,1.0,2.0,3.0,1.0,1.0,2.0,1.0,1.0,1.0,1.0,435.0,1.0,7.0,1.0,1.0,2.0,2.0,4.0,2.0,1.0,1.0,1.0,3.0,2.0,1.0,99.0,1.0,1.0,2.0,1.0,1.0,1.0,1.0,1.0,3.0,1.0,2.0,1.0,1.0,1.0,3.0,1.0,1.0,1.0,1.0,1.0,1.0,1.0,1.0,1.0,1.0,1.0,1.0,1.0,1.0,2.0,1.0,1.0,1.0,111.0,1.0,2.0,1.0,1.0,1.0,1.0,1.0,1.0,1.0,1.0,1.0,1.0,1.0,1.0,1.0,1.0,1.0,1.0,1.0,3.0,1.0,1.0,1.0,2.0,1.0,1.0,1.0,1.0,1.0,237.0,1.0,1.0,1.0,1.0,1.0,1.0,1.0,1.0,1.0,1.0,1.0,1.0,1.0,1.0,1.0,1.0,1.0,1.0,1.0,1.0,1.0,1.0,1.0,2.0,1.0,1.0,1.0,2.0,1.0,3.0,1.0,2.0,1.0,1.0,1.0,1.0,1.0,2.0,203.0,1.0,1.0,1.0,1.0,1.0,1.0,1.0,1.0,1.0,1.0,2.0,2.0,2.0,1.0,1.0,1.0,1.0,316.0,1.0,1.0,2.0,1.0,1.0,553.0,1.0,1.0,1.0,1.0,2.0,1.0,1.0,1.0,1.0,1.0,1.0,1.0,1.0,1.0,1.0,1.0,1.0,1.0,1.0,1.0,1.0,1.0,1.0,1.0,1.0,1.0,1.0,1.0,1.0,1.0,1.0,1.0,2.0,1.0,3.0,4.0,4.0,1.0,1.0,3.0,5.0,1.0,3.0,2.0,1.0,1.0,1.0,1.0,1.0,1.0,1.0,2.0,2.0,1.0,4.0,1.0,3.0,1.0,2.0,1.0,3.0,1.0,1.0,2.0,2.0,1.0,1.0,2.0,1.0,1.0,12.0,65.0,2.0,1.0,1.0,2.0,1.0,1.0,1.0,1.0,1.0,1.0,1.0,1.0,1.0,1.0,1.0,1.0,4.0,1.0,1.0,1.0,1.0,2.0,2.0,1.0,1.0,1.0,1.0,2.0,2.0,2.0,4.0,1.0,1.0,1.0,1.0,1.0,1.0,14.0,4.0,3.0,3.0,6.0,4.0,4.0,5.0,1.0,2.0,6.0,3.0,5.0,4.0,3.0,2.0,1.0,3.0,1.0,4.0,3.0,5.0,1.0,5.0,3.0,2.0,1.0,2.0,4.0,2.0,2.0,2.0,1.0,1.0,1.0,1.0,1.0,1.0,2.0,1.0,1.0,1.0,1.0,519.0,1.0,1.0,1.0,1.0,1.0,1.0,1.0,1.0,1.0,2.0,1.0,119.0,1.0,1.0,1.0,1.0,1.0,2.0,1.0,1.0,2.0,2.0,1.0,1.0,1.0,1.0,3.0,57.0,1.0,1.0,1.0,1.0,2.0,1.0,2.0,6.0,2.0,1.0,1.0,4.0,2.0,1.0,7.0,3.0,7.0,2.0,2.0,1.0,1.0,1.0,1.0,1.0,1.0,1.0,2.0,3.0,1.0,2.0,1.0,1.0,289.0,3.0,1.0,537.0,1.0,1.0,1.0,2.0,2.0,2.0,2.0,5.0,6.0,4.0,5.0,2.0,1.0,1.0,1.0,2.0,3.0,2.0,98.0,1.0,1.0,1.0,1.0,1.0,1.0,2.0,1.0,1.0,1.0,1.0,1.0,1.0,1.0,3.0,1.0,1.0,1.0,1.0,1.0,2.0,278.0,5.0,1.0,1.0,1.0,2.0,1.0,1.0,2.0,1.0,1.0,1.0,1.0,1.0,1.0,1.0,1.0,3.0,3.0,1.0,1.0,1.0,1.0,1.0,1.0,1.0,3.0,2.0,1.0,1.0,2.0,1.0,5.0,4.0,3.0,1.0,2.0,3.0,2.0,1.0,1.0,5.0,4.0,6.0,2.0,1.0,1.0,1.0,1.0,1.0,1.0,1.0,1.0,1.0,1.0,1.0,1.0,1.0,1.0,1.0,1.0,1.0,1.0,4.0,1.0,1.0,3.0,1.0,1.0,1.0,1.0,1.0,1.0,1.0,1.0,1.0,2.0,2.0,1.0,1.0,1.0,1.0,1.0,150.0,1.0,2.0,1.0,1.0,1.0,1.0,1.0,1.0,1.0,2.0,5.0,8.0,1.0,3.0,2.0,2.0,4.0,1.0,1.0,1.0,1.0,1.0,1.0,1.0
2023-10-04,1.0,1.0,1.0,1.0,1.0,1.0,1.0,18.0,1.0,1.0,1.0,1.0,1.0,1.0,1.0,1.0,1.0,1.0,1.0,1.0,1.0,1.0,1.0,1.0,1.0,1.0,1.0,1.0,1.0,1.0,1.0,2.0,1.0,1.0,232.0,1.0,1.0,1.0,1.0,1.0,1.0,1.0,1.0,1.0,2.0,1.0,1.0,1.0,1.0,1.0,1.0,1.0,1.0,1.0,1.0,1.0,2.0,1.0,1.0,1.0,1.0,1.0,1.0,1.0,1.0,1.0,1.0,1.0,2.0,1.0,1.0,1.0,1.0,1.0,1.0,1.0,1.0,1.0,1.0,1.0,1.0,1.0,1.0,2.0,1.0,1.0,1.0,1.0,2.0,2.0,3.0,1.0,435.0,1.0,1.0,1.0,1.0,2.0,1.0,4.0,2.0,1.0,1.0,2.0,2.0,3.0,1.0,99.0,1.0,3.0,2.0,1.0,1.0,1.0,2.0,1.0,3.0,1.0,2.0,1.0,1.0,1.0,1.0,1.0,1.0,1.0,2.0,2.0,1.0,2.0,1.0,1.0,1.0,1.0,1.0,2.0,2.0,1.0,1.0,1.0,1.0,111.0,2.0,1.0,2.0,1.0,1.0,1.0,1.0,1.0,1.0,1.0,1.0,1.0,2.0,1.0,1.0,1.0,1.0,1.0,2.0,6.0,1.0,1.0,2.0,1.0,1.0,1.0,2.0,1.0,1.0,235.0,1.0,1.0,1.0,1.0,1.0,1.0,2.0,1.0,1.0,1.0,1.0,1.0,1.0,1.0,1.0,1.0,1.0,1.0,2.0,1.0,1.0,1.0,1.0,2.0,1.0,1.0,362.0,167.0,2.0,1.0,1.0,1.0,1.0,1.0,1.0,1.0,1.0,1.0,203.0,1.0,1.0,1.0,1.0,1.0,1.0,1.0,1.0,1.0,1.0,1.0,1.0,2.0,1.0,2.0,1.0,1.0,316.0,1.0,1.0,1.0,1.0,1.0,553.0,1.0,1.0,1.0,1.0,1.0,3.0,3.0,1.0,1.0,1.0,1.0,1.0,1.0,1.0,1.0,1.0,1.0,1.0,1.0,1.0,1.0,1.0,1.0,1.0,2.0,1.0,1.0,1.0,1.0,1.0,1.0,1.0,2.0,1.0,5.0,1.0,2.0,1.0,2.0,1.0,4.0,2.0,3.0,2.0,2.0,3.0,1.0,1.0,2.0,1.0,1.0,2.0,3.0,1.0,4.0,4.0,3.0,1.0,2.0,4.0,1.0,1.0,2.0,1.0,2.0,3.0,1.0,2.0,4.0,1.0,7.0,51.0,1.0,1.0,1.0,2.0,1.0,1.0,1.0,1.0,1.0,1.0,3.0,1.0,1.0,1.0,1.0,1.0,1.0,1.0,1.0,1.0,1.0,2.0,1.0,1.0,1.0,2.0,1.0,2.0,1.0,2.0,3.0,1.0,1.0,2.0,1.0,1.0,1.0,7.0,8.0,5.0,2.0,5.0,6.0,5.0,9.0,1.0,2.0,6.0,5.0,3.0,4.0,3.0,2.0,1.0,1.0,1.0,1.0,2.0,3.0,1.0,3.0,3.0,2.0,1.0,2.0,3.0,3.0,2.0,4.0,1.0,1.0,1.0,1.0,1.0,1.0,2.0,1.0,2.0,1.0,1.0,519.0,1.0,1.0,1.0,1.0,1.0,1.0,3.0,1.0,1.0,2.0,1.0,202.0,1.0,1.0,1.0,1.0,1.0,2.0,1.0,1.0,2.0,1.0,1.0,18.0,1.0,1.0,1.0,57.0,1.0,1.0,1.0,1.0,4.0,1.0,1.0,3.0,1.0,2.0,1.0,3.0,1.0,1.0,4.0,2.0,2.0,1.0,4.0,1.0,2.0,1.0,1.0,1.0,1.0,1.0,2.0,4.0,1.0,2.0,1.0,1.0,1.0,2.0,1.0,537.0,1.0,1.0,1.0,2.0,1.0,3.0,2.0,4.0,5.0,2.0,1.0,1.0,1.0,1.0,1.0,1.0,1.0,3.0,1.0,1.0,1.0,1.0,1.0,1.0,1.0,2.0,1.0,1.0,1.0,1.0,2.0,1.0,1.0,1.0,1.0,1.0,1.0,1.0,1.0,1.0,3.0,1.0,1.0,1.0,1.0,1.0,1.0,1.0,2.0,1.0,1.0,1.0,1.0,1.0,1.0,2.0,1.0,3.0,2.0,1.0,1.0,1.0,1.0,1.0,1.0,1.0,4.0,1.0,2.0,1.0,2.0,4.0,2.0,4.0,3.0,1.0,2.0,3.0,1.0,1.0,1.0,3.0,1.0,2.0,1.0,1.0,1.0,1.0,1.0,1.0,1.0,1.0,1.0,1.0,1.0,1.0,1.0,1.0,1.0,1.0,1.0,1.0,1.0,2.0,2.0,1.0,3.0,1.0,2.0,1.0,1.0,1.0,1.0,1.0,1.0,1.0,1.0,1.0,1.0,1.0,1.0,1.0,1.0,220.0,1.0,2.0,1.0,1.0,2.0,1.0,1.0,2.0,1.0,4.0,3.0,3.0,1.0,1.0,4.0,1.0,4.0,1.0,1.0,1.0,1.0,1.0,1.0,1.0
2023-10-05,1.0,1.0,1.0,1.0,1.0,1.0,1.0,13.0,1.0,1.0,1.0,1.0,1.0,1.0,1.0,1.0,1.0,1.0,1.0,1.0,1.0,1.0,1.0,1.0,1.0,1.0,1.0,1.0,1.0,1.0,1.0,2.0,1.0,1.0,266.0,1.0,1.0,1.0,1.0,1.0,1.0,1.0,1.0,1.0,1.0,1.0,1.0,1.0,1.0,1.0,1.0,1.0,1.0,1.0,1.0,1.0,1.0,1.0,1.0,1.0,1.0,1.0,1.0,1.0,1.0,1.0,2.0,1.0,1.0,1.0,1.0,1.0,1.0,2.0,1.0,1.0,1.0,1.0,1.0,1.0,1.0,1.0,1.0,1.0,3.0,1.0,1.0,1.0,1.0,1.0,1.0,1.0,435.0,1.0,1.0,1.0,1.0,3.0,4.0,1.0,1.0,1.0,1.0,1.0,2.0,4.0,1.0,99.0,2.0,1.0,1.0,1.0,1.0,1.0,1.0,1.0,3.0,1.0,2.0,1.0,1.0,1.0,1.0,1.0,1.0,1.0,1.0,1.0,1.0,1.0,1.0,1.0,1.0,1.0,1.0,1.0,2.0,1.0,1.0,1.0,1.0,111.0,1.0,2.0,1.0,1.0,1.0,1.0,1.0,1.0,1.0,1.0,1.0,1.0,1.0,1.0,1.0,1.0,1.0,2.0,1.0,1.0,1.0,1.0,1.0,1.0,1.0,1.0,1.0,1.0,1.0,251.0,1.0,1.0,1.0,1.0,1.0,1.0,2.0,1.0,1.0,1.0,1.0,1.0,1.0,1.0,1.0,1.0,1.0,1.0,1.0,1.0,1.0,1.0,1.0,2.0,1.0,1.0,405.0,206.0,1.0,2.0,1.0,2.0,1.0,1.0,1.0,1.0,1.0,1.0,203.0,1.0,1.0,1.0,1.0,1.0,1.0,1.0,1.0,1.0,1.0,2.0,1.0,3.0,1.0,1.0,2.0,1.0,316.0,1.0,1.0,1.0,1.0,2.0,553.0,1.0,1.0,2.0,1.0,1.0,1.0,1.0,1.0,2.0,4.0,1.0,1.0,1.0,1.0,1.0,1.0,1.0,1.0,1.0,1.0,1.0,1.0,1.0,1.0,1.0,2.0,1.0,1.0,1.0,1.0,1.0,1.0,2.0,1.0,4.0,1.0,2.0,3.0,1.0,1.0,4.0,2.0,4.0,1.0,1.0,2.0,1.0,1.0,2.0,1.0,1.0,2.0,1.0,1.0,4.0,4.0,3.0,2.0,1.0,1.0,1.0,1.0,2.0,3.0,2.0,2.0,1.0,2.0,1.0,2.0,12.0,56.0,2.0,1.0,1.0,1.0,1.0,1.0,2.0,1.0,1.0,2.0,1.0,1.0,1.0,1.0,1.0,1.0,1.0,1.0,1.0,1.0,1.0,1.0,1.0,1.0,1.0,2.0,1.0,2.0,1.0,1.0,1.0,1.0,1.0,2.0,1.0,1.0,1.0,3.0,9.0,14.0,6.0,5.0,7.0,13.0,10.0,2.0,3.0,2.0,1.0,5.0,2.0,3.0,1.0,2.0,1.0,1.0,2.0,1.0,2.0,1.0,1.0,2.0,1.0,1.0,6.0,4.0,1.0,2.0,1.0,1.0,1.0,1.0,1.0,1.0,1.0,1.0,1.0,1.0,1.0,1.0,519.0,1.0,1.0,1.0,1.0,1.0,1.0,3.0,1.0,1.0,2.0,1.0,165.0,1.0,1.0,1.0,1.0,1.0,2.0,1.0,1.0,1.0,1.0,1.0,1.0,1.0,1.0,1.0,1.0,1.0,1.0,1.0,1.0,2.0,1.0,1.0,1.0,1.0,2.0,1.0,1.0,1.0,2.0,2.0,1.0,1.0,1.0,3.0,1.0,1.0,1.0,1.0,1.0,1.0,1.0,1.0,1.0,1.0,2.0,1.0,1.0,1.0,3.0,1.0,528.0,1.0,1.0,1.0,1.0,1.0,2.0,1.0,1.0,4.0,1.0,1.0,2.0,1.0,1.0,1.0,1.0,1.0,1.0,1.0,1.0,1.0,1.0,1.0,1.0,1.0,1.0,1.0,1.0,1.0,1.0,2.0,2.0,1.0,4.0,1.0,4.0,1.0,1.0,1.0,2.0,1.0,1.0,1.0,1.0,1.0,1.0,1.0,1.0,2.0,1.0,1.0,1.0,1.0,1.0,1.0,1.0,1.0,2.0,1.0,1.0,1.0,1.0,1.0,1.0,1.0,1.0,2.0,1.0,2.0,1.0,2.0,1.0,2.0,4.0,2.0,1.0,2.0,2.0,1.0,1.0,1.0,2.0,1.0,3.0,1.0,1.0,1.0,1.0,1.0,1.0,1.0,1.0,2.0,1.0,1.0,1.0,1.0,1.0,1.0,1.0,1.0,1.0,1.0,2.0,1.0,1.0,3.0,1.0,1.0,2.0,1.0,1.0,1.0,1.0,1.0,2.0,1.0,1.0,1.0,2.0,1.0,1.0,1.0,204.0,1.0,2.0,1.0,1.0,2.0,1.0,1.0,1.0,1.0,1.0,1.0,6.0,1.0,4.0,2.0,1.0,5.0,1.0,1.0,1.0,1.0,1.0,1.0,1.0
2023-10-06,1.0,1.0,1.0,1.0,1.0,1.0,1.0,8.0,1.0,1.0,1.0,1.0,1.0,1.0,1.0,1.0,1.0,1.0,1.0,1.0,1.0,1.0,1.0,1.0,1.0,1.0,1.0,1.0,1.0,1.0,1.0,4.0,1.0,1.0,1.0,2.0,1.0,1.0,1.0,1.0,1.0,1.0,1.0,1.0,2.0,1.0,1.0,1.0,1.0,1.0,1.0,1.0,1.0,1.0,1.0,1.0,1.0,2.0,1.0,1.0,4.0,1.0,1.0,3.0,1.0,2.0,2.0,1.0,1.0,1.0,1.0,1.0,1.0,2.0,1.0,1.0,2.0,1.0,1.0,1.0,1.0,1.0,1.0,3.0,1.0,1.0,1.0,1.0,1.0,1.0,1.0,1.0,435.0,1.0,1.0,1.0,1.0,2.0,1.0,3.0,1.0,1.0,1.0,1.0,2.0,4.0,2.0,99.0,2.0,2.0,1.0,1.0,1.0,1.0,1.0,1.0,3.0,1.0,2.0,1.0,1.0,1.0,1.0,1.0,1.0,1.0,1.0,1.0,1.0,1.0,1.0,1.0,1.0,1.0,2.0,1.0,2.0,1.0,1.0,1.0,1.0,8.0,1.0,2.0,1.0,1.0,1.0,1.0,1.0,1.0,1.0,1.0,1.0,1.0,1.0,1.0,1.0,1.0,1.0,1.0,1.0,3.0,3.0,1.0,3.0,1.0,1.0,1.0,1.0,1.0,1.0,248.0,1.0,1.0,1.0,1.0,1.0,1.0,1.0,1.0,1.0,1.0,1.0,1.0,1.0,1.0,1.0,1.0,1.0,1.0,1.0,1.0,1.0,1.0,1.0,1.0,2.0,1.0,405.0,206.0,1.0,2.0,1.0,1.0,1.0,1.0,1.0,1.0,1.0,1.0,203.0,1.0,1.0,1.0,1.0,1.0,1.0,7.0,1.0,1.0,1.0,3.0,1.0,1.0,1.0,4.0,1.0,6.0,316.0,1.0,8.0,1.0,1.0,2.0,553.0,1.0,2.0,1.0,1.0,1.0,1.0,1.0,1.0,1.0,1.0,1.0,1.0,1.0,1.0,1.0,1.0,1.0,1.0,1.0,1.0,1.0,1.0,2.0,1.0,2.0,1.0,1.0,1.0,1.0,1.0,4.0,4.0,2.0,1.0,3.0,1.0,2.0,1.0,1.0,1.0,3.0,2.0,3.0,4.0,2.0,3.0,1.0,1.0,1.0,1.0,1.0,1.0,1.0,1.0,4.0,2.0,3.0,2.0,1.0,3.0,1.0,1.0,3.0,4.0,1.0,2.0,1.0,2.0,3.0,6.0,29.0,60.0,1.0,1.0,1.0,1.0,1.0,1.0,1.0,1.0,1.0,2.0,1.0,1.0,1.0,1.0,1.0,1.0,1.0,1.0,1.0,1.0,1.0,2.0,1.0,1.0,1.0,2.0,1.0,2.0,2.0,1.0,1.0,1.0,1.0,1.0,1.0,1.0,7.0,1.0,6.0,3.0,3.0,1.0,8.0,10.0,10.0,6.0,4.0,3.0,2.0,2.0,1.0,1.0,2.0,1.0,1.0,1.0,4.0,1.0,4.0,1.0,1.0,2.0,1.0,2.0,2.0,2.0,1.0,3.0,1.0,1.0,1.0,1.0,4.0,3.0,10.0,1.0,1.0,2.0,1.0,1.0,519.0,1.0,1.0,1.0,1.0,1.0,1.0,1.0,1.0,1.0,2.0,1.0,245.0,1.0,1.0,1.0,1.0,1.0,2.0,1.0,1.0,1.0,1.0,1.0,1.0,1.0,1.0,1.0,1.0,1.0,1.0,1.0,1.0,1.0,1.0,1.0,1.0,1.0,1.0,1.0,1.0,1.0,1.0,1.0,1.0,1.0,1.0,1.0,1.0,1.0,1.0,1.0,1.0,1.0,1.0,2.0,1.0,1.0,2.0,1.0,1.0,1.0,2.0,2.0,515.0,1.0,1.0,1.0,2.0,1.0,2.0,6.0,2.0,3.0,1.0,1.0,1.0,1.0,1.0,2.0,1.0,2.0,2.0,1.0,1.0,1.0,2.0,1.0,1.0,1.0,2.0,1.0,1.0,1.0,1.0,2.0,3.0,1.0,3.0,1.0,1.0,1.0,1.0,1.0,1.0,4.0,1.0,1.0,2.0,1.0,1.0,1.0,1.0,1.0,1.0,1.0,1.0,1.0,1.0,1.0,1.0,1.0,1.0,1.0,1.0,1.0,1.0,1.0,1.0,1.0,1.0,2.0,1.0,6.0,1.0,1.0,1.0,4.0,1.0,1.0,1.0,2.0,1.0,1.0,1.0,1.0,3.0,1.0,3.0,1.0,1.0,1.0,1.0,1.0,1.0,1.0,1.0,1.0,1.0,1.0,1.0,1.0,1.0,1.0,1.0,1.0,1.0,1.0,2.0,1.0,1.0,1.0,1.0,3.0,2.0,1.0,1.0,1.0,1.0,1.0,1.0,1.0,1.0,2.0,1.0,2.0,5.0,1.0,161.0,2.0,3.0,1.0,2.0,1.0,1.0,1.0,1.0,5.0,5.0,9.0,3.0,1.0,3.0,2.0,1.0,2.0,1.0,1.0,1.0,1.0,1.0,1.0,1.0
2023-10-07,1.0,1.0,1.0,1.0,1.0,1.0,2.0,4.0,1.0,1.0,2.0,1.0,1.0,1.0,1.0,1.0,1.0,1.0,1.0,1.0,1.0,2.0,1.0,1.0,2.0,1.0,1.0,1.0,1.0,2.0,4.0,10.0,14.0,1.0,6.0,1.0,1.0,1.0,1.0,1.0,1.0,2.0,1.0,1.0,1.0,1.0,1.0,1.0,1.0,1.0,3.0,2.0,1.0,1.0,1.0,1.0,2.0,1.0,1.0,1.0,5.0,2.0,1.0,3.0,1.0,2.0,1.0,1.0,1.0,1.0,1.0,2.0,1.0,2.0,1.0,1.0,1.0,1.0,1.0,1.0,1.0,5.0,1.0,2.0,3.0,1.0,1.0,2.0,3.0,1.0,5.0,1.0,435.0,1.0,1.0,2.0,1.0,2.0,3.0,3.0,2.0,1.0,1.0,1.0,2.0,3.0,1.0,99.0,1.0,3.0,1.0,2.0,1.0,1.0,2.0,5.0,2.0,5.0,1.0,1.0,2.0,1.0,1.0,2.0,1.0,1.0,2.0,2.0,1.0,2.0,1.0,1.0,2.0,1.0,1.0,2.0,2.0,1.0,1.0,1.0,1.0,1.0,1.0,2.0,1.0,1.0,1.0,1.0,2.0,2.0,1.0,1.0,1.0,1.0,1.0,1.0,1.0,1.0,2.0,1.0,2.0,3.0,1.0,2.0,1.0,1.0,1.0,1.0,1.0,1.0,1.0,265.0,1.0,1.0,1.0,1.0,1.0,3.0,1.0,1.0,1.0,1.0,1.0,2.0,1.0,3.0,1.0,1.0,1.0,1.0,3.0,2.0,1.0,2.0,1.0,2.0,1.0,1.0,405.0,206.0,1.0,1.0,1.0,2.0,1.0,1.0,1.0,1.0,1.0,1.0,203.0,1.0,1.0,1.0,2.0,1.0,1.0,1.0,2.0,1.0,1.0,1.0,5.0,2.0,4.0,1.0,4.0,2.0,316.0,2.0,1.0,3.0,2.0,1.0,553.0,1.0,8.0,2.0,1.0,4.0,1.0,1.0,3.0,1.0,3.0,20.0,1.0,1.0,1.0,2.0,1.0,4.0,1.0,1.0,1.0,1.0,1.0,1.0,2.0,1.0,2.0,1.0,1.0,1.0,6.0,2.0,2.0,2.0,1.0,2.0,3.0,4.0,1.0,1.0,3.0,2.0,3.0,1.0,1.0,4.0,2.0,1.0,1.0,1.0,1.0,3.0,10.0,1.0,1.0,5.0,1.0,3.0,3.0,1.0,5.0,2.0,1.0,1.0,5.0,1.0,2.0,6.0,10.0,1.0,1.0,25.0,62.0,2.0,1.0,1.0,2.0,1.0,1.0,2.0,1.0,1.0,7.0,69.0,1.0,1.0,2.0,1.0,1.0,1.0,1.0,2.0,1.0,1.0,3.0,1.0,1.0,2.0,2.0,2.0,1.0,3.0,2.0,3.0,1.0,1.0,1.0,2.0,1.0,1.0,8.0,3.0,2.0,3.0,1.0,5.0,13.0,11.0,2.0,2.0,2.0,1.0,1.0,4.0,2.0,1.0,1.0,1.0,1.0,2.0,4.0,5.0,1.0,1.0,1.0,2.0,1.0,3.0,6.0,5.0,3.0,2.0,1.0,1.0,1.0,1.0,1.0,137.0,1.0,1.0,1.0,1.0,1.0,519.0,1.0,1.0,1.0,1.0,1.0,2.0,4.0,2.0,1.0,2.0,1.0,440.0,1.0,1.0,1.0,1.0,1.0,2.0,1.0,2.0,2.0,4.0,1.0,1.0,1.0,1.0,2.0,1.0,3.0,1.0,6.0,2.0,3.0,2.0,1.0,2.0,24.0,2.0,1.0,1.0,2.0,1.0,4.0,12.0,1.0,2.0,3.0,1.0,1.0,1.0,1.0,1.0,1.0,2.0,1.0,2.0,1.0,2.0,2.0,1.0,2.0,2.0,1.0,503.0,1.0,1.0,2.0,2.0,39.0,1.0,1.0,4.0,3.0,1.0,1.0,4.0,1.0,4.0,1.0,1.0,3.0,2.0,1.0,1.0,1.0,1.0,1.0,1.0,3.0,1.0,1.0,1.0,1.0,1.0,8.0,5.0,1.0,4.0,2.0,4.0,1.0,1.0,1.0,1.0,5.0,1.0,1.0,4.0,1.0,1.0,1.0,1.0,1.0,1.0,1.0,1.0,1.0,1.0,1.0,2.0,1.0,2.0,1.0,1.0,1.0,1.0,1.0,1.0,3.0,1.0,2.0,3.0,1.0,1.0,27.0,4.0,1.0,2.0,1.0,1.0,2.0,1.0,1.0,3.0,1.0,1.0,1.0,2.0,3.0,1.0,1.0,1.0,1.0,1.0,1.0,2.0,1.0,1.0,1.0,1.0,1.0,1.0,1.0,2.0,10.0,2.0,3.0,1.0,1.0,1.0,4.0,4.0,2.0,1.0,1.0,2.0,29.0,1.0,1.0,1.0,1.0,1.0,2.0,2.0,1.0,2.0,1.0,1.0,3.0,1.0,42.0,1.0,3.0,5.0,4.0,55.0,4.0,6.0,10.0,12.0,5.0,2.0,1.0,7.0,5.0,3.0,1.0,1.0,1.0,1.0,13.0,1.0
2023-10-08,94.0,66.0,1.0,4.0,1.0,4.0,51.0,84.0,1.0,1.0,1.0,2.0,5.0,2.0,120.0,1.0,152.0,42.0,133.0,148.0,2.0,1.0,45.0,1.0,8.0,1.0,1.0,7.0,3.0,12.0,2.0,8.0,1.0,118.0,111.0,1.0,11.0,3.0,1.0,125.0,1.0,2.0,136.0,1.0,1.0,1.0,1.0,3.0,19.0,520.0,4.0,5.0,1.0,408.0,345.0,44.0,12.0,22.0,1.0,1.0,1.0,1.0,2.0,2.0,1.0,11.0,1.0,5.0,53.0,61.0,61.0,7.0,2.0,1.0,2.0,1.0,4.0,3.0,2.0,7.0,13.0,47.0,6.0,25.0,3.0,1.0,148.0,1.0,3.0,3.0,159.0,264.0,435.0,1.0,114.0,46.0,43.0,2.0,2.0,24.0,8.0,61.0,2.0,6.0,3.0,3.0,3.0,99.0,4.0,2.0,4.0,3.0,1.0,21.0,264.0,22.0,1.0,2.0,1.0,6.0,25.0,125.0,12.0,3.0,49.0,1.0,74.0,2.0,1.0,1.0,2.0,1.0,59.0,299.0,4.0,8.0,7.0,1.0,10.0,1.0,4.0,1.0,13.0,2.0,2.0,1.0,1.0,3.0,1.0,67.0,1.0,23.0,174.0,394.0,5.0,13.0,3.0,1.0,19.0,2.0,27.0,2.0,1.0,179.0,1.0,205.0,320.0,76.0,103.0,10.0,1.0,189.0,1.0,55.0,252.0,63.0,1.0,1.0,3.0,1.0,104.0,1.0,19.0,1.0,2.0,1.0,3.0,2.0,10.0,6.0,1.0,1.0,46.0,98.0,22.0,2.0,1.0,9.0,405.0,206.0,188.0,318.0,2.0,1.0,74.0,45.0,31.0,116.0,21.0,40.0,203.0,85.0,74.0,67.0,1.0,1.0,1.0,4.0,2.0,337.0,117.0,1.0,5.0,1.0,59.0,2.0,1.0,4.0,316.0,2.0,148.0,269.0,2.0,3.0,553.0,1.0,247.0,1.0,24.0,1.0,3.0,4.0,318.0,223.0,235.0,160.0,2.0,83.0,287.0,1.0,14.0,3.0,2.0,38.0,276.0,36.0,181.0,85.0,220.0,28.0,80.0,2.0,6.0,1.0,1.0,19.0,11.0,3.0,1.0,2.0,5.0,4.0,2.0,2.0,2.0,7.0,9.0,4.0,1.0,1.0,1.0,2.0,1.0,1.0,1.0,3.0,35.0,2.0,1.0,34.0,21.0,1.0,1.0,1.0,1.0,3.0,1.0,1.0,1.0,4.0,1.0,53.0,4.0,1.0,1.0,85.0,62.0,25.0,17.0,3.0,5.0,1.0,40.0,74.0,3.0,1.0,3.0,39.0,52.0,1.0,2.0,1.0,1.0,1.0,73.0,1.0,16.0,10.0,2.0,1.0,5.0,2.0,38.0,10.0,4.0,1.0,1.0,1.0,1.0,7.0,86.0,9.0,4.0,12.0,34.0,41.0,31.0,26.0,31.0,14.0,8.0,25.0,2.0,7.0,9.0,1.0,3.0,16.0,9.0,2.0,1.0,2.0,1.0,2.0,10.0,13.0,1.0,1.0,2.0,5.0,8.0,22.0,40.0,45.0,19.0,4.0,66.0,243.0,238.0,160.0,1.0,62.0,2.0,22.0,1.0,1.0,5.0,519.0,185.0,117.0,1.0,123.0,17.0,43.0,29.0,6.0,13.0,13.0,9.0,283.0,2.0,388.0,1.0,1.0,2.0,34.0,105.0,1.0,7.0,2.0,2.0,1.0,1.0,23.0,174.0,1.0,1.0,232.0,3.0,43.0,1.0,63.0,1.0,1.0,1.0,148.0,1.0,1.0,69.0,1.0,1.0,74.0,65.0,27.0,1.0,45.0,57.0,162.0,1.0,211.0,1.0,1.0,1.0,1.0,1.0,2.0,258.0,2.0,285.0,1.0,34.0,360.0,7.0,48.0,4.0,2.0,29.0,49.0,292.0,208.0,104.0,303.0,73.0,32.0,99.0,77.0,91.0,4.0,2.0,1.0,1.0,255.0,55.0,105.0,164.0,100.0,5.0,90.0,2.0,1.0,1.0,1.0,444.0,157.0,9.0,154.0,3.0,2.0,82.0,47.0,289.0,82.0,1.0,1.0,29.0,2.0,1.0,1.0,1.0,1.0,2.0,3.0,32.0,1.0,1.0,1.0,6.0,35.0,3.0,1.0,59.0,53.0,375.0,123.0,2.0,198.0,176.0,1.0,161.0,3.0,3.0,2.0,5.0,2.0,3.0,1.0,4.0,127.0,3.0,3.0,148.0,354.0,207.0,3.0,2.0,2.0,5.0,290.0,3.0,2.0,1.0,22.0,1.0,89.0,2.0,42.0,92.0,9.0,23.0,1.0,1.0,15.0,7.0,19.0,87.0,35.0,46.0,8.0,10.0,26.0,25.0,3.0,20.0,36.0,54.0,168.0,77.0,58.0,18.0,148.0,33.0,23.0,109.0,103.0,153.0,115.0,52.0,48.0,17.0,2.0,1.0,57.0,75.0,37.0,3.0,5.0,7.0,13.0,6.0,2.0,1.0,7.0,4.0,17.0,22.0,68.0,2.0,153.0,25.0,6.0
2023-10-09,2.0,1.0,2.0,5.0,1.0,73.0,22.0,13.0,1.0,7.0,1.0,1.0,1.0,1.0,1.0,1.0,1.0,2.0,2.0,3.0,1.0,1.0,2.0,1.0,1.0,2.0,1.0,1.0,28.0,1.0,32.0,39.0,1.0,14.0,30.0,5.0,38.0,1.0,17.0,2.0,1.0,1.0,1.0,1.0,1.0,14.0,1.0,2.0,1.0,1.0,1.0,1.0,3.0,1.0,5.0,4.0,1.0,3.0,1.0,1.0,1.0,1.0,12.0,3.0,1.0,4.0,2.0,1.0,3.0,1.0,3.0,4.0,1.0,2.0,1.0,1.0,3.0,1.0,1.0,5.0,1.0,102.0,35.0,1.0,5.0,2.0,1.0,2.0,19.0,3.0,1.0,1.0,435.0,1.0,1.0,1.0,3.0,2.0,3.0,4.0,1.0,3.0,3.0,1.0,2.0,8.0,3.0,99.0,1.0,3.0,2.0,1.0,1.0,1.0,2.0,2.0,1.0,2.0,5.0,1.0,1.0,13.0,17.0,2.0,1.0,4.0,1.0,9.0,6.0,1.0,4.0,3.0,1.0,1.0,1.0,2.0,12.0,1.0,3.0,3.0,17.0,1.0,1.0,1.0,3.0,2.0,1.0,2.0,1.0,1.0,24.0,1.0,1.0,11.0,40.0,1.0,1.0,2.0,1.0,5.0,2.0,73.0,1.0,1.0,1.0,1.0,119.0,1.0,1.0,1.0,1.0,47.0,2.0,1.0,1.0,1.0,1.0,1.0,1.0,1.0,3.0,9.0,60.0,1.0,1.0,1.0,1.0,1.0,1.0,94.0,2.0,9.0,1.0,4.0,4.0,3.0,1.0,6.0,405.0,206.0,1.0,1.0,7.0,6.0,1.0,1.0,1.0,1.0,1.0,1.0,203.0,1.0,1.0,1.0,1.0,1.0,1.0,1.0,1.0,150.0,1.0,11.0,14.0,1.0,1.0,6.0,1.0,1.0,316.0,1.0,35.0,6.0,4.0,1.0,553.0,1.0,1.0,2.0,6.0,3.0,1.0,1.0,5.0,1.0,2.0,70.0,1.0,1.0,2.0,1.0,6.0,1.0,33.0,65.0,83.0,1.0,1.0,13.0,139.0,12.0,31.0,1.0,3.0,2.0,1.0,1.0,4.0,1.0,1.0,3.0,1.0,1.0,3.0,2.0,2.0,1.0,19.0,1.0,1.0,2.0,1.0,5.0,6.0,2.0,1.0,3.0,1.0,3.0,1.0,2.0,3.0,1.0,11.0,1.0,3.0,1.0,1.0,2.0,24.0,4.0,5.0,1.0,180.0,65.0,4.0,4.0,62.0,12.0,6.0,8.0,10.0,47.0,182.0,8.0,14.0,37.0,138.0,1.0,2.0,1.0,3.0,2.0,1.0,1.0,1.0,1.0,1.0,4.0,1.0,1.0,1.0,2.0,1.0,2.0,1.0,1.0,3.0,18.0,1.0,1.0,2.0,8.0,2.0,1.0,12.0,2.0,17.0,6.0,3.0,7.0,11.0,12.0,3.0,3.0,8.0,1.0,12.0,6.0,16.0,4.0,13.0,1.0,1.0,2.0,4.0,4.0,1.0,14.0,1.0,3.0,3.0,8.0,6.0,1.0,3.0,10.0,2.0,5.0,121.0,2.0,99.0,90.0,2.0,347.0,90.0,1.0,1.0,519.0,19.0,1.0,71.0,7.0,2.0,2.0,20.0,1.0,7.0,5.0,2.0,80.0,1.0,62.0,1.0,1.0,5.0,1.0,17.0,1.0,188.0,1.0,1.0,1.0,1.0,22.0,1.0,1.0,1.0,12.0,1.0,17.0,1.0,1.0,1.0,1.0,1.0,2.0,1.0,1.0,47.0,18.0,5.0,2.0,1.0,1.0,1.0,114.0,1.0,1.0,1.0,1.0,1.0,1.0,1.0,11.0,1.0,2.0,1.0,1.0,43.0,2.0,1.0,568.0,1.0,8.0,1.0,17.0,1.0,1.0,16.0,1.0,2.0,1.0,1.0,2.0,1.0,1.0,264.0,1.0,2.0,1.0,3.0,1.0,2.0,1.0,1.0,1.0,1.0,1.0,1.0,1.0,1.0,1.0,2.0,1.0,2.0,5.0,1.0,5.0,1.0,1.0,11.0,1.0,1.0,1.0,1.0,1.0,1.0,1.0,1.0,14.0,1.0,1.0,1.0,1.0,1.0,1.0,1.0,1.0,3.0,29.0,1.0,1.0,1.0,6.0,1.0,347.0,1.0,2.0,1.0,6.0,119.0,1.0,1.0,1.0,2.0,26.0,1.0,2.0,46.0,1.0,1.0,3.0,1.0,235.0,12.0,2.0,1.0,457.0,1.0,26.0,131.0,1.0,2.0,1.0,1.0,2.0,1.0,2.0,4.0,1.0,1.0,1.0,1.0,1.0,55.0,32.0,2.0,1.0,6.0,2.0,34.0,7.0,1.0,2.0,1.0,434.0,4.0,2.0,4.0,1.0,8.0,3.0,1.0,4.0,4.0,2.0,16.0,2.0,2.0,48.0,5.0,76.0,45.0,78.0,8.0,2.0,29.0,16.0,36.0,3.0,5.0,22.0,78.0,16.0,45.0,36.0,48.0,67.0,1.0,1.0
2023-10-10,1.0,1.0,1.0,1.0,1.0,1.0,1.0,22.0,1.0,1.0,2.0,1.0,1.0,1.0,1.0,1.0,1.0,8.0,1.0,1.0,1.0,1.0,1.0,1.0,1.0,1.0,1.0,1.0,1.0,1.0,2.0,1.0,1.0,1.0,1.0,1.0,1.0,1.0,1.0,1.0,1.0,1.0,1.0,1.0,1.0,1.0,1.0,1.0,1.0,1.0,1.0,1.0,2.0,1.0,1.0,1.0,1.0,2.0,1.0,1.0,6.0,1.0,2.0,2.0,1.0,3.0,2.0,1.0,1.0,1.0,1.0,1.0,1.0,1.0,1.0,1.0,2.0,1.0,1.0,1.0,1.0,1.0,1.0,2.0,3.0,1.0,3.0,2.0,3.0,1.0,1.0,1.0,435.0,1.0,1.0,2.0,1.0,2.0,1.0,2.0,1.0,1.0,1.0,2.0,1.0,2.0,2.0,99.0,3.0,1.0,2.0,1.0,1.0,1.0,1.0,1.0,1.0,1.0,2.0,1.0,1.0,1.0,1.0,1.0,1.0,1.0,1.0,1.0,2.0,1.0,1.0,1.0,2.0,1.0,1.0,1.0,2.0,1.0,1.0,1.0,1.0,1.0,2.0,2.0,1.0,1.0,1.0,1.0,1.0,1.0,1.0,1.0,1.0,1.0,1.0,1.0,1.0,1.0,1.0,1.0,3.0,1.0,1.0,1.0,1.0,1.0,1.0,1.0,1.0,1.0,1.0,246.0,1.0,1.0,1.0,1.0,1.0,2.0,1.0,1.0,1.0,1.0,1.0,2.0,1.0,1.0,1.0,1.0,1.0,1.0,1.0,2.0,2.0,1.0,1.0,2.0,1.0,1.0,405.0,206.0,1.0,2.0,1.0,1.0,1.0,1.0,1.0,1.0,1.0,1.0,203.0,1.0,1.0,1.0,1.0,1.0,1.0,1.0,1.0,1.0,1.0,1.0,1.0,1.0,1.0,4.0,1.0,1.0,316.0,2.0,1.0,1.0,1.0,3.0,553.0,1.0,1.0,2.0,1.0,1.0,1.0,1.0,1.0,1.0,3.0,1.0,1.0,3.0,1.0,1.0,1.0,1.0,1.0,1.0,1.0,1.0,1.0,2.0,1.0,1.0,1.0,1.0,2.0,5.0,1.0,2.0,1.0,1.0,1.0,3.0,4.0,5.0,2.0,1.0,5.0,3.0,4.0,2.0,2.0,1.0,2.0,1.0,2.0,1.0,1.0,1.0,2.0,1.0,4.0,2.0,2.0,1.0,5.0,1.0,1.0,3.0,1.0,1.0,4.0,1.0,1.0,2.0,3.0,2.0,1.0,5.0,61.0,1.0,1.0,1.0,2.0,1.0,2.0,2.0,1.0,2.0,2.0,1.0,1.0,1.0,1.0,1.0,1.0,1.0,1.0,1.0,1.0,1.0,1.0,1.0,1.0,1.0,2.0,2.0,2.0,1.0,1.0,1.0,1.0,1.0,1.0,1.0,1.0,1.0,3.0,1.0,3.0,2.0,3.0,4.0,1.0,2.0,2.0,1.0,1.0,1.0,1.0,4.0,3.0,5.0,5.0,1.0,3.0,2.0,2.0,1.0,1.0,3.0,1.0,2.0,3.0,1.0,3.0,4.0,5.0,1.0,1.0,1.0,1.0,101.0,1.0,1.0,1.0,1.0,1.0,1.0,1.0,519.0,1.0,1.0,1.0,1.0,2.0,2.0,3.0,1.0,1.0,2.0,1.0,1.0,2.0,1.0,1.0,1.0,1.0,2.0,1.0,1.0,160.0,1.0,1.0,1.0,2.0,1.0,1.0,1.0,1.0,2.0,1.0,1.0,1.0,1.0,1.0,1.0,1.0,2.0,1.0,1.0,1.0,1.0,3.0,1.0,2.0,2.0,146.0,1.0,1.0,1.0,1.0,1.0,1.0,1.0,1.0,8.0,1.0,1.0,1.0,1.0,3.0,2.0,2.0,1.0,1.0,1.0,1.0,1.0,2.0,1.0,4.0,1.0,2.0,4.0,1.0,1.0,5.0,1.0,1.0,1.0,2.0,1.0,2.0,1.0,1.0,1.0,2.0,1.0,1.0,1.0,2.0,1.0,1.0,1.0,1.0,2.0,1.0,1.0,1.0,2.0,1.0,1.0,1.0,1.0,1.0,1.0,1.0,1.0,1.0,1.0,1.0,1.0,2.0,1.0,1.0,1.0,1.0,1.0,1.0,1.0,1.0,2.0,2.0,1.0,1.0,1.0,1.0,1.0,1.0,1.0,3.0,1.0,2.0,1.0,1.0,2.0,1.0,1.0,1.0,1.0,1.0,1.0,1.0,1.0,1.0,3.0,1.0,1.0,1.0,1.0,1.0,1.0,1.0,1.0,1.0,1.0,1.0,1.0,1.0,1.0,1.0,1.0,1.0,1.0,1.0,1.0,1.0,1.0,1.0,1.0,2.0,3.0,2.0,1.0,1.0,2.0,1.0,1.0,1.0,2.0,2.0,1.0,1.0,1.0,2.0,1.0,1.0,1.0,1.0,1.0,1.0,2.0,1.0,1.0,1.0,1.0,5.0,6.0,3.0,1.0,2.0,1.0,2.0,1.0,4.0,1.0,1.0,1.0,1.0,1.0,1.0,1.0
2023-10-11,1.0,1.0,1.0,1.0,1.0,1.0,1.0,5.0,1.0,1.0,1.0,2.0,1.0,1.0,1.0,1.0,1.0,2.0,1.0,1.0,1.0,1.0,1.0,1.0,1.0,1.0,1.0,1.0,1.0,1.0,2.0,1.0,1.0,1.0,1.0,1.0,1.0,1.0,1.0,1.0,1.0,1.0,1.0,1.0,1.0,1.0,1.0,1.0,1.0,1.0,1.0,1.0,1.0,1.0,1.0,1.0,1.0,1.0,1.0,1.0,1.0,1.0,1.0,1.0,1.0,1.0,2.0,1.0,1.0,1.0,1.0,1.0,1.0,1.0,1.0,1.0,2.0,1.0,1.0,1.0,1.0,1.0,1.0,1.0,1.0,1.0,1.0,1.0,1.0,3.0,1.0,233.0,435.0,1.0,1.0,1.0,1.0,2.0,4.0,1.0,1.0,1.0,1.0,1.0,2.0,3.0,2.0,99.0,2.0,3.0,1.0,1.0,1.0,1.0,1.0,1.0,1.0,1.0,2.0,1.0,1.0,1.0,1.0,1.0,1.0,1.0,1.0,1.0,1.0,1.0,1.0,1.0,1.0,1.0,1.0,1.0,2.0,1.0,1.0,1.0,1.0,1.0,1.0,2.0,1.0,1.0,1.0,1.0,1.0,1.0,1.0,1.0,1.0,1.0,2.0,1.0,1.0,1.0,1.0,2.0,1.0,2.0,1.0,1.0,1.0,1.0,1.0,1.0,1.0,1.0,1.0,202.0,1.0,1.0,1.0,1.0,1.0,2.0,1.0,1.0,1.0,1.0,1.0,1.0,1.0,1.0,1.0,1.0,1.0,1.0,1.0,1.0,1.0,1.0,1.0,2.0,1.0,1.0,405.0,206.0,1.0,2.0,1.0,1.0,1.0,1.0,1.0,1.0,1.0,1.0,203.0,1.0,1.0,1.0,1.0,1.0,1.0,1.0,1.0,1.0,1.0,2.0,5.0,1.0,1.0,1.0,1.0,1.0,316.0,1.0,1.0,1.0,1.0,3.0,553.0,1.0,1.0,1.0,1.0,1.0,1.0,1.0,1.0,1.0,1.0,1.0,1.0,1.0,1.0,1.0,1.0,1.0,1.0,1.0,1.0,1.0,1.0,1.0,1.0,1.0,1.0,1.0,1.0,1.0,2.0,1.0,1.0,1.0,1.0,3.0,2.0,1.0,1.0,1.0,5.0,3.0,4.0,1.0,1.0,1.0,1.0,1.0,1.0,1.0,1.0,1.0,1.0,1.0,2.0,4.0,2.0,1.0,1.0,2.0,1.0,4.0,1.0,1.0,1.0,2.0,1.0,1.0,1.0,1.0,2.0,2.0,63.0,1.0,1.0,1.0,2.0,1.0,1.0,2.0,1.0,1.0,1.0,1.0,1.0,1.0,2.0,1.0,1.0,1.0,1.0,1.0,1.0,1.0,1.0,1.0,1.0,2.0,1.0,1.0,2.0,2.0,1.0,1.0,1.0,1.0,2.0,1.0,1.0,1.0,1.0,4.0,7.0,1.0,1.0,3.0,2.0,1.0,2.0,1.0,5.0,1.0,2.0,1.0,1.0,1.0,2.0,1.0,2.0,4.0,3.0,3.0,1.0,2.0,1.0,2.0,1.0,1.0,3.0,2.0,4.0,1.0,1.0,1.0,1.0,1.0,1.0,1.0,1.0,1.0,1.0,1.0,1.0,519.0,1.0,1.0,1.0,1.0,1.0,1.0,3.0,1.0,1.0,2.0,1.0,124.0,1.0,1.0,1.0,1.0,2.0,1.0,1.0,1.0,170.0,1.0,1.0,1.0,1.0,1.0,1.0,1.0,1.0,1.0,1.0,1.0,2.0,1.0,1.0,1.0,3.0,1.0,2.0,1.0,1.0,1.0,1.0,5.0,3.0,3.0,385.0,1.0,1.0,1.0,1.0,1.0,1.0,1.0,1.0,2.0,1.0,1.0,1.0,1.0,1.0,2.0,1.0,1.0,1.0,1.0,1.0,1.0,1.0,1.0,2.0,1.0,2.0,2.0,1.0,1.0,1.0,1.0,1.0,1.0,1.0,2.0,2.0,1.0,1.0,1.0,1.0,1.0,1.0,1.0,2.0,1.0,1.0,2.0,1.0,1.0,1.0,1.0,1.0,1.0,1.0,1.0,1.0,1.0,2.0,1.0,1.0,1.0,1.0,1.0,1.0,1.0,1.0,1.0,1.0,1.0,1.0,1.0,1.0,1.0,1.0,3.0,1.0,1.0,1.0,1.0,1.0,1.0,1.0,1.0,1.0,1.0,1.0,1.0,1.0,3.0,1.0,1.0,1.0,1.0,1.0,3.0,1.0,1.0,1.0,1.0,1.0,2.0,1.0,1.0,1.0,1.0,1.0,1.0,1.0,1.0,1.0,1.0,1.0,1.0,1.0,1.0,1.0,1.0,1.0,1.0,1.0,3.0,1.0,1.0,3.0,1.0,1.0,2.0,1.0,1.0,1.0,1.0,1.0,2.0,2.0,1.0,1.0,1.0,2.0,1.0,1.0,1.0,1.0,1.0,1.0,2.0,1.0,1.0,1.0,8.0,5.0,8.0,6.0,7.0,5.0,4.0,2.0,1.0,3.0,1.0,1.0,1.0,1.0,1.0,1.0,1.0
2023-10-12,138.0,98.0,8.0,2.0,1.0,49.0,16.0,40.0,23.0,70.0,28.0,21.0,337.0,135.0,332.0,48.0,269.0,245.0,208.0,129.0,9.0,10.0,24.0,26.0,206.0,174.0,207.0,210.0,97.0,188.0,70.0,76.0,86.0,195.0,14.0,21.0,13.0,13.0,77.0,179.0,102.0,57.0,106.0,287.0,176.0,137.0,203.0,56.0,18.0,117.0,45.0,246.0,239.0,269.0,265.0,16.0,9.0,3.0,67.0,31.0,34.0,23.0,9.0,57.0,59.0,3.0,5.0,25.0,9.0,20.0,108.0,62.0,241.0,270.0,332.0,283.0,27.0,43.0,72.0,28.0,5.0,11.0,1.0,15.0,10.0,26.0,17.0,34.0,45.0,43.0,94.0,42.0,435.0,65.0,47.0,367.0,155.0,283.0,275.0,281.0,316.0,201.0,243.0,179.0,228.0,110.0,148.0,99.0,72.0,87.0,26.0,12.0,85.0,10.0,15.0,20.0,29.0,68.0,43.0,47.0,8.0,3.0,31.0,28.0,16.0,207.0,139.0,482.0,279.0,178.0,329.0,120.0,268.0,363.0,89.0,162.0,225.0,181.0,5.0,5.0,4.0,6.0,12.0,29.0,33.0,2.0,10.0,41.0,5.0,6.0,13.0,60.0,179.0,70.0,50.0,53.0,104.0,196.0,122.0,118.0,336.0,361.0,425.0,461.0,452.0,537.0,408.0,105.0,309.0,164.0,293.0,398.0,255.0,248.0,172.0,270.0,228.0,3.0,4.0,36.0,39.0,15.0,12.0,47.0,18.0,196.0,27.0,193.0,178.0,126.0,133.0,181.0,272.0,193.0,14.0,6.0,4.0,36.0,16.0,28.0,49.0,190.0,38.0,44.0,1.0,5.0,1.0,99.0,39.0,134.0,203.0,95.0,7.0,35.0,12.0,16.0,2.0,11.0,31.0,6.0,14.0,33.0,42.0,18.0,49.0,25.0,65.0,50.0,316.0,67.0,28.0,33.0,58.0,33.0,553.0,40.0,73.0,106.0,47.0,85.0,95.0,21.0,41.0,71.0,5.0,31.0,39.0,44.0,88.0,198.0,139.0,102.0,130.0,111.0,229.0,114.0,58.0,156.0,151.0,55.0,92.0,1.0,2.0,3.0,6.0,3.0,11.0,7.0,16.0,33.0,40.0,39.0,4.0,1.0,11.0,8.0,7.0,7.0,32.0,9.0,2.0,1.0,2.0,21.0,23.0,20.0,14.0,21.0,36.0,27.0,4.0,6.0,5.0,2.0,7.0,2.0,84.0,25.0,71.0,123.0,101.0,174.0,230.0,285.0,326.0,8.0,58.0,2.0,2.0,14.0,18.0,13.0,10.0,43.0,34.0,12.0,25.0,33.0,90.0,74.0,73.0,92.0,193.0,24.0,6.0,8.0,4.0,24.0,8.0,6.0,73.0,29.0,36.0,8.0,1.0,75.0,67.0,83.0,200.0,76.0,38.0,49.0,136.0,3.0,4.0,2.0,15.0,3.0,13.0,3.0,2.0,11.0,9.0,17.0,3.0,2.0,6.0,10.0,13.0,12.0,12.0,27.0,51.0,33.0,25.0,19.0,4.0,27.0,7.0,11.0,25.0,5.0,4.0,13.0,19.0,20.0,1.0,1.0,1.0,1.0,1.0,2.0,1.0,1.0,1.0,1.0,1.0,519.0,1.0,1.0,1.0,1.0,1.0,1.0,1.0,1.0,1.0,1.0,1.0,1.0,1.0,1.0,1.0,1.0,1.0,2.0,1.0,1.0,172.0,1.0,1.0,1.0,1.0,1.0,1.0,1.0,1.0,1.0,1.0,1.0,1.0,1.0,1.0,1.0,48.0,1.0,1.0,1.0,1.0,1.0,1.0,3.0,1.0,1.0,1.0,1.0,1.0,1.0,1.0,1.0,1.0,1.0,1.0,2.0,1.0,1.0,1.0,1.0,1.0,2.0,1.0,1.0,1.0,1.0,1.0,1.0,1.0,1.0,2.0,1.0,2.0,1.0,2.0,2.0,1.0,1.0,1.0,1.0,1.0,1.0,3.0,1.0,2.0,1.0,1.0,1.0,1.0,1.0,2.0,1.0,1.0,1.0,1.0,1.0,1.0,2.0,1.0,1.0,1.0,1.0,1.0,3.0,3.0,1.0,1.0,1.0,1.0,1.0,1.0,1.0,1.0,2.0,1.0,1.0,1.0,1.0,1.0,1.0,2.0,1.0,1.0,1.0,1.0,1.0,1.0,1.0,1.0,1.0,1.0,2.0,1.0,1.0,1.0,1.0,1.0,3.0,1.0,2.0,1.0,4.0,1.0,1.0,1.0,1.0,1.0,1.0,1.0,1.0,1.0,1.0,1.0,1.0,1.0,1.0,1.0,1.0,1.0,1.0,1.0,1.0,1.0,1.0,1.0,1.0,1.0,1.0,2.0,1.0,2.0,1.0,1.0,1.0,1.0,1.0,1.0,1.0,1.0,1.0,1.0,1.0,2.0,1.0,1.0,1.0,1.0,383.0,1.0,1.0,1.0,1.0,1.0,1.0,1.0,2.0,2.0,7.0,6.0,2.0,5.0,4.0,3.0,1.0,2.0,1.0,1.0,1.0,1.0,1.0,1.0,1.0
2023-10-13,1.0,1.0,1.0,1.0,1.0,1.0,2.0,20.0,1.0,1.0,1.0,1.0,1.0,3.0,1.0,1.0,1.0,22.0,1.0,6.0,1.0,2.0,1.0,1.0,1.0,1.0,1.0,1.0,1.0,1.0,2.0,2.0,1.0,1.0,1.0,1.0,1.0,8.0,1.0,3.0,1.0,2.0,1.0,1.0,1.0,1.0,1.0,1.0,1.0,1.0,1.0,1.0,2.0,1.0,1.0,1.0,1.0,2.0,1.0,1.0,2.0,1.0,1.0,1.0,1.0,1.0,2.0,1.0,1.0,1.0,1.0,1.0,1.0,3.0,3.0,1.0,2.0,1.0,1.0,1.0,1.0,1.0,1.0,1.0,1.0,2.0,1.0,1.0,1.0,2.0,2.0,1.0,435.0,1.0,1.0,1.0,1.0,2.0,1.0,4.0,1.0,1.0,1.0,1.0,1.0,3.0,2.0,99.0,3.0,1.0,1.0,2.0,1.0,1.0,1.0,1.0,1.0,4.0,1.0,1.0,1.0,1.0,1.0,1.0,1.0,1.0,1.0,1.0,6.0,1.0,1.0,1.0,1.0,1.0,1.0,1.0,2.0,1.0,1.0,1.0,1.0,1.0,1.0,2.0,1.0,1.0,1.0,1.0,1.0,1.0,1.0,1.0,1.0,1.0,1.0,1.0,1.0,1.0,1.0,2.0,1.0,2.0,1.0,1.0,1.0,1.0,1.0,1.0,1.0,1.0,1.0,231.0,1.0,1.0,1.0,1.0,1.0,5.0,1.0,1.0,10.0,1.0,1.0,5.0,1.0,1.0,2.0,5.0,12.0,1.0,1.0,1.0,2.0,1.0,1.0,1.0,1.0,1.0,1.0,1.0,2.0,2.0,1.0,1.0,1.0,1.0,1.0,1.0,1.0,1.0,203.0,1.0,1.0,1.0,1.0,1.0,1.0,1.0,1.0,1.0,1.0,1.0,1.0,3.0,1.0,1.0,1.0,1.0,316.0,1.0,1.0,1.0,1.0,2.0,553.0,1.0,9.0,1.0,1.0,1.0,1.0,1.0,1.0,1.0,1.0,2.0,1.0,1.0,2.0,1.0,1.0,1.0,5.0,2.0,1.0,1.0,1.0,1.0,1.0,2.0,1.0,1.0,1.0,2.0,1.0,1.0,1.0,1.0,1.0,1.0,4.0,3.0,1.0,1.0,1.0,3.0,2.0,1.0,1.0,1.0,1.0,1.0,1.0,1.0,1.0,1.0,3.0,1.0,2.0,4.0,1.0,3.0,1.0,2.0,1.0,2.0,1.0,1.0,4.0,1.0,1.0,1.0,1.0,2.0,3.0,2.0,67.0,1.0,1.0,1.0,2.0,1.0,1.0,4.0,4.0,1.0,1.0,1.0,1.0,1.0,1.0,1.0,1.0,1.0,4.0,1.0,1.0,1.0,1.0,1.0,1.0,1.0,2.0,1.0,2.0,1.0,3.0,2.0,1.0,1.0,2.0,1.0,1.0,1.0,2.0,4.0,33.0,2.0,1.0,3.0,1.0,1.0,2.0,1.0,1.0,1.0,1.0,1.0,2.0,1.0,1.0,3.0,1.0,2.0,2.0,2.0,1.0,1.0,1.0,1.0,2.0,1.0,2.0,1.0,3.0,1.0,1.0,1.0,1.0,1.0,2.0,1.0,1.0,2.0,1.0,1.0,1.0,519.0,1.0,1.0,1.0,1.0,2.0,1.0,1.0,1.0,1.0,1.0,1.0,178.0,1.0,1.0,1.0,1.0,1.0,2.0,1.0,1.0,166.0,1.0,1.0,1.0,1.0,1.0,1.0,1.0,1.0,1.0,1.0,1.0,1.0,1.0,1.0,1.0,588.0,2.0,1.0,2.0,1.0,2.0,1.0,2.0,1.0,2.0,1.0,1.0,1.0,1.0,2.0,1.0,1.0,1.0,2.0,1.0,1.0,1.0,1.0,1.0,1.0,1.0,2.0,1.0,1.0,1.0,1.0,1.0,2.0,1.0,3.0,1.0,3.0,1.0,2.0,3.0,1.0,1.0,1.0,1.0,1.0,2.0,3.0,1.0,1.0,1.0,1.0,1.0,1.0,2.0,2.0,1.0,1.0,1.0,1.0,1.0,1.0,2.0,1.0,2.0,1.0,1.0,1.0,2.0,1.0,1.0,1.0,1.0,1.0,1.0,1.0,1.0,1.0,1.0,1.0,1.0,1.0,1.0,1.0,1.0,2.0,1.0,1.0,1.0,1.0,1.0,2.0,1.0,1.0,1.0,1.0,1.0,3.0,1.0,2.0,1.0,1.0,1.0,1.0,1.0,1.0,1.0,1.0,1.0,1.0,9.0,1.0,3.0,2.0,1.0,1.0,1.0,1.0,1.0,1.0,1.0,1.0,1.0,1.0,1.0,1.0,1.0,1.0,1.0,1.0,1.0,1.0,1.0,1.0,1.0,2.0,1.0,2.0,4.0,1.0,1.0,1.0,1.0,1.0,1.0,1.0,1.0,1.0,1.0,1.0,2.0,1.0,206.0,1.0,1.0,4.0,1.0,1.0,1.0,1.0,1.0,2.0,6.0,7.0,4.0,2.0,2.0,3.0,1.0,1.0,1.0,1.0,1.0,1.0,1.0,1.0,1.0
2023-10-14,2.0,1.0,1.0,1.0,1.0,1.0,1.0,9.0,1.0,1.0,1.0,1.0,1.0,1.0,1.0,1.0,1.0,1.0,1.0,1.0,1.0,6.0,1.0,3.0,1.0,1.0,1.0,1.0,1.0,1.0,1.0,1.0,1.0,3.0,3.0,1.0,2.0,1.0,1.0,1.0,1.0,1.0,1.0,1.0,2.0,3.0,1.0,1.0,1.0,1.0,1.0,1.0,3.0,1.0,1.0,1.0,1.0,2.0,2.0,1.0,1.0,1.0,1.0,1.0,1.0,1.0,2.0,1.0,1.0,3.0,1.0,1.0,1.0,1.0,1.0,1.0,3.0,3.0,1.0,1.0,1.0,1.0,2.0,2.0,3.0,1.0,1.0,1.0,1.0,3.0,2.0,8.0,435.0,1.0,1.0,1.0,1.0,2.0,4.0,1.0,3.0,2.0,1.0,1.0,2.0,3.0,1.0,99.0,1.0,1.0,1.0,1.0,1.0,1.0,2.0,1.0,2.0,1.0,3.0,1.0,1.0,1.0,2.0,1.0,1.0,1.0,2.0,1.0,1.0,3.0,2.0,1.0,2.0,1.0,2.0,1.0,2.0,1.0,1.0,1.0,1.0,1.0,2.0,1.0,2.0,1.0,1.0,1.0,1.0,1.0,1.0,1.0,1.0,1.0,2.0,8.0,1.0,1.0,1.0,2.0,1.0,1.0,1.0,1.0,1.0,1.0,1.0,1.0,1.0,1.0,1.0,203.0,1.0,1.0,1.0,1.0,1.0,1.0,1.0,1.0,1.0,1.0,1.0,2.0,1.0,1.0,2.0,1.0,1.0,1.0,2.0,1.0,1.0,1.0,1.0,1.0,2.0,1.0,1.0,2.0,1.0,1.0,1.0,2.0,1.0,1.0,1.0,1.0,1.0,1.0,203.0,1.0,1.0,1.0,1.0,1.0,3.0,1.0,3.0,1.0,1.0,1.0,1.0,3.0,1.0,1.0,1.0,1.0,316.0,1.0,1.0,1.0,1.0,1.0,553.0,1.0,2.0,1.0,3.0,1.0,2.0,1.0,1.0,1.0,1.0,1.0,1.0,1.0,1.0,1.0,1.0,1.0,1.0,1.0,1.0,1.0,1.0,1.0,2.0,1.0,1.0,1.0,1.0,1.0,1.0,1.0,1.0,2.0,1.0,1.0,4.0,3.0,3.0,3.0,1.0,4.0,3.0,4.0,2.0,1.0,1.0,1.0,1.0,1.0,1.0,1.0,1.0,1.0,2.0,4.0,1.0,1.0,4.0,1.0,1.0,1.0,1.0,1.0,5.0,3.0,1.0,1.0,2.0,1.0,4.0,2.0,63.0,1.0,1.0,1.0,1.0,4.0,1.0,2.0,1.0,1.0,2.0,11.0,1.0,1.0,1.0,1.0,1.0,1.0,1.0,1.0,1.0,3.0,1.0,3.0,1.0,2.0,2.0,1.0,2.0,1.0,3.0,1.0,1.0,1.0,1.0,1.0,1.0,1.0,6.0,8.0,24.0,2.0,3.0,3.0,2.0,1.0,2.0,1.0,2.0,1.0,2.0,2.0,4.0,1.0,1.0,1.0,1.0,1.0,1.0,2.0,1.0,1.0,1.0,1.0,1.0,2.0,4.0,1.0,3.0,1.0,1.0,1.0,1.0,1.0,1.0,3.0,1.0,3.0,1.0,1.0,1.0,519.0,1.0,1.0,1.0,1.0,4.0,1.0,1.0,1.0,1.0,2.0,1.0,1.0,1.0,1.0,1.0,1.0,4.0,2.0,2.0,1.0,135.0,1.0,2.0,1.0,1.0,1.0,1.0,1.0,1.0,1.0,1.0,1.0,1.0,1.0,2.0,1.0,123.0,1.0,1.0,1.0,1.0,1.0,1.0,6.0,1.0,2.0,1.0,1.0,1.0,1.0,1.0,1.0,1.0,1.0,1.0,4.0,2.0,1.0,1.0,2.0,1.0,1.0,2.0,1.0,1.0,1.0,1.0,1.0,1.0,1.0,1.0,1.0,1.0,1.0,1.0,2.0,1.0,1.0,1.0,1.0,3.0,2.0,1.0,1.0,1.0,1.0,1.0,1.0,2.0,1.0,1.0,1.0,1.0,1.0,1.0,1.0,1.0,2.0,2.0,1.0,1.0,1.0,1.0,1.0,1.0,1.0,1.0,3.0,1.0,1.0,1.0,1.0,1.0,2.0,1.0,1.0,1.0,1.0,1.0,1.0,4.0,1.0,1.0,1.0,1.0,1.0,1.0,1.0,1.0,1.0,3.0,1.0,1.0,1.0,1.0,2.0,2.0,2.0,2.0,1.0,2.0,3.0,1.0,1.0,1.0,1.0,1.0,2.0,3.0,1.0,1.0,1.0,1.0,1.0,2.0,1.0,2.0,1.0,1.0,1.0,1.0,1.0,1.0,1.0,1.0,1.0,1.0,1.0,2.0,1.0,2.0,1.0,3.0,4.0,1.0,1.0,38.0,2.0,1.0,2.0,2.0,1.0,1.0,1.0,1.0,1.0,1.0,488.0,4.0,2.0,36.0,1.0,5.0,3.0,2.0,45.0,3.0,3.0,8.0,9.0,7.0,2.0,1.0,1.0,3.0,3.0,1.0,1.0,1.0,1.0,14.0,1.0
2023-10-15,1.0,1.0,1.0,2.0,1.0,1.0,2.0,1.0,1.0,1.0,1.0,2.0,1.0,1.0,1.0,2.0,2.0,2.0,2.0,3.0,1.0,2.0,2.0,1.0,1.0,2.0,2.0,1.0,4.0,1.0,4.0,1.0,1.0,1.0,7.0,1.0,1.0,1.0,1.0,1.0,1.0,1.0,1.0,1.0,1.0,1.0,1.0,1.0,1.0,1.0,1.0,2.0,1.0,1.0,1.0,2.0,2.0,1.0,1.0,1.0,1.0,3.0,1.0,1.0,1.0,1.0,2.0,1.0,1.0,1.0,1.0,1.0,1.0,1.0,2.0,1.0,2.0,1.0,1.0,2.0,1.0,2.0,1.0,2.0,3.0,1.0,2.0,1.0,1.0,2.0,2.0,1.0,435.0,1.0,1.0,1.0,1.0,2.0,4.0,1.0,1.0,2.0,1.0,2.0,1.0,3.0,4.0,99.0,3.0,2.0,1.0,1.0,1.0,1.0,1.0,4.0,2.0,1.0,2.0,1.0,1.0,1.0,1.0,1.0,1.0,1.0,2.0,1.0,2.0,1.0,1.0,1.0,2.0,1.0,2.0,1.0,1.0,1.0,2.0,1.0,1.0,1.0,2.0,1.0,1.0,1.0,1.0,1.0,1.0,1.0,1.0,1.0,1.0,1.0,1.0,1.0,4.0,2.0,1.0,3.0,2.0,2.0,2.0,2.0,1.0,1.0,6.0,1.0,1.0,1.0,1.0,129.0,1.0,3.0,1.0,1.0,1.0,1.0,1.0,1.0,1.0,1.0,1.0,1.0,1.0,1.0,1.0,1.0,1.0,1.0,1.0,3.0,1.0,1.0,1.0,2.0,1.0,1.0,1.0,1.0,1.0,3.0,1.0,2.0,1.0,1.0,1.0,1.0,1.0,2.0,203.0,2.0,1.0,1.0,1.0,1.0,1.0,1.0,1.0,1.0,1.0,3.0,1.0,2.0,2.0,2.0,1.0,1.0,316.0,1.0,1.0,1.0,1.0,1.0,553.0,2.0,2.0,2.0,1.0,1.0,1.0,1.0,1.0,1.0,1.0,1.0,1.0,1.0,1.0,1.0,2.0,1.0,1.0,2.0,1.0,1.0,1.0,2.0,1.0,1.0,2.0,1.0,1.0,1.0,1.0,1.0,1.0,5.0,1.0,3.0,1.0,1.0,1.0,1.0,3.0,1.0,4.0,1.0,1.0,1.0,1.0,1.0,1.0,2.0,1.0,3.0,1.0,2.0,2.0,4.0,1.0,3.0,2.0,1.0,1.0,4.0,1.0,1.0,2.0,1.0,2.0,1.0,2.0,1.0,2.0,2.0,65.0,8.0,1.0,1.0,2.0,1.0,1.0,2.0,1.0,2.0,1.0,2.0,1.0,1.0,1.0,1.0,1.0,1.0,3.0,1.0,1.0,1.0,1.0,1.0,1.0,3.0,2.0,1.0,2.0,2.0,2.0,1.0,1.0,1.0,1.0,1.0,2.0,1.0,5.0,3.0,5.0,1.0,3.0,7.0,4.0,1.0,1.0,2.0,2.0,1.0,5.0,4.0,3.0,2.0,2.0,1.0,1.0,1.0,1.0,2.0,1.0,1.0,1.0,1.0,2.0,2.0,6.0,1.0,4.0,6.0,1.0,1.0,1.0,219.0,1.0,1.0,1.0,2.0,1.0,1.0,1.0,519.0,1.0,1.0,1.0,1.0,1.0,1.0,3.0,1.0,1.0,5.0,1.0,1.0,1.0,1.0,1.0,1.0,2.0,1.0,1.0,1.0,136.0,1.0,1.0,1.0,1.0,1.0,1.0,1.0,1.0,1.0,2.0,1.0,2.0,1.0,4.0,1.0,1.0,2.0,1.0,2.0,1.0,1.0,2.0,2.0,1.0,4.0,2.0,1.0,2.0,1.0,1.0,1.0,1.0,1.0,1.0,3.0,1.0,1.0,1.0,3.0,3.0,2.0,1.0,1.0,1.0,1.0,2.0,1.0,2.0,1.0,2.0,2.0,2.0,2.0,1.0,2.0,1.0,1.0,13.0,1.0,95.0,1.0,4.0,1.0,2.0,1.0,1.0,1.0,1.0,2.0,1.0,1.0,1.0,3.0,1.0,4.0,2.0,1.0,1.0,1.0,2.0,3.0,1.0,2.0,2.0,1.0,1.0,1.0,1.0,1.0,1.0,1.0,2.0,1.0,1.0,1.0,1.0,1.0,1.0,1.0,2.0,2.0,2.0,1.0,1.0,1.0,1.0,1.0,1.0,1.0,3.0,2.0,2.0,1.0,3.0,2.0,5.0,2.0,2.0,1.0,2.0,2.0,1.0,1.0,1.0,1.0,1.0,3.0,10.0,6.0,1.0,1.0,1.0,1.0,1.0,1.0,2.0,1.0,1.0,8.0,1.0,1.0,1.0,3.0,1.0,1.0,1.0,1.0,2.0,1.0,3.0,1.0,2.0,3.0,1.0,2.0,1.0,1.0,1.0,1.0,1.0,2.0,1.0,1.0,2.0,1.0,1.0,231.0,1.0,1.0,30.0,10.0,4.0,45.0,36.0,63.0,3.0,4.0,10.0,12.0,5.0,2.0,1.0,4.0,5.0,17.0,15.0,15.0,1.0,1.0,75.0,7.0
2023-10-16,1.0,1.0,1.0,1.0,1.0,2.0,1.0,20.0,1.0,1.0,1.0,2.0,1.0,1.0,1.0,1.0,1.0,2.0,1.0,1.0,2.0,2.0,6.0,1.0,1.0,1.0,1.0,1.0,1.0,1.0,1.0,1.0,3.0,2.0,1.0,1.0,1.0,1.0,1.0,1.0,1.0,1.0,1.0,1.0,1.0,2.0,1.0,1.0,1.0,1.0,1.0,1.0,1.0,1.0,1.0,1.0,1.0,1.0,1.0,1.0,2.0,1.0,2.0,1.0,1.0,1.0,2.0,1.0,1.0,1.0,1.0,1.0,1.0,1.0,6.0,2.0,1.0,2.0,1.0,1.0,1.0,1.0,1.0,2.0,1.0,1.0,1.0,1.0,4.0,34.0,5.0,1.0,435.0,17.0,1.0,1.0,1.0,2.0,1.0,3.0,4.0,1.0,1.0,4.0,2.0,1.0,2.0,99.0,1.0,2.0,5.0,1.0,1.0,1.0,1.0,1.0,2.0,1.0,3.0,1.0,1.0,1.0,11.0,1.0,1.0,1.0,2.0,1.0,1.0,1.0,1.0,1.0,2.0,1.0,1.0,2.0,2.0,1.0,1.0,1.0,1.0,3.0,1.0,3.0,7.0,1.0,1.0,1.0,1.0,1.0,1.0,1.0,1.0,1.0,2.0,1.0,1.0,1.0,1.0,1.0,1.0,2.0,1.0,1.0,1.0,1.0,2.0,1.0,1.0,1.0,1.0,169.0,1.0,1.0,1.0,1.0,1.0,1.0,1.0,1.0,1.0,1.0,1.0,1.0,2.0,65.0,1.0,1.0,1.0,1.0,2.0,1.0,1.0,1.0,1.0,2.0,1.0,1.0,1.0,2.0,8.0,10.0,1.0,2.0,262.0,1.0,1.0,1.0,1.0,1.0,203.0,1.0,1.0,1.0,1.0,1.0,1.0,2.0,1.0,1.0,2.0,1.0,1.0,1.0,2.0,1.0,2.0,5.0,316.0,1.0,1.0,1.0,3.0,1.0,553.0,1.0,1.0,1.0,1.0,1.0,1.0,1.0,1.0,1.0,1.0,1.0,1.0,1.0,1.0,4.0,1.0,1.0,1.0,1.0,1.0,1.0,2.0,1.0,2.0,1.0,1.0,1.0,1.0,1.0,2.0,2.0,1.0,5.0,1.0,2.0,1.0,1.0,1.0,1.0,5.0,3.0,3.0,2.0,2.0,1.0,1.0,1.0,1.0,2.0,1.0,1.0,5.0,2.0,1.0,6.0,1.0,1.0,2.0,1.0,5.0,1.0,1.0,1.0,2.0,5.0,1.0,1.0,3.0,5.0,1.0,4.0,66.0,1.0,1.0,2.0,1.0,1.0,4.0,2.0,1.0,1.0,1.0,1.0,1.0,1.0,1.0,2.0,1.0,18.0,7.0,66.0,1.0,1.0,1.0,1.0,1.0,1.0,1.0,1.0,1.0,3.0,1.0,1.0,1.0,1.0,2.0,2.0,1.0,1.0,6.0,1.0,2.0,2.0,2.0,1.0,1.0,4.0,1.0,2.0,2.0,1.0,1.0,3.0,3.0,2.0,1.0,1.0,3.0,3.0,1.0,2.0,1.0,4.0,2.0,1.0,1.0,1.0,2.0,2.0,4.0,4.0,1.0,1.0,1.0,90.0,1.0,15.0,1.0,1.0,1.0,1.0,1.0,519.0,1.0,1.0,1.0,1.0,1.0,1.0,1.0,1.0,1.0,2.0,1.0,112.0,1.0,1.0,1.0,1.0,2.0,3.0,1.0,1.0,139.0,1.0,1.0,1.0,3.0,1.0,1.0,1.0,1.0,1.0,2.0,1.0,1.0,1.0,1.0,1.0,1.0,2.0,2.0,1.0,1.0,1.0,1.0,1.0,1.0,5.0,4.0,1.0,1.0,1.0,1.0,1.0,1.0,1.0,1.0,2.0,1.0,1.0,1.0,1.0,1.0,2.0,1.0,1.0,1.0,1.0,1.0,1.0,1.0,2.0,1.0,1.0,4.0,1.0,1.0,2.0,1.0,1.0,1.0,1.0,2.0,2.0,3.0,1.0,1.0,1.0,1.0,1.0,1.0,1.0,2.0,1.0,1.0,2.0,1.0,1.0,1.0,3.0,1.0,1.0,1.0,1.0,1.0,1.0,1.0,1.0,1.0,1.0,1.0,1.0,1.0,1.0,1.0,1.0,1.0,1.0,1.0,1.0,1.0,1.0,2.0,1.0,1.0,1.0,1.0,1.0,1.0,1.0,1.0,1.0,1.0,1.0,1.0,1.0,1.0,3.0,2.0,1.0,1.0,2.0,2.0,1.0,6.0,1.0,1.0,1.0,1.0,2.0,2.0,1.0,1.0,1.0,1.0,1.0,1.0,1.0,1.0,1.0,1.0,1.0,1.0,1.0,1.0,1.0,1.0,1.0,1.0,2.0,1.0,1.0,3.0,1.0,2.0,2.0,1.0,2.0,1.0,1.0,1.0,1.0,2.0,2.0,1.0,2.0,1.0,1.0,1.0,28.0,1.0,1.0,1.0,1.0,1.0,1.0,1.0,5.0,1.0,1.0,3.0,1.0,1.0,2.0,1.0,1.0,4.0,1.0,1.0,1.0,1.0,1.0,1.0,1.0
2023-10-17,1.0,1.0,1.0,1.0,1.0,1.0,2.0,13.0,1.0,1.0,1.0,1.0,1.0,1.0,1.0,1.0,1.0,1.0,1.0,1.0,1.0,1.0,1.0,1.0,1.0,1.0,1.0,1.0,1.0,1.0,1.0,2.0,1.0,1.0,3.0,1.0,1.0,3.0,1.0,1.0,1.0,1.0,1.0,1.0,1.0,1.0,1.0,1.0,1.0,1.0,1.0,1.0,1.0,1.0,1.0,1.0,1.0,1.0,1.0,1.0,1.0,1.0,1.0,1.0,1.0,1.0,2.0,1.0,1.0,1.0,1.0,1.0,1.0,1.0,2.0,1.0,2.0,1.0,1.0,1.0,1.0,1.0,1.0,1.0,1.0,1.0,1.0,1.0,1.0,2.0,1.0,1.0,435.0,1.0,1.0,1.0,1.0,2.0,1.0,3.0,1.0,1.0,1.0,1.0,1.0,1.0,1.0,99.0,1.0,1.0,2.0,1.0,1.0,1.0,1.0,1.0,1.0,1.0,2.0,2.0,1.0,1.0,3.0,1.0,1.0,1.0,2.0,1.0,1.0,1.0,1.0,1.0,2.0,1.0,1.0,2.0,2.0,1.0,1.0,1.0,1.0,1.0,2.0,2.0,1.0,1.0,1.0,1.0,1.0,1.0,1.0,1.0,1.0,1.0,1.0,1.0,1.0,1.0,1.0,2.0,1.0,3.0,1.0,1.0,2.0,1.0,1.0,1.0,1.0,1.0,1.0,151.0,1.0,1.0,1.0,1.0,1.0,1.0,1.0,1.0,1.0,1.0,1.0,1.0,1.0,1.0,1.0,1.0,1.0,1.0,1.0,1.0,1.0,1.0,1.0,2.0,1.0,1.0,1.0,2.0,297.0,2.0,1.0,1.0,1.0,1.0,1.0,1.0,1.0,1.0,203.0,1.0,1.0,1.0,1.0,1.0,1.0,2.0,1.0,1.0,1.0,1.0,1.0,1.0,3.0,1.0,3.0,1.0,316.0,1.0,1.0,1.0,1.0,1.0,553.0,1.0,1.0,1.0,1.0,1.0,1.0,1.0,1.0,1.0,1.0,1.0,1.0,1.0,1.0,1.0,1.0,1.0,1.0,1.0,1.0,1.0,1.0,1.0,1.0,2.0,1.0,1.0,1.0,1.0,1.0,1.0,1.0,1.0,4.0,6.0,10.0,11.0,1.0,1.0,1.0,3.0,3.0,3.0,4.0,1.0,1.0,1.0,1.0,2.0,1.0,1.0,2.0,1.0,1.0,3.0,1.0,1.0,1.0,1.0,1.0,6.0,1.0,2.0,2.0,2.0,3.0,1.0,1.0,2.0,2.0,1.0,66.0,1.0,1.0,1.0,1.0,1.0,1.0,2.0,1.0,2.0,1.0,1.0,1.0,1.0,1.0,1.0,1.0,1.0,1.0,1.0,1.0,1.0,1.0,2.0,1.0,1.0,1.0,1.0,2.0,2.0,1.0,2.0,1.0,1.0,2.0,2.0,1.0,1.0,2.0,2.0,6.0,1.0,1.0,4.0,1.0,3.0,1.0,2.0,1.0,1.0,1.0,4.0,5.0,3.0,7.0,1.0,6.0,2.0,3.0,1.0,1.0,3.0,1.0,2.0,2.0,2.0,4.0,3.0,3.0,1.0,1.0,1.0,1.0,1.0,3.0,1.0,1.0,1.0,2.0,1.0,1.0,519.0,1.0,1.0,1.0,1.0,1.0,1.0,2.0,1.0,1.0,2.0,1.0,2.0,1.0,1.0,1.0,1.0,1.0,2.0,1.0,1.0,151.0,1.0,1.0,1.0,1.0,1.0,1.0,1.0,1.0,1.0,1.0,2.0,2.0,1.0,1.0,1.0,2.0,1.0,2.0,1.0,1.0,1.0,3.0,3.0,1.0,1.0,2.0,1.0,1.0,1.0,1.0,1.0,1.0,1.0,1.0,1.0,1.0,1.0,1.0,1.0,2.0,1.0,2.0,357.0,1.0,1.0,1.0,2.0,1.0,1.0,1.0,1.0,4.0,2.0,1.0,2.0,1.0,1.0,1.0,1.0,1.0,2.0,3.0,1.0,1.0,1.0,2.0,1.0,1.0,1.0,2.0,1.0,1.0,1.0,2.0,3.0,1.0,1.0,1.0,1.0,1.0,1.0,1.0,1.0,3.0,1.0,1.0,1.0,1.0,1.0,1.0,1.0,1.0,1.0,1.0,1.0,1.0,1.0,1.0,2.0,1.0,1.0,1.0,1.0,1.0,1.0,1.0,1.0,1.0,1.0,3.0,2.0,1.0,1.0,1.0,1.0,1.0,1.0,1.0,3.0,1.0,1.0,1.0,1.0,1.0,1.0,1.0,2.0,1.0,1.0,1.0,1.0,1.0,1.0,1.0,1.0,1.0,1.0,1.0,1.0,1.0,1.0,1.0,1.0,1.0,1.0,1.0,1.0,1.0,1.0,2.0,1.0,3.0,2.0,1.0,2.0,1.0,1.0,1.0,2.0,2.0,1.0,1.0,1.0,1.0,1.0,5.0,206.0,1.0,1.0,1.0,2.0,1.0,1.0,1.0,1.0,1.0,3.0,2.0,4.0,1.0,2.0,1.0,1.0,4.0,2.0,1.0,1.0,1.0,1.0,1.0,1.0
2023-10-18,49.0,56.0,193.0,199.0,109.0,158.0,119.0,25.0,8.0,20.0,17.0,19.0,22.0,43.0,159.0,106.0,18.0,31.0,53.0,84.0,47.0,19.0,194.0,240.0,312.0,191.0,200.0,169.0,225.0,196.0,176.0,112.0,104.0,300.0,122.0,73.0,179.0,107.0,112.0,90.0,72.0,61.0,39.0,68.0,42.0,47.0,103.0,172.0,137.0,187.0,106.0,279.0,200.0,249.0,189.0,191.0,3.0,3.0,125.0,128.0,99.0,40.0,34.0,30.0,23.0,6.0,5.0,5.0,21.0,21.0,13.0,34.0,67.0,142.0,153.0,110.0,105.0,85.0,46.0,171.0,5.0,68.0,16.0,41.0,42.0,16.0,113.0,94.0,79.0,51.0,43.0,27.0,435.0,59.0,8.0,357.0,250.0,197.0,239.0,268.0,330.0,11.0,45.0,18.0,3.0,12.0,11.0,99.0,3.0,1.0,7.0,4.0,110.0,81.0,69.0,191.0,74.0,127.0,57.0,30.0,18.0,12.0,34.0,1.0,1.0,6.0,7.0,2.0,1.0,10.0,23.0,83.0,19.0,10.0,8.0,4.0,22.0,26.0,318.0,294.0,233.0,169.0,74.0,252.0,190.0,388.0,210.0,115.0,49.0,122.0,225.0,57.0,37.0,60.0,73.0,68.0,135.0,257.0,77.0,69.0,219.0,103.0,199.0,67.0,51.0,386.0,471.0,84.0,194.0,237.0,90.0,43.0,22.0,17.0,23.0,59.0,43.0,103.0,200.0,252.0,169.0,247.0,357.0,122.0,183.0,300.0,191.0,373.0,266.0,134.0,131.0,127.0,116.0,99.0,189.0,314.0,269.0,158.0,139.0,361.0,320.0,58.0,38.0,24.0,232.0,296.0,327.0,407.0,352.0,388.0,211.0,451.0,48.0,415.0,323.0,119.0,166.0,300.0,432.0,570.0,440.0,356.0,493.0,357.0,415.0,497.0,405.0,102.0,316.0,360.0,127.0,136.0,246.0,285.0,553.0,111.0,226.0,273.0,243.0,203.0,152.0,230.0,157.0,145.0,185.0,302.0,208.0,226.0,78.0,194.0,198.0,266.0,333.0,387.0,418.0,390.0,162.0,168.0,222.0,107.0,150.0,599.0,588.0,528.0,581.0,520.0,519.0,414.0,349.0,298.0,275.0,206.0,435.0,413.0,412.0,374.0,447.0,446.0,522.0,451.0,454.0,570.0,392.0,531.0,448.0,521.0,443.0,347.0,397.0,428.0,269.0,477.0,515.0,474.0,569.0,567.0,422.0,391.0,430.0,328.0,294.0,327.0,553.0,544.0,411.0,64.0,69.0,120.0,64.0,316.0,249.0,172.0,255.0,229.0,249.0,116.0,126.0,96.0,162.0,139.0,248.0,371.0,396.0,266.0,208.0,363.0,194.0,308.0,342.0,352.0,481.0,319.0,380.0,48.0,18.0,223.0,148.0,165.0,151.0,146.0,193.0,214.0,303.0,18.0,36.0,35.0,34.0,20.0,32.0,17.0,14.0,16.0,11.0,10.0,42.0,23.0,20.0,29.0,30.0,25.0,19.0,2.0,3.0,1.0,2.0,4.0,1.0,7.0,5.0,9.0,9.0,10.0,17.0,15.0,14.0,6.0,1.0,1.0,1.0,1.0,1.0,2.0,1.0,1.0,2.0,1.0,1.0,519.0,1.0,1.0,1.0,1.0,1.0,1.0,3.0,1.0,1.0,1.0,1.0,1.0,1.0,1.0,2.0,1.0,2.0,1.0,1.0,1.0,146.0,1.0,1.0,1.0,1.0,1.0,1.0,1.0,1.0,1.0,1.0,2.0,1.0,2.0,2.0,1.0,1.0,2.0,2.0,1.0,1.0,1.0,2.0,1.0,2.0,2.0,5.0,1.0,1.0,1.0,1.0,1.0,2.0,1.0,1.0,3.0,1.0,1.0,1.0,2.0,2.0,1.0,1.0,514.0,1.0,1.0,1.0,1.0,2.0,1.0,2.0,1.0,8.0,1.0,1.0,2.0,1.0,1.0,1.0,1.0,3.0,1.0,1.0,5.0,1.0,1.0,1.0,1.0,1.0,1.0,1.0,1.0,1.0,2.0,2.0,1.0,2.0,2.0,1.0,1.0,3.0,1.0,1.0,3.0,1.0,1.0,2.0,2.0,1.0,1.0,1.0,1.0,2.0,1.0,1.0,1.0,1.0,1.0,1.0,2.0,1.0,1.0,1.0,1.0,1.0,1.0,1.0,1.0,1.0,1.0,1.0,1.0,1.0,1.0,2.0,2.0,1.0,4.0,1.0,2.0,1.0,1.0,1.0,1.0,1.0,1.0,1.0,1.0,2.0,1.0,1.0,1.0,1.0,1.0,38.0,64.0,1.0,1.0,1.0,1.0,1.0,1.0,1.0,1.0,1.0,1.0,1.0,1.0,4.0,1.0,4.0,2.0,1.0,1.0,1.0,2.0,1.0,1.0,1.0,1.0,1.0,1.0,2.0,187.0,29.0,1.0,1.0,5.0,1.0,1.0,1.0,2.0,1.0,1.0,1.0,11.0,3.0,7.0,6.0,9.0,5.0,3.0,1.0,1.0,2.0,7.0,4.0,1.0,1.0,2.0,1.0,1.0
2023-10-19,1.0,1.0,1.0,1.0,1.0,1.0,2.0,21.0,1.0,1.0,1.0,2.0,1.0,1.0,1.0,99.0,1.0,1.0,2.0,1.0,1.0,2.0,1.0,1.0,1.0,1.0,1.0,2.0,2.0,2.0,1.0,1.0,3.0,1.0,1.0,1.0,2.0,1.0,1.0,1.0,1.0,1.0,1.0,2.0,1.0,1.0,1.0,1.0,1.0,1.0,1.0,1.0,1.0,1.0,1.0,1.0,1.0,1.0,1.0,1.0,1.0,1.0,2.0,2.0,1.0,1.0,2.0,1.0,1.0,1.0,1.0,1.0,1.0,2.0,1.0,1.0,2.0,1.0,1.0,1.0,1.0,21.0,1.0,1.0,1.0,1.0,1.0,2.0,2.0,1.0,1.0,1.0,435.0,1.0,1.0,1.0,2.0,1.0,3.0,3.0,1.0,1.0,1.0,1.0,1.0,3.0,1.0,99.0,3.0,1.0,2.0,1.0,1.0,1.0,2.0,4.0,3.0,2.0,2.0,1.0,1.0,1.0,1.0,1.0,1.0,2.0,1.0,1.0,1.0,1.0,1.0,2.0,1.0,1.0,2.0,1.0,1.0,2.0,1.0,1.0,1.0,2.0,1.0,2.0,1.0,1.0,1.0,8.0,2.0,1.0,2.0,1.0,1.0,1.0,1.0,1.0,2.0,1.0,1.0,1.0,1.0,2.0,1.0,1.0,1.0,1.0,1.0,1.0,1.0,3.0,1.0,144.0,1.0,1.0,1.0,1.0,1.0,2.0,1.0,1.0,1.0,1.0,1.0,1.0,1.0,1.0,1.0,1.0,1.0,1.0,2.0,1.0,1.0,1.0,1.0,1.0,1.0,1.0,1.0,1.0,320.0,4.0,2.0,1.0,1.0,1.0,1.0,1.0,1.0,1.0,297.0,1.0,1.0,1.0,1.0,1.0,1.0,1.0,1.0,1.0,1.0,1.0,1.0,1.0,1.0,3.0,1.0,1.0,316.0,2.0,1.0,2.0,1.0,2.0,553.0,1.0,1.0,1.0,1.0,2.0,1.0,1.0,1.0,1.0,8.0,1.0,1.0,1.0,1.0,1.0,1.0,1.0,1.0,1.0,1.0,1.0,1.0,1.0,2.0,2.0,1.0,1.0,2.0,1.0,1.0,3.0,1.0,2.0,1.0,3.0,1.0,4.0,2.0,2.0,1.0,2.0,2.0,6.0,4.0,1.0,1.0,1.0,1.0,2.0,1.0,1.0,1.0,1.0,1.0,4.0,4.0,2.0,1.0,2.0,3.0,1.0,4.0,1.0,1.0,3.0,2.0,4.0,3.0,2.0,1.0,1.0,57.0,1.0,1.0,1.0,1.0,1.0,1.0,2.0,2.0,1.0,2.0,1.0,1.0,1.0,1.0,1.0,1.0,1.0,1.0,1.0,1.0,1.0,2.0,1.0,1.0,2.0,1.0,1.0,1.0,3.0,1.0,1.0,1.0,1.0,1.0,2.0,1.0,1.0,3.0,7.0,6.0,1.0,1.0,2.0,1.0,1.0,2.0,1.0,1.0,1.0,1.0,1.0,4.0,2.0,1.0,2.0,4.0,1.0,2.0,1.0,1.0,3.0,1.0,2.0,5.0,1.0,2.0,3.0,4.0,1.0,1.0,1.0,1.0,1.0,1.0,1.0,1.0,3.0,1.0,1.0,14.0,519.0,1.0,1.0,1.0,1.0,2.0,1.0,3.0,1.0,2.0,2.0,1.0,130.0,2.0,1.0,1.0,3.0,1.0,2.0,1.0,2.0,3.0,1.0,1.0,1.0,1.0,4.0,1.0,2.0,1.0,1.0,1.0,1.0,2.0,1.0,188.0,1.0,1.0,2.0,2.0,1.0,1.0,1.0,3.0,1.0,2.0,1.0,5.0,1.0,1.0,1.0,1.0,1.0,1.0,1.0,1.0,2.0,1.0,1.0,1.0,2.0,1.0,2.0,1.0,530.0,1.0,1.0,1.0,1.0,1.0,1.0,5.0,5.0,2.0,2.0,2.0,1.0,1.0,1.0,1.0,1.0,3.0,2.0,1.0,1.0,1.0,1.0,3.0,1.0,2.0,2.0,1.0,1.0,1.0,4.0,2.0,1.0,1.0,2.0,1.0,2.0,2.0,1.0,1.0,20.0,7.0,7.0,3.0,1.0,1.0,2.0,1.0,1.0,1.0,1.0,1.0,1.0,1.0,1.0,1.0,2.0,1.0,1.0,1.0,1.0,1.0,3.0,1.0,1.0,1.0,1.0,2.0,2.0,1.0,1.0,1.0,1.0,1.0,3.0,1.0,2.0,1.0,3.0,1.0,2.0,1.0,2.0,1.0,2.0,1.0,1.0,1.0,1.0,1.0,1.0,1.0,1.0,1.0,1.0,1.0,1.0,1.0,1.0,1.0,1.0,1.0,1.0,1.0,1.0,1.0,1.0,1.0,1.0,3.0,1.0,1.0,2.0,1.0,1.0,1.0,1.0,1.0,1.0,2.0,1.0,1.0,1.0,2.0,189.0,1.0,1.0,1.0,1.0,2.0,1.0,2.0,3.0,2.0,6.0,6.0,5.0,4.0,1.0,1.0,1.0,3.0,35.0,57.0,1.0,1.0,1.0,1.0,1.0
2023-10-20,96.0,47.0,9.0,2.0,1.0,15.0,9.0,78.0,19.0,130.0,47.0,39.0,102.0,75.0,470.0,177.0,254.0,176.0,150.0,73.0,86.0,111.0,106.0,219.0,361.0,186.0,310.0,199.0,147.0,323.0,124.0,251.0,210.0,334.0,45.0,21.0,23.0,8.0,35.0,95.0,40.0,55.0,30.0,141.0,82.0,175.0,234.0,67.0,75.0,107.0,82.0,218.0,216.0,317.0,222.0,24.0,13.0,2.0,66.0,55.0,107.0,37.0,31.0,147.0,116.0,16.0,20.0,22.0,67.0,139.0,182.0,179.0,280.0,280.0,401.0,290.0,15.0,29.0,136.0,31.0,7.0,32.0,35.0,87.0,44.0,76.0,198.0,145.0,141.0,171.0,255.0,348.0,435.0,167.0,85.0,277.0,69.0,270.0,306.0,313.0,386.0,243.0,268.0,181.0,165.0,100.0,111.0,99.0,28.0,43.0,25.0,15.0,113.0,8.0,7.0,79.0,27.0,92.0,30.0,6.0,6.0,1.0,39.0,22.0,11.0,187.0,131.0,257.0,113.0,206.0,179.0,78.0,142.0,283.0,18.0,61.0,62.0,21.0,4.0,1.0,4.0,9.0,14.0,12.0,4.0,4.0,9.0,24.0,48.0,65.0,39.0,93.0,179.0,55.0,63.0,57.0,292.0,270.0,275.0,111.0,300.0,340.0,423.0,395.0,335.0,483.0,399.0,185.0,359.0,110.0,325.0,338.0,207.0,143.0,149.0,493.0,427.0,8.0,6.0,46.0,65.0,8.0,9.0,108.0,115.0,158.0,25.0,91.0,55.0,81.0,61.0,86.0,201.0,77.0,13.0,7.0,5.0,64.0,17.0,31.0,320.0,356.0,33.0,28.0,7.0,26.0,29.0,195.0,128.0,105.0,256.0,135.0,194.0,105.0,49.0,57.0,7.0,34.0,77.0,7.0,62.0,83.0,107.0,37.0,105.0,62.0,90.0,71.0,316.0,200.0,93.0,29.0,119.0,46.0,553.0,12.0,69.0,171.0,56.0,31.0,87.0,3.0,203.0,114.0,27.0,119.0,11.0,44.0,111.0,144.0,103.0,169.0,229.0,76.0,230.0,248.0,306.0,213.0,169.0,262.0,392.0,4.0,35.0,52.0,108.0,22.0,74.0,11.0,9.0,31.0,21.0,29.0,10.0,2.0,19.0,13.0,11.0,6.0,40.0,5.0,2.0,1.0,3.0,61.0,92.0,102.0,102.0,32.0,72.0,83.0,13.0,44.0,86.0,15.0,144.0,45.0,70.0,80.0,70.0,19.0,58.0,42.0,162.0,68.0,193.0,13.0,58.0,14.0,10.0,109.0,144.0,94.0,58.0,79.0,39.0,33.0,22.0,133.0,192.0,171.0,267.0,153.0,320.0,26.0,32.0,71.0,18.0,89.0,48.0,44.0,120.0,70.0,104.0,13.0,6.0,46.0,22.0,29.0,94.0,6.0,49.0,36.0,90.0,1.0,21.0,7.0,22.0,18.0,14.0,4.0,1.0,10.0,22.0,19.0,2.0,4.0,5.0,22.0,2.0,16.0,14.0,1.0,58.0,9.0,22.0,13.0,16.0,29.0,5.0,26.0,32.0,8.0,31.0,23.0,32.0,9.0,1.0,1.0,1.0,1.0,2.0,1.0,1.0,1.0,2.0,1.0,1.0,519.0,1.0,1.0,1.0,1.0,1.0,2.0,3.0,1.0,1.0,2.0,2.0,233.0,1.0,1.0,1.0,1.0,1.0,1.0,1.0,1.0,2.0,1.0,2.0,1.0,1.0,1.0,1.0,1.0,1.0,1.0,1.0,4.0,1.0,1.0,390.0,3.0,1.0,1.0,1.0,2.0,2.0,1.0,4.0,1.0,1.0,1.0,2.0,1.0,1.0,1.0,1.0,1.0,1.0,1.0,1.0,1.0,1.0,1.0,1.0,2.0,1.0,1.0,1.0,521.0,1.0,1.0,1.0,1.0,1.0,2.0,1.0,1.0,16.0,1.0,1.0,2.0,1.0,1.0,1.0,1.0,2.0,1.0,3.0,1.0,1.0,1.0,1.0,2.0,1.0,1.0,1.0,1.0,1.0,1.0,2.0,2.0,1.0,2.0,1.0,5.0,1.0,1.0,1.0,1.0,1.0,1.0,1.0,1.0,1.0,1.0,1.0,1.0,1.0,1.0,1.0,1.0,1.0,1.0,1.0,2.0,1.0,1.0,1.0,1.0,1.0,1.0,1.0,1.0,1.0,1.0,1.0,2.0,1.0,1.0,2.0,1.0,1.0,2.0,1.0,2.0,1.0,3.0,1.0,1.0,1.0,1.0,1.0,3.0,1.0,1.0,1.0,1.0,1.0,1.0,1.0,1.0,1.0,1.0,1.0,1.0,1.0,1.0,1.0,1.0,1.0,1.0,1.0,1.0,2.0,1.0,1.0,1.0,1.0,1.0,1.0,2.0,1.0,1.0,1.0,1.0,1.0,2.0,2.0,1.0,1.0,1.0,1.0,234.0,1.0,1.0,1.0,2.0,1.0,1.0,1.0,1.0,1.0,4.0,3.0,8.0,1.0,3.0,1.0,1.0,5.0,1.0,1.0,1.0,1.0,1.0,1.0,1.0
2023-10-21,351.0,316.0,421.0,272.0,258.0,200.0,267.0,385.0,269.0,230.0,43.0,53.0,2.0,9.0,9.0,90.0,39.0,20.0,34.0,15.0,5.0,2.0,54.0,19.0,99.0,53.0,35.0,20.0,37.0,50.0,25.0,23.0,30.0,52.0,173.0,100.0,161.0,81.0,151.0,318.0,290.0,128.0,304.0,212.0,130.0,151.0,495.0,431.0,275.0,322.0,200.0,286.0,196.0,379.0,396.0,168.0,2.0,4.0,233.0,206.0,299.0,231.0,195.0,240.0,25.0,17.0,16.0,22.0,9.0,11.0,28.0,15.0,90.0,39.0,58.0,114.0,43.0,51.0,124.0,100.0,30.0,47.0,9.0,23.0,19.0,10.0,110.0,103.0,102.0,64.0,99.0,30.0,435.0,150.0,15.0,412.0,433.0,175.0,276.0,174.0,222.0,9.0,8.0,7.0,6.0,5.0,4.0,99.0,1.0,2.0,1.0,2.0,181.0,233.0,177.0,360.0,163.0,209.0,148.0,106.0,63.0,133.0,40.0,44.0,39.0,42.0,31.0,78.0,23.0,80.0,105.0,178.0,237.0,187.0,43.0,28.0,60.0,86.0,336.0,346.0,297.0,244.0,118.0,322.0,230.0,294.0,319.0,210.0,301.0,465.0,421.0,275.0,240.0,210.0,37.0,37.0,151.0,283.0,90.0,75.0,145.0,131.0,228.0,116.0,120.0,211.0,242.0,159.0,203.0,149.0,145.0,89.0,39.0,22.0,51.0,17.0,12.0,129.0,250.0,417.0,389.0,451.0,309.0,262.0,427.0,340.0,280.0,348.0,289.0,142.0,243.0,297.0,292.0,332.0,384.0,359.0,307.0,278.0,236.0,150.0,320.0,156.0,35.0,20.0,250.0,399.0,399.0,438.0,544.0,309.0,438.0,365.0,145.0,470.0,417.0,219.0,431.0,434.0,387.0,414.0,383.0,390.0,366.0,273.0,252.0,273.0,528.0,321.0,316.0,489.0,134.0,183.0,193.0,228.0,553.0,93.0,159.0,105.0,110.0,93.0,56.0,34.0,99.0,181.0,151.0,181.0,298.0,256.0,156.0,205.0,223.0,284.0,222.0,323.0,365.0,278.0,134.0,45.0,41.0,12.0,11.0,578.0,590.0,535.0,527.0,516.0,522.0,343.0,352.0,361.0,393.0,395.0,518.0,515.0,465.0,509.0,485.0,534.0,556.0,552.0,589.0,595.0,586.0,178.0,98.0,237.0,303.0,340.0,341.0,393.0,69.0,317.0,236.0,190.0,280.0,341.0,274.0,304.0,322.0,206.0,259.0,212.0,395.0,400.0,401.0,83.0,65.0,129.0,46.0,150.0,74.0,74.0,164.0,153.0,203.0,154.0,178.0,200.0,133.0,55.0,88.0,177.0,107.0,133.0,54.0,127.0,173.0,200.0,255.0,312.0,538.0,352.0,417.0,5.0,13.0,110.0,93.0,153.0,93.0,106.0,120.0,158.0,144.0,27.0,59.0,120.0,69.0,64.0,104.0,65.0,36.0,43.0,17.0,20.0,115.0,57.0,92.0,100.0,138.0,111.0,101.0,50.0,33.0,22.0,20.0,10.0,1.0,3.0,5.0,1.0,10.0,13.0,13.0,10.0,16.0,19.0,141.0,265.0,147.0,366.0,287.0,109.0,229.0,24.0,26.0,172.0,60.0,519.0,109.0,26.0,57.0,105.0,62.0,45.0,12.0,27.0,50.0,12.0,13.0,498.0,347.0,154.0,247.0,302.0,503.0,501.0,567.0,526.0,382.0,29.0,74.0,83.0,41.0,2.0,5.0,24.0,124.0,44.0,105.0,19.0,41.0,18.0,18.0,20.0,95.0,35.0,23.0,28.0,23.0,15.0,19.0,41.0,7.0,7.0,18.0,194.0,178.0,7.0,124.0,163.0,331.0,277.0,213.0,10.0,1.0,30.0,80.0,138.0,478.0,79.0,285.0,377.0,492.0,107.0,265.0,83.0,381.0,348.0,217.0,441.0,517.0,21.0,371.0,291.0,344.0,277.0,93.0,206.0,149.0,239.0,66.0,234.0,168.0,193.0,129.0,92.0,424.0,330.0,321.0,260.0,119.0,98.0,328.0,335.0,10.0,345.0,444.0,492.0,133.0,351.0,478.0,456.0,451.0,550.0,63.0,536.0,290.0,253.0,315.0,555.0,551.0,592.0,441.0,558.0,538.0,461.0,405.0,290.0,251.0,417.0,215.0,297.0,73.0,329.0,262.0,370.0,462.0,479.0,252.0,466.0,390.0,315.0,176.0,161.0,233.0,49.0,429.0,244.0,210.0,234.0,72.0,222.0,221.0,192.0,236.0,76.0,288.0,230.0,275.0,357.0,20.0,13.0,7.0,18.0,102.0,434.0,527.0,317.0,514.0,571.0,422.0,33.0,140.0,23.0,60.0,30.0,27.0,16.0,14.0,32.0,37.0,47.0,49.0,31.0,64.0,20.0,52.0,206.0,41.0,146.0,40.0,35.0,83.0,226.0,203.0,369.0,30.0,27.0,38.0,80.0,57.0,292.0,218.0,77.0,16.0,10.0,20.0,11.0,13.0,1.0,4.0,6.0,5.0,2.0,2.0,3.0,556.0,292.0,356.0,345.0
2023-10-22,1.0,1.0,1.0,2.0,1.0,1.0,2.0,3.0,1.0,1.0,2.0,1.0,3.0,1.0,1.0,177.0,1.0,1.0,1.0,1.0,1.0,2.0,1.0,19.0,1.0,5.0,2.0,1.0,4.0,2.0,1.0,2.0,2.0,3.0,1.0,1.0,1.0,1.0,1.0,1.0,4.0,1.0,2.0,4.0,1.0,1.0,1.0,1.0,1.0,1.0,1.0,2.0,1.0,1.0,3.0,1.0,2.0,1.0,1.0,3.0,3.0,1.0,2.0,1.0,3.0,1.0,1.0,4.0,1.0,1.0,1.0,2.0,2.0,1.0,7.0,1.0,1.0,2.0,1.0,1.0,1.0,25.0,1.0,1.0,2.0,2.0,1.0,2.0,4.0,2.0,1.0,1.0,435.0,1.0,1.0,2.0,2.0,5.0,3.0,2.0,4.0,12.0,16.0,2.0,2.0,1.0,2.0,99.0,1.0,3.0,2.0,1.0,2.0,7.0,1.0,27.0,1.0,1.0,2.0,1.0,1.0,11.0,5.0,1.0,1.0,1.0,2.0,1.0,1.0,2.0,1.0,1.0,2.0,1.0,3.0,1.0,4.0,2.0,2.0,1.0,1.0,1.0,2.0,1.0,2.0,1.0,1.0,1.0,2.0,1.0,1.0,1.0,1.0,1.0,1.0,1.0,1.0,1.0,10.0,3.0,22.0,1.0,3.0,22.0,1.0,4.0,1.0,1.0,1.0,1.0,1.0,178.0,36.0,6.0,11.0,69.0,6.0,1.0,1.0,20.0,171.0,2.0,1.0,5.0,21.0,1.0,1.0,1.0,1.0,1.0,1.0,5.0,1.0,1.0,1.0,2.0,1.0,1.0,1.0,1.0,320.0,1.0,1.0,1.0,1.0,1.0,1.0,1.0,1.0,1.0,295.0,1.0,1.0,1.0,1.0,1.0,1.0,3.0,2.0,1.0,1.0,2.0,3.0,1.0,2.0,1.0,1.0,1.0,316.0,1.0,1.0,33.0,3.0,5.0,553.0,7.0,1.0,1.0,5.0,2.0,2.0,1.0,4.0,1.0,1.0,1.0,1.0,1.0,1.0,1.0,2.0,2.0,1.0,1.0,1.0,1.0,1.0,1.0,1.0,1.0,1.0,1.0,3.0,2.0,1.0,2.0,2.0,1.0,1.0,2.0,3.0,2.0,1.0,4.0,2.0,2.0,4.0,1.0,1.0,3.0,1.0,1.0,1.0,1.0,2.0,3.0,1.0,1.0,1.0,4.0,1.0,4.0,2.0,1.0,1.0,10.0,4.0,5.0,1.0,1.0,2.0,1.0,2.0,1.0,3.0,1.0,63.0,1.0,2.0,2.0,3.0,1.0,1.0,3.0,1.0,2.0,1.0,5.0,1.0,1.0,1.0,2.0,21.0,1.0,1.0,1.0,1.0,1.0,1.0,1.0,1.0,2.0,1.0,1.0,2.0,4.0,2.0,6.0,1.0,1.0,1.0,2.0,7.0,1.0,12.0,14.0,9.0,3.0,3.0,3.0,8.0,2.0,2.0,1.0,12.0,1.0,3.0,3.0,2.0,1.0,3.0,9.0,1.0,8.0,7.0,5.0,1.0,1.0,2.0,1.0,2.0,5.0,5.0,3.0,1.0,2.0,2.0,1.0,1.0,1.0,2.0,1.0,1.0,1.0,2.0,1.0,2.0,519.0,1.0,1.0,2.0,1.0,2.0,3.0,1.0,3.0,1.0,6.0,2.0,1.0,1.0,2.0,1.0,3.0,1.0,2.0,1.0,1.0,3.0,2.0,1.0,3.0,4.0,9.0,14.0,1.0,1.0,1.0,2.0,14.0,5.0,2.0,8.0,1.0,2.0,1.0,5.0,6.0,1.0,1.0,3.0,1.0,2.0,4.0,2.0,1.0,1.0,1.0,1.0,1.0,2.0,1.0,2.0,3.0,1.0,1.0,3.0,2.0,2.0,3.0,3.0,1.0,1.0,1.0,1.0,1.0,2.0,1.0,2.0,1.0,3.0,7.0,2.0,1.0,1.0,1.0,4.0,1.0,1.0,4.0,3.0,1.0,1.0,1.0,1.0,1.0,1.0,1.0,1.0,1.0,2.0,3.0,1.0,3.0,8.0,3.0,3.0,1.0,16.0,1.0,4.0,1.0,1.0,1.0,1.0,1.0,1.0,1.0,1.0,2.0,1.0,1.0,1.0,1.0,2.0,1.0,1.0,1.0,2.0,2.0,1.0,1.0,1.0,1.0,1.0,1.0,1.0,1.0,3.0,1.0,1.0,2.0,2.0,1.0,3.0,3.0,1.0,4.0,4.0,9.0,1.0,1.0,1.0,1.0,5.0,2.0,2.0,1.0,1.0,1.0,1.0,1.0,2.0,1.0,2.0,1.0,1.0,5.0,7.0,1.0,2.0,7.0,1.0,1.0,3.0,1.0,2.0,1.0,5.0,2.0,1.0,2.0,1.0,2.0,8.0,3.0,1.0,1.0,1.0,2.0,2.0,1.0,1.0,1.0,1.0,179.0,1.0,2.0,21.0,12.0,9.0,28.0,45.0,61.0,3.0,4.0,17.0,14.0,5.0,2.0,1.0,9.0,6.0,19.0,14.0,19.0,1.0,1.0,51.0,22.0
2023-10-23,1.0,1.0,1.0,2.0,1.0,3.0,4.0,3.0,1.0,1.0,1.0,3.0,2.0,1.0,1.0,319.0,6.0,10.0,2.0,3.0,1.0,3.0,28.0,1.0,2.0,5.0,1.0,1.0,3.0,1.0,2.0,1.0,2.0,1.0,22.0,1.0,1.0,1.0,2.0,2.0,1.0,1.0,1.0,1.0,1.0,1.0,1.0,1.0,2.0,1.0,6.0,2.0,1.0,1.0,1.0,3.0,1.0,2.0,2.0,2.0,1.0,1.0,1.0,1.0,1.0,2.0,1.0,4.0,1.0,1.0,1.0,2.0,5.0,1.0,2.0,2.0,2.0,1.0,1.0,1.0,3.0,2.0,1.0,1.0,2.0,5.0,3.0,6.0,1.0,6.0,1.0,2.0,435.0,1.0,1.0,3.0,3.0,5.0,1.0,5.0,2.0,2.0,2.0,7.0,5.0,3.0,5.0,99.0,1.0,2.0,2.0,1.0,2.0,4.0,5.0,1.0,1.0,1.0,1.0,1.0,1.0,15.0,2.0,1.0,2.0,3.0,1.0,1.0,1.0,37.0,4.0,1.0,1.0,1.0,2.0,1.0,2.0,1.0,4.0,2.0,2.0,3.0,9.0,1.0,2.0,1.0,4.0,1.0,2.0,1.0,1.0,1.0,2.0,2.0,3.0,5.0,1.0,1.0,1.0,2.0,2.0,1.0,2.0,1.0,5.0,2.0,1.0,2.0,4.0,1.0,5.0,124.0,2.0,1.0,1.0,1.0,2.0,1.0,1.0,2.0,2.0,1.0,2.0,1.0,3.0,1.0,1.0,3.0,1.0,2.0,3.0,2.0,1.0,1.0,2.0,1.0,2.0,1.0,2.0,1.0,320.0,2.0,1.0,2.0,1.0,1.0,1.0,1.0,1.0,1.0,292.0,1.0,1.0,2.0,1.0,1.0,1.0,1.0,2.0,7.0,1.0,1.0,1.0,2.0,1.0,2.0,1.0,2.0,316.0,1.0,1.0,7.0,1.0,4.0,553.0,1.0,1.0,3.0,2.0,11.0,3.0,1.0,6.0,5.0,1.0,1.0,4.0,1.0,1.0,1.0,1.0,2.0,5.0,1.0,1.0,1.0,1.0,9.0,17.0,1.0,2.0,1.0,1.0,1.0,2.0,4.0,1.0,3.0,3.0,4.0,1.0,2.0,1.0,2.0,3.0,4.0,3.0,7.0,1.0,3.0,1.0,2.0,1.0,2.0,1.0,2.0,3.0,4.0,1.0,1.0,4.0,4.0,3.0,1.0,1.0,1.0,5.0,4.0,1.0,1.0,2.0,1.0,1.0,3.0,1.0,1.0,65.0,7.0,2.0,3.0,2.0,1.0,1.0,1.0,1.0,7.0,1.0,1.0,1.0,1.0,1.0,1.0,2.0,5.0,35.0,1.0,6.0,1.0,2.0,4.0,3.0,2.0,2.0,1.0,2.0,4.0,1.0,3.0,2.0,1.0,1.0,2.0,5.0,3.0,11.0,17.0,6.0,8.0,13.0,16.0,13.0,11.0,1.0,1.0,1.0,1.0,7.0,2.0,3.0,1.0,4.0,1.0,1.0,2.0,3.0,2.0,3.0,1.0,14.0,12.0,7.0,5.0,4.0,2.0,1.0,1.0,2.0,1.0,1.0,1.0,3.0,1.0,1.0,2.0,3.0,1.0,1.0,519.0,1.0,1.0,1.0,2.0,1.0,2.0,5.0,1.0,4.0,9.0,5.0,284.0,3.0,4.0,3.0,1.0,5.0,2.0,2.0,1.0,2.0,3.0,3.0,4.0,3.0,2.0,1.0,1.0,4.0,4.0,1.0,10.0,3.0,2.0,9.0,1.0,2.0,1.0,1.0,2.0,2.0,10.0,2.0,4.0,2.0,1.0,1.0,1.0,1.0,1.0,1.0,1.0,1.0,1.0,1.0,3.0,1.0,1.0,1.0,92.0,1.0,3.0,3.0,1.0,1.0,1.0,2.0,1.0,2.0,1.0,1.0,2.0,4.0,6.0,2.0,1.0,1.0,2.0,18.0,10.0,14.0,2.0,5.0,1.0,2.0,3.0,3.0,1.0,2.0,1.0,2.0,1.0,1.0,1.0,4.0,1.0,4.0,1.0,2.0,1.0,1.0,1.0,1.0,1.0,1.0,1.0,1.0,3.0,1.0,2.0,1.0,1.0,2.0,1.0,1.0,1.0,1.0,1.0,1.0,1.0,2.0,1.0,2.0,1.0,2.0,1.0,1.0,1.0,1.0,2.0,1.0,2.0,2.0,2.0,5.0,7.0,1.0,2.0,2.0,7.0,6.0,11.0,1.0,1.0,1.0,3.0,1.0,1.0,2.0,1.0,2.0,1.0,1.0,1.0,3.0,1.0,2.0,1.0,1.0,1.0,2.0,1.0,2.0,1.0,1.0,1.0,2.0,1.0,2.0,1.0,5.0,2.0,1.0,5.0,1.0,1.0,2.0,2.0,1.0,1.0,1.0,3.0,2.0,2.0,1.0,1.0,1.0,368.0,1.0,2.0,36.0,10.0,8.0,25.0,24.0,51.0,3.0,4.0,10.0,15.0,5.0,1.0,2.0,5.0,7.0,17.0,9.0,26.0,1.0,1.0,32.0,4.0
2023-10-24,1.0,1.0,1.0,1.0,1.0,1.0,1.0,7.0,1.0,1.0,2.0,1.0,1.0,1.0,1.0,323.0,1.0,3.0,2.0,1.0,1.0,2.0,1.0,1.0,1.0,1.0,1.0,1.0,1.0,2.0,1.0,1.0,1.0,1.0,1.0,1.0,1.0,1.0,1.0,1.0,1.0,1.0,1.0,1.0,1.0,1.0,1.0,1.0,1.0,1.0,1.0,1.0,1.0,1.0,1.0,1.0,1.0,1.0,1.0,1.0,1.0,1.0,2.0,1.0,1.0,1.0,2.0,1.0,1.0,1.0,1.0,1.0,1.0,1.0,1.0,1.0,1.0,1.0,1.0,1.0,1.0,1.0,1.0,2.0,3.0,1.0,1.0,1.0,1.0,1.0,1.0,1.0,435.0,1.0,1.0,1.0,1.0,1.0,3.0,1.0,1.0,1.0,1.0,2.0,1.0,3.0,4.0,99.0,3.0,1.0,2.0,1.0,1.0,1.0,1.0,1.0,1.0,1.0,2.0,1.0,1.0,1.0,1.0,1.0,1.0,1.0,1.0,1.0,1.0,1.0,2.0,2.0,1.0,1.0,1.0,1.0,2.0,1.0,1.0,1.0,1.0,1.0,1.0,2.0,1.0,1.0,1.0,1.0,1.0,1.0,1.0,1.0,1.0,1.0,1.0,1.0,1.0,1.0,1.0,2.0,1.0,1.0,1.0,1.0,1.0,1.0,1.0,1.0,1.0,1.0,1.0,144.0,1.0,1.0,1.0,1.0,1.0,1.0,1.0,1.0,1.0,1.0,1.0,1.0,1.0,1.0,1.0,1.0,1.0,1.0,1.0,2.0,1.0,1.0,1.0,2.0,1.0,1.0,1.0,1.0,320.0,1.0,2.0,1.0,1.0,1.0,1.0,1.0,1.0,1.0,267.0,1.0,1.0,1.0,1.0,1.0,1.0,2.0,1.0,1.0,1.0,1.0,1.0,2.0,1.0,2.0,1.0,1.0,316.0,1.0,1.0,1.0,1.0,1.0,553.0,1.0,1.0,9.0,1.0,1.0,1.0,1.0,6.0,1.0,1.0,1.0,1.0,1.0,1.0,1.0,1.0,1.0,1.0,1.0,19.0,1.0,1.0,2.0,1.0,2.0,1.0,1.0,2.0,1.0,1.0,1.0,1.0,3.0,4.0,3.0,1.0,2.0,1.0,4.0,1.0,2.0,3.0,1.0,1.0,2.0,1.0,1.0,1.0,1.0,2.0,1.0,1.0,3.0,3.0,1.0,4.0,1.0,2.0,2.0,1.0,3.0,3.0,1.0,1.0,2.0,1.0,3.0,1.0,1.0,1.0,2.0,61.0,1.0,1.0,1.0,1.0,2.0,1.0,2.0,1.0,1.0,1.0,1.0,1.0,1.0,1.0,1.0,1.0,1.0,1.0,1.0,1.0,1.0,1.0,1.0,1.0,1.0,1.0,1.0,2.0,1.0,3.0,1.0,1.0,1.0,2.0,1.0,1.0,1.0,5.0,1.0,1.0,1.0,1.0,1.0,1.0,2.0,1.0,1.0,1.0,1.0,3.0,3.0,1.0,2.0,4.0,1.0,1.0,2.0,2.0,2.0,1.0,1.0,1.0,1.0,3.0,1.0,1.0,2.0,3.0,1.0,1.0,1.0,1.0,1.0,1.0,1.0,1.0,1.0,1.0,1.0,1.0,519.0,1.0,1.0,1.0,1.0,1.0,2.0,1.0,1.0,1.0,2.0,1.0,360.0,1.0,1.0,1.0,1.0,1.0,1.0,1.0,1.0,112.0,1.0,1.0,1.0,1.0,1.0,1.0,1.0,1.0,2.0,1.0,1.0,2.0,2.0,3.0,345.0,1.0,2.0,1.0,1.0,1.0,1.0,1.0,1.0,5.0,4.0,1.0,1.0,1.0,2.0,1.0,1.0,1.0,1.0,1.0,1.0,1.0,1.0,1.0,1.0,1.0,1.0,2.0,1.0,1.0,1.0,1.0,1.0,2.0,1.0,4.0,1.0,2.0,3.0,2.0,3.0,1.0,1.0,1.0,1.0,1.0,1.0,2.0,2.0,1.0,1.0,1.0,1.0,1.0,1.0,1.0,1.0,1.0,1.0,1.0,1.0,1.0,2.0,1.0,1.0,1.0,1.0,1.0,1.0,1.0,1.0,1.0,1.0,1.0,1.0,1.0,1.0,1.0,1.0,1.0,1.0,1.0,1.0,1.0,1.0,2.0,1.0,1.0,1.0,1.0,1.0,1.0,1.0,1.0,1.0,1.0,1.0,1.0,1.0,1.0,2.0,4.0,1.0,1.0,1.0,2.0,1.0,1.0,1.0,1.0,1.0,1.0,3.0,2.0,1.0,1.0,1.0,1.0,1.0,1.0,1.0,1.0,1.0,1.0,1.0,1.0,1.0,1.0,1.0,1.0,1.0,1.0,1.0,2.0,1.0,4.0,2.0,2.0,1.0,1.0,1.0,1.0,1.0,1.0,2.0,1.0,1.0,1.0,1.0,1.0,1.0,1.0,158.0,1.0,1.0,1.0,1.0,1.0,1.0,1.0,1.0,1.0,3.0,2.0,7.0,1.0,1.0,2.0,1.0,4.0,1.0,1.0,1.0,1.0,1.0,1.0,1.0
2023-10-25,1.0,1.0,1.0,1.0,1.0,1.0,1.0,7.0,1.0,1.0,1.0,1.0,1.0,1.0,2.0,342.0,1.0,7.0,1.0,2.0,1.0,3.0,1.0,1.0,1.0,12.0,2.0,1.0,1.0,1.0,2.0,1.0,3.0,5.0,1.0,1.0,1.0,1.0,1.0,4.0,1.0,1.0,1.0,1.0,1.0,1.0,1.0,1.0,1.0,1.0,1.0,1.0,1.0,1.0,1.0,1.0,2.0,1.0,1.0,1.0,1.0,1.0,2.0,1.0,1.0,1.0,2.0,1.0,1.0,1.0,1.0,1.0,1.0,2.0,1.0,1.0,2.0,1.0,1.0,1.0,1.0,1.0,1.0,2.0,1.0,1.0,1.0,1.0,3.0,1.0,1.0,1.0,435.0,1.0,1.0,1.0,1.0,2.0,3.0,1.0,1.0,1.0,1.0,2.0,1.0,3.0,1.0,99.0,1.0,1.0,2.0,1.0,1.0,1.0,1.0,1.0,1.0,1.0,2.0,1.0,1.0,1.0,1.0,1.0,1.0,1.0,1.0,1.0,1.0,1.0,1.0,1.0,1.0,1.0,1.0,1.0,2.0,1.0,1.0,1.0,1.0,1.0,1.0,1.0,1.0,1.0,1.0,1.0,1.0,1.0,1.0,1.0,1.0,1.0,1.0,1.0,1.0,1.0,2.0,2.0,2.0,1.0,1.0,3.0,2.0,1.0,1.0,1.0,1.0,1.0,1.0,128.0,1.0,1.0,1.0,1.0,1.0,1.0,1.0,1.0,1.0,1.0,1.0,1.0,1.0,1.0,1.0,1.0,1.0,1.0,2.0,1.0,1.0,1.0,1.0,1.0,2.0,1.0,1.0,1.0,320.0,1.0,1.0,1.0,1.0,1.0,1.0,1.0,1.0,1.0,250.0,1.0,1.0,1.0,1.0,1.0,1.0,1.0,1.0,2.0,1.0,1.0,1.0,4.0,2.0,1.0,2.0,1.0,316.0,1.0,1.0,1.0,1.0,1.0,553.0,1.0,1.0,1.0,1.0,2.0,3.0,1.0,1.0,1.0,1.0,1.0,1.0,1.0,1.0,1.0,1.0,1.0,1.0,1.0,1.0,1.0,1.0,1.0,1.0,2.0,1.0,1.0,2.0,1.0,1.0,1.0,2.0,2.0,1.0,1.0,2.0,3.0,1.0,1.0,1.0,1.0,3.0,1.0,1.0,1.0,1.0,1.0,1.0,1.0,2.0,1.0,3.0,3.0,1.0,2.0,2.0,1.0,1.0,2.0,3.0,1.0,1.0,2.0,5.0,1.0,1.0,1.0,1.0,1.0,1.0,1.0,62.0,1.0,1.0,1.0,1.0,1.0,1.0,3.0,1.0,1.0,1.0,1.0,1.0,1.0,2.0,1.0,1.0,1.0,1.0,1.0,1.0,1.0,1.0,1.0,1.0,1.0,1.0,1.0,2.0,1.0,1.0,4.0,1.0,1.0,1.0,2.0,1.0,1.0,2.0,1.0,1.0,1.0,2.0,4.0,2.0,1.0,1.0,1.0,3.0,1.0,2.0,1.0,2.0,1.0,1.0,1.0,1.0,7.0,2.0,3.0,1.0,1.0,1.0,1.0,1.0,1.0,3.0,2.0,1.0,1.0,1.0,1.0,1.0,1.0,1.0,1.0,1.0,1.0,1.0,1.0,1.0,519.0,1.0,1.0,1.0,1.0,1.0,1.0,2.0,1.0,1.0,2.0,1.0,345.0,1.0,1.0,1.0,1.0,1.0,2.0,1.0,2.0,134.0,1.0,1.0,1.0,4.0,5.0,1.0,1.0,1.0,1.0,1.0,1.0,4.0,1.0,3.0,1.0,1.0,3.0,1.0,1.0,1.0,1.0,3.0,2.0,1.0,1.0,2.0,1.0,1.0,1.0,1.0,1.0,1.0,1.0,1.0,2.0,1.0,1.0,1.0,2.0,1.0,1.0,1.0,1.0,1.0,1.0,2.0,1.0,1.0,1.0,3.0,1.0,3.0,3.0,1.0,2.0,1.0,1.0,1.0,1.0,2.0,1.0,69.0,1.0,1.0,1.0,1.0,1.0,1.0,1.0,1.0,1.0,1.0,1.0,3.0,2.0,1.0,1.0,1.0,1.0,1.0,1.0,1.0,1.0,1.0,1.0,1.0,2.0,1.0,2.0,1.0,1.0,2.0,1.0,1.0,1.0,1.0,1.0,1.0,1.0,1.0,2.0,1.0,1.0,1.0,1.0,1.0,3.0,1.0,2.0,1.0,2.0,1.0,1.0,3.0,2.0,1.0,1.0,2.0,3.0,4.0,1.0,1.0,1.0,1.0,1.0,1.0,1.0,1.0,1.0,1.0,1.0,1.0,1.0,1.0,1.0,1.0,1.0,1.0,1.0,1.0,1.0,1.0,1.0,1.0,1.0,1.0,1.0,2.0,1.0,4.0,2.0,1.0,1.0,1.0,2.0,1.0,1.0,1.0,1.0,1.0,1.0,1.0,2.0,1.0,1.0,1.0,215.0,1.0,2.0,1.0,1.0,1.0,1.0,1.0,1.0,1.0,4.0,3.0,6.0,1.0,3.0,3.0,1.0,2.0,1.0,1.0,1.0,1.0,1.0,1.0,1.0
2023-10-26,1.0,1.0,1.0,1.0,1.0,3.0,2.0,3.0,1.0,1.0,1.0,1.0,1.0,1.0,1.0,49.0,1.0,1.0,1.0,1.0,1.0,1.0,1.0,1.0,1.0,1.0,1.0,1.0,1.0,1.0,2.0,1.0,2.0,1.0,1.0,1.0,1.0,1.0,1.0,1.0,1.0,1.0,1.0,1.0,1.0,1.0,1.0,1.0,1.0,1.0,1.0,1.0,1.0,1.0,1.0,1.0,2.0,1.0,1.0,1.0,1.0,1.0,2.0,2.0,1.0,2.0,1.0,1.0,1.0,1.0,1.0,1.0,1.0,1.0,1.0,1.0,1.0,1.0,1.0,1.0,1.0,1.0,1.0,1.0,1.0,1.0,1.0,1.0,2.0,1.0,2.0,1.0,435.0,1.0,1.0,1.0,1.0,1.0,2.0,1.0,1.0,2.0,1.0,1.0,1.0,3.0,1.0,99.0,2.0,1.0,2.0,1.0,1.0,1.0,1.0,1.0,1.0,1.0,2.0,1.0,1.0,1.0,1.0,1.0,1.0,1.0,1.0,1.0,1.0,1.0,1.0,1.0,1.0,1.0,1.0,1.0,2.0,1.0,1.0,1.0,1.0,2.0,1.0,2.0,1.0,1.0,1.0,1.0,1.0,1.0,1.0,1.0,1.0,1.0,1.0,1.0,1.0,1.0,1.0,2.0,1.0,1.0,1.0,1.0,3.0,1.0,1.0,1.0,2.0,1.0,2.0,143.0,1.0,1.0,1.0,1.0,1.0,1.0,1.0,1.0,1.0,1.0,1.0,1.0,1.0,1.0,1.0,1.0,1.0,1.0,1.0,1.0,1.0,1.0,1.0,2.0,1.0,1.0,1.0,1.0,320.0,1.0,1.0,2.0,1.0,1.0,1.0,1.0,1.0,1.0,287.0,1.0,1.0,1.0,1.0,1.0,1.0,1.0,1.0,1.0,1.0,2.0,1.0,2.0,1.0,1.0,1.0,1.0,316.0,1.0,1.0,1.0,1.0,1.0,553.0,1.0,2.0,2.0,2.0,1.0,2.0,1.0,1.0,1.0,1.0,1.0,1.0,1.0,1.0,1.0,2.0,1.0,1.0,1.0,1.0,1.0,1.0,1.0,1.0,1.0,1.0,1.0,2.0,1.0,1.0,1.0,1.0,2.0,2.0,2.0,4.0,2.0,1.0,4.0,1.0,2.0,4.0,1.0,4.0,1.0,1.0,1.0,1.0,1.0,1.0,1.0,1.0,1.0,4.0,1.0,5.0,3.0,1.0,2.0,1.0,2.0,4.0,1.0,1.0,2.0,1.0,1.0,1.0,1.0,1.0,1.0,61.0,1.0,1.0,1.0,1.0,2.0,1.0,3.0,1.0,1.0,1.0,1.0,1.0,1.0,1.0,1.0,1.0,1.0,1.0,1.0,1.0,1.0,1.0,1.0,1.0,2.0,1.0,1.0,1.0,1.0,1.0,3.0,1.0,1.0,1.0,1.0,1.0,1.0,6.0,1.0,1.0,1.0,2.0,4.0,3.0,2.0,1.0,2.0,1.0,1.0,1.0,3.0,2.0,1.0,1.0,1.0,1.0,1.0,1.0,1.0,1.0,3.0,1.0,2.0,1.0,1.0,2.0,3.0,1.0,1.0,1.0,1.0,1.0,1.0,2.0,1.0,1.0,2.0,1.0,1.0,2.0,519.0,1.0,1.0,1.0,1.0,1.0,1.0,1.0,1.0,1.0,1.0,2.0,374.0,1.0,1.0,1.0,1.0,1.0,2.0,1.0,1.0,136.0,1.0,1.0,1.0,1.0,1.0,1.0,2.0,1.0,1.0,1.0,1.0,3.0,1.0,2.0,1.0,1.0,8.0,1.0,1.0,2.0,1.0,4.0,3.0,1.0,1.0,2.0,1.0,1.0,1.0,1.0,1.0,1.0,1.0,1.0,1.0,1.0,1.0,1.0,1.0,530.0,1.0,1.0,1.0,1.0,1.0,1.0,1.0,2.0,1.0,1.0,1.0,2.0,2.0,1.0,2.0,1.0,1.0,1.0,1.0,2.0,1.0,2.0,1.0,1.0,1.0,1.0,1.0,1.0,1.0,1.0,1.0,1.0,1.0,1.0,1.0,1.0,2.0,1.0,1.0,1.0,1.0,1.0,2.0,1.0,1.0,1.0,1.0,1.0,1.0,1.0,1.0,1.0,1.0,1.0,1.0,1.0,1.0,1.0,1.0,1.0,1.0,1.0,1.0,1.0,1.0,1.0,1.0,1.0,1.0,1.0,1.0,1.0,1.0,1.0,1.0,1.0,1.0,1.0,1.0,1.0,1.0,1.0,1.0,1.0,1.0,1.0,2.0,1.0,1.0,1.0,1.0,1.0,1.0,1.0,1.0,1.0,1.0,1.0,1.0,1.0,1.0,1.0,1.0,1.0,1.0,1.0,1.0,2.0,1.0,3.0,1.0,1.0,1.0,1.0,2.0,1.0,1.0,1.0,1.0,1.0,1.0,1.0,1.0,1.0,1.0,1.0,433.0,1.0,2.0,1.0,1.0,1.0,1.0,1.0,4.0,3.0,3.0,4.0,2.0,1.0,3.0,3.0,1.0,2.0,1.0,1.0,1.0,1.0,1.0,1.0,1.0
2023-10-27,1.0,1.0,1.0,1.0,1.0,1.0,1.0,49.0,1.0,1.0,2.0,1.0,1.0,1.0,1.0,1.0,1.0,2.0,1.0,1.0,1.0,1.0,1.0,1.0,1.0,1.0,2.0,1.0,1.0,1.0,1.0,3.0,1.0,2.0,1.0,1.0,1.0,1.0,1.0,1.0,1.0,1.0,1.0,1.0,1.0,1.0,1.0,1.0,1.0,1.0,1.0,1.0,1.0,1.0,1.0,1.0,1.0,2.0,1.0,1.0,1.0,1.0,2.0,1.0,1.0,2.0,1.0,1.0,1.0,1.0,1.0,1.0,1.0,1.0,1.0,1.0,2.0,1.0,1.0,1.0,1.0,1.0,1.0,1.0,2.0,1.0,1.0,1.0,1.0,2.0,1.0,1.0,435.0,1.0,1.0,1.0,1.0,1.0,1.0,3.0,1.0,1.0,1.0,2.0,1.0,2.0,4.0,99.0,3.0,1.0,2.0,1.0,1.0,1.0,1.0,1.0,1.0,1.0,2.0,1.0,1.0,1.0,1.0,1.0,1.0,1.0,1.0,1.0,1.0,1.0,1.0,1.0,1.0,1.0,1.0,1.0,2.0,1.0,1.0,1.0,1.0,1.0,1.0,2.0,1.0,1.0,1.0,1.0,1.0,1.0,1.0,1.0,1.0,1.0,1.0,1.0,1.0,1.0,1.0,2.0,1.0,1.0,1.0,1.0,1.0,1.0,1.0,1.0,1.0,1.0,1.0,113.0,1.0,1.0,1.0,1.0,1.0,1.0,1.0,1.0,1.0,1.0,1.0,1.0,1.0,1.0,1.0,1.0,1.0,1.0,1.0,2.0,1.0,1.0,1.0,2.0,1.0,1.0,1.0,1.0,320.0,2.0,3.0,2.0,1.0,1.0,1.0,1.0,1.0,1.0,300.0,1.0,1.0,1.0,1.0,1.0,1.0,1.0,1.0,1.0,1.0,1.0,1.0,1.0,2.0,1.0,1.0,1.0,316.0,1.0,1.0,1.0,1.0,1.0,553.0,1.0,1.0,1.0,1.0,1.0,1.0,1.0,1.0,1.0,1.0,1.0,1.0,1.0,1.0,2.0,1.0,1.0,1.0,1.0,1.0,1.0,1.0,1.0,1.0,2.0,1.0,1.0,2.0,1.0,1.0,1.0,1.0,1.0,2.0,1.0,5.0,4.0,4.0,1.0,1.0,2.0,2.0,2.0,1.0,1.0,1.0,1.0,1.0,1.0,2.0,1.0,1.0,2.0,1.0,2.0,5.0,1.0,2.0,1.0,1.0,3.0,1.0,4.0,1.0,1.0,1.0,1.0,2.0,2.0,1.0,2.0,64.0,1.0,1.0,1.0,1.0,2.0,1.0,187.0,1.0,1.0,2.0,1.0,1.0,1.0,1.0,1.0,1.0,1.0,1.0,1.0,1.0,1.0,1.0,1.0,1.0,1.0,1.0,2.0,1.0,1.0,2.0,2.0,2.0,1.0,2.0,1.0,1.0,1.0,4.0,1.0,4.0,1.0,1.0,1.0,1.0,4.0,2.0,1.0,2.0,1.0,1.0,1.0,1.0,1.0,1.0,1.0,1.0,1.0,1.0,1.0,2.0,1.0,1.0,1.0,2.0,1.0,3.0,1.0,1.0,1.0,1.0,1.0,1.0,1.0,1.0,1.0,1.0,2.0,1.0,1.0,1.0,519.0,1.0,1.0,1.0,1.0,1.0,2.0,1.0,1.0,1.0,1.0,2.0,389.0,1.0,1.0,1.0,1.0,1.0,2.0,1.0,2.0,161.0,1.0,1.0,1.0,1.0,1.0,1.0,1.0,1.0,1.0,1.0,1.0,1.0,1.0,2.0,1.0,1.0,3.0,1.0,1.0,1.0,1.0,1.0,2.0,1.0,2.0,189.0,1.0,1.0,1.0,1.0,1.0,1.0,1.0,1.0,1.0,1.0,1.0,1.0,1.0,347.0,1.0,1.0,1.0,1.0,1.0,2.0,1.0,1.0,2.0,1.0,1.0,2.0,1.0,1.0,2.0,1.0,1.0,1.0,1.0,2.0,1.0,1.0,1.0,2.0,1.0,1.0,1.0,1.0,1.0,1.0,1.0,1.0,1.0,1.0,1.0,1.0,1.0,1.0,1.0,1.0,1.0,1.0,1.0,1.0,1.0,1.0,2.0,1.0,1.0,1.0,1.0,1.0,1.0,1.0,1.0,1.0,1.0,1.0,1.0,1.0,1.0,1.0,1.0,1.0,1.0,1.0,1.0,1.0,1.0,1.0,1.0,1.0,1.0,3.0,1.0,1.0,2.0,1.0,2.0,1.0,1.0,1.0,1.0,1.0,1.0,1.0,2.0,1.0,1.0,1.0,1.0,1.0,1.0,1.0,1.0,1.0,1.0,1.0,1.0,1.0,1.0,1.0,1.0,1.0,1.0,1.0,1.0,2.0,1.0,3.0,1.0,2.0,1.0,1.0,2.0,1.0,1.0,1.0,1.0,1.0,1.0,1.0,1.0,1.0,1.0,1.0,193.0,1.0,3.0,1.0,1.0,1.0,1.0,1.0,1.0,3.0,7.0,5.0,9.0,2.0,2.0,1.0,2.0,3.0,1.0,1.0,2.0,1.0,1.0,1.0,1.0
2023-10-28,3.0,1.0,1.0,1.0,1.0,3.0,2.0,114.0,2.0,1.0,1.0,2.0,1.0,1.0,1.0,1.0,1.0,2.0,1.0,1.0,1.0,2.0,1.0,2.0,2.0,1.0,1.0,1.0,1.0,1.0,2.0,2.0,3.0,1.0,3.0,1.0,4.0,1.0,1.0,1.0,1.0,1.0,1.0,1.0,1.0,1.0,1.0,1.0,1.0,1.0,1.0,1.0,1.0,1.0,1.0,2.0,1.0,2.0,1.0,1.0,2.0,1.0,2.0,1.0,1.0,2.0,3.0,1.0,1.0,1.0,1.0,1.0,1.0,2.0,1.0,1.0,2.0,1.0,1.0,1.0,1.0,4.0,1.0,3.0,2.0,2.0,1.0,1.0,2.0,1.0,3.0,1.0,435.0,1.0,1.0,1.0,1.0,1.0,1.0,4.0,1.0,1.0,1.0,2.0,1.0,3.0,4.0,99.0,2.0,1.0,1.0,2.0,1.0,1.0,1.0,1.0,2.0,1.0,1.0,1.0,1.0,1.0,1.0,1.0,1.0,1.0,1.0,1.0,2.0,1.0,1.0,2.0,1.0,1.0,2.0,1.0,2.0,1.0,1.0,2.0,1.0,1.0,2.0,1.0,2.0,1.0,1.0,1.0,2.0,1.0,1.0,1.0,1.0,1.0,1.0,1.0,1.0,1.0,1.0,2.0,1.0,2.0,1.0,1.0,1.0,1.0,2.0,1.0,3.0,1.0,1.0,139.0,1.0,1.0,1.0,1.0,1.0,1.0,1.0,1.0,1.0,1.0,1.0,1.0,1.0,1.0,1.0,1.0,1.0,1.0,2.0,1.0,1.0,1.0,1.0,2.0,1.0,1.0,1.0,1.0,320.0,1.0,1.0,2.0,1.0,1.0,1.0,1.0,1.0,1.0,297.0,1.0,1.0,1.0,1.0,1.0,1.0,1.0,1.0,1.0,1.0,3.0,1.0,1.0,3.0,1.0,1.0,1.0,316.0,1.0,1.0,1.0,2.0,1.0,553.0,1.0,1.0,1.0,1.0,1.0,1.0,1.0,1.0,1.0,1.0,1.0,1.0,1.0,1.0,1.0,1.0,2.0,3.0,1.0,1.0,1.0,1.0,1.0,4.0,1.0,1.0,1.0,1.0,2.0,1.0,2.0,1.0,4.0,3.0,2.0,4.0,1.0,1.0,5.0,1.0,2.0,3.0,2.0,4.0,1.0,1.0,1.0,1.0,1.0,2.0,1.0,1.0,1.0,2.0,4.0,1.0,4.0,2.0,1.0,1.0,3.0,1.0,2.0,5.0,1.0,1.0,1.0,2.0,1.0,1.0,1.0,55.0,3.0,1.0,2.0,1.0,2.0,1.0,163.0,1.0,2.0,1.0,2.0,1.0,1.0,1.0,1.0,1.0,1.0,1.0,1.0,1.0,2.0,2.0,1.0,1.0,1.0,1.0,1.0,1.0,1.0,1.0,2.0,1.0,1.0,1.0,2.0,1.0,3.0,9.0,4.0,2.0,1.0,2.0,2.0,4.0,1.0,2.0,1.0,2.0,1.0,4.0,1.0,3.0,2.0,1.0,1.0,1.0,1.0,1.0,1.0,1.0,1.0,1.0,2.0,1.0,2.0,4.0,4.0,2.0,1.0,1.0,1.0,1.0,216.0,3.0,1.0,1.0,1.0,2.0,1.0,1.0,519.0,1.0,1.0,1.0,1.0,1.0,2.0,1.0,1.0,1.0,2.0,1.0,364.0,1.0,1.0,1.0,1.0,1.0,2.0,1.0,1.0,136.0,2.0,1.0,1.0,1.0,2.0,1.0,1.0,1.0,1.0,1.0,1.0,4.0,1.0,4.0,2.0,3.0,1.0,11.0,4.0,1.0,1.0,4.0,1.0,4.0,8.0,589.0,1.0,3.0,2.0,1.0,1.0,1.0,1.0,1.0,1.0,1.0,1.0,1.0,1.0,598.0,2.0,1.0,1.0,1.0,1.0,1.0,2.0,2.0,2.0,2.0,1.0,3.0,4.0,1.0,2.0,1.0,1.0,1.0,1.0,2.0,1.0,3.0,1.0,2.0,1.0,1.0,1.0,1.0,2.0,1.0,1.0,1.0,1.0,2.0,2.0,1.0,2.0,1.0,1.0,2.0,1.0,1.0,2.0,1.0,1.0,1.0,1.0,1.0,1.0,1.0,1.0,2.0,1.0,1.0,1.0,1.0,1.0,1.0,1.0,1.0,3.0,1.0,1.0,1.0,1.0,1.0,1.0,85.0,1.0,1.0,1.0,1.0,1.0,38.0,3.0,1.0,4.0,1.0,4.0,1.0,2.0,1.0,1.0,1.0,3.0,1.0,3.0,1.0,1.0,1.0,1.0,1.0,1.0,1.0,1.0,1.0,1.0,1.0,1.0,1.0,1.0,1.0,1.0,2.0,1.0,1.0,1.0,2.0,2.0,3.0,1.0,2.0,4.0,1.0,2.0,5.0,1.0,1.0,2.0,1.0,1.0,1.0,1.0,1.0,1.0,1.0,256.0,2.0,1.0,13.0,1.0,2.0,6.0,19.0,34.0,1.0,4.0,8.0,11.0,5.0,2.0,1.0,1.0,5.0,6.0,1.0,1.0,1.0,1.0,15.0,1.0
2023-10-29,2.0,1.0,1.0,2.0,1.0,5.0,2.0,31.0,1.0,1.0,2.0,1.0,1.0,2.0,1.0,3.0,1.0,1.0,2.0,1.0,1.0,2.0,1.0,1.0,2.0,1.0,1.0,2.0,1.0,2.0,3.0,1.0,1.0,1.0,1.0,1.0,1.0,1.0,1.0,1.0,1.0,1.0,1.0,1.0,1.0,1.0,1.0,1.0,1.0,1.0,2.0,1.0,2.0,1.0,1.0,1.0,1.0,2.0,1.0,1.0,1.0,1.0,1.0,1.0,1.0,1.0,1.0,2.0,1.0,2.0,1.0,1.0,1.0,2.0,1.0,1.0,2.0,1.0,1.0,1.0,1.0,34.0,1.0,1.0,2.0,1.0,1.0,3.0,2.0,1.0,4.0,1.0,435.0,1.0,1.0,1.0,2.0,2.0,3.0,2.0,1.0,2.0,1.0,1.0,2.0,4.0,3.0,99.0,1.0,3.0,1.0,2.0,1.0,2.0,1.0,1.0,2.0,1.0,1.0,1.0,1.0,1.0,3.0,1.0,1.0,1.0,1.0,2.0,2.0,1.0,1.0,3.0,1.0,1.0,2.0,1.0,1.0,2.0,3.0,1.0,1.0,5.0,6.0,1.0,3.0,1.0,1.0,1.0,1.0,1.0,2.0,1.0,1.0,1.0,1.0,1.0,2.0,3.0,8.0,11.0,4.0,4.0,1.0,1.0,15.0,1.0,3.0,1.0,1.0,2.0,1.0,112.0,1.0,3.0,1.0,1.0,1.0,1.0,1.0,1.0,1.0,1.0,1.0,1.0,1.0,1.0,1.0,1.0,1.0,1.0,1.0,3.0,1.0,1.0,1.0,2.0,2.0,1.0,5.0,1.0,320.0,6.0,1.0,2.0,1.0,1.0,1.0,1.0,1.0,1.0,315.0,1.0,1.0,1.0,1.0,1.0,1.0,1.0,1.0,1.0,1.0,2.0,1.0,2.0,2.0,1.0,1.0,1.0,316.0,1.0,1.0,1.0,1.0,1.0,553.0,1.0,2.0,1.0,2.0,2.0,1.0,1.0,1.0,1.0,1.0,16.0,2.0,2.0,1.0,1.0,1.0,1.0,3.0,1.0,1.0,326.0,8.0,3.0,1.0,1.0,5.0,1.0,1.0,2.0,1.0,1.0,1.0,1.0,1.0,1.0,1.0,3.0,2.0,1.0,1.0,3.0,2.0,1.0,1.0,1.0,1.0,1.0,1.0,1.0,1.0,1.0,2.0,3.0,1.0,1.0,2.0,3.0,3.0,2.0,1.0,2.0,1.0,1.0,3.0,3.0,2.0,1.0,2.0,1.0,1.0,1.0,67.0,19.0,4.0,1.0,1.0,2.0,2.0,163.0,3.0,2.0,3.0,8.0,1.0,1.0,1.0,1.0,1.0,3.0,5.0,1.0,1.0,2.0,2.0,1.0,1.0,1.0,2.0,2.0,1.0,3.0,2.0,1.0,4.0,1.0,1.0,2.0,1.0,1.0,1.0,2.0,3.0,1.0,2.0,4.0,3.0,3.0,2.0,2.0,4.0,2.0,6.0,2.0,3.0,2.0,1.0,2.0,1.0,4.0,5.0,4.0,1.0,2.0,2.0,1.0,2.0,5.0,3.0,1.0,4.0,5.0,1.0,1.0,1.0,1.0,2.0,1.0,2.0,2.0,1.0,1.0,1.0,519.0,1.0,1.0,1.0,1.0,1.0,1.0,1.0,1.0,1.0,3.0,2.0,271.0,1.0,1.0,1.0,1.0,1.0,2.0,1.0,1.0,124.0,2.0,1.0,1.0,1.0,2.0,1.0,3.0,1.0,1.0,4.0,1.0,1.0,4.0,1.0,2.0,1.0,2.0,1.0,4.0,1.0,2.0,7.0,1.0,1.0,16.0,589.0,2.0,1.0,1.0,4.0,1.0,1.0,1.0,1.0,2.0,1.0,1.0,1.0,1.0,598.0,3.0,1.0,1.0,1.0,1.0,2.0,1.0,1.0,2.0,4.0,3.0,5.0,2.0,1.0,2.0,1.0,1.0,4.0,1.0,3.0,1.0,162.0,1.0,1.0,1.0,4.0,3.0,1.0,1.0,1.0,1.0,1.0,1.0,1.0,3.0,1.0,3.0,2.0,1.0,1.0,1.0,1.0,2.0,1.0,1.0,1.0,1.0,1.0,1.0,1.0,3.0,2.0,1.0,1.0,1.0,1.0,1.0,1.0,1.0,1.0,1.0,1.0,1.0,1.0,1.0,1.0,1.0,1.0,4.0,2.0,2.0,1.0,1.0,2.0,4.0,1.0,2.0,8.0,1.0,2.0,3.0,1.0,1.0,1.0,1.0,1.0,2.0,5.0,5.0,1.0,1.0,1.0,1.0,2.0,1.0,1.0,1.0,1.0,15.0,7.0,1.0,1.0,4.0,1.0,4.0,1.0,2.0,4.0,1.0,3.0,1.0,2.0,4.0,1.0,2.0,1.0,1.0,1.0,1.0,1.0,1.0,3.0,1.0,2.0,1.0,1.0,242.0,1.0,2.0,28.0,9.0,5.0,33.0,37.0,45.0,3.0,4.0,12.0,12.0,6.0,2.0,1.0,4.0,4.0,11.0,12.0,25.0,1.0,1.0,38.0,7.0
2023-10-30,1.0,1.0,1.0,1.0,1.0,1.0,1.0,62.0,1.0,1.0,1.0,1.0,1.0,1.0,1.0,1.0,1.0,1.0,1.0,1.0,2.0,2.0,1.0,1.0,1.0,1.0,1.0,1.0,1.0,1.0,1.0,1.0,2.0,1.0,1.0,1.0,1.0,1.0,1.0,1.0,1.0,1.0,1.0,1.0,1.0,1.0,1.0,1.0,1.0,1.0,1.0,1.0,2.0,1.0,1.0,1.0,1.0,1.0,1.0,1.0,2.0,1.0,2.0,1.0,1.0,1.0,1.0,1.0,1.0,1.0,1.0,1.0,1.0,1.0,1.0,1.0,1.0,1.0,1.0,1.0,1.0,1.0,1.0,2.0,2.0,1.0,1.0,2.0,4.0,1.0,2.0,1.0,435.0,1.0,1.0,1.0,1.0,2.0,1.0,4.0,2.0,1.0,1.0,2.0,1.0,2.0,1.0,99.0,1.0,1.0,2.0,1.0,1.0,3.0,12.0,3.0,1.0,1.0,2.0,1.0,1.0,1.0,1.0,1.0,1.0,1.0,1.0,1.0,1.0,1.0,1.0,1.0,1.0,1.0,1.0,1.0,2.0,1.0,1.0,1.0,1.0,1.0,1.0,1.0,2.0,1.0,1.0,1.0,1.0,1.0,1.0,1.0,1.0,1.0,1.0,1.0,1.0,1.0,1.0,1.0,1.0,1.0,1.0,1.0,1.0,1.0,1.0,1.0,1.0,2.0,1.0,132.0,1.0,1.0,2.0,1.0,1.0,1.0,1.0,1.0,1.0,1.0,1.0,1.0,1.0,1.0,1.0,2.0,1.0,1.0,1.0,2.0,1.0,1.0,1.0,2.0,1.0,2.0,1.0,1.0,320.0,2.0,1.0,2.0,1.0,1.0,1.0,1.0,2.0,1.0,273.0,1.0,1.0,1.0,2.0,1.0,1.0,1.0,2.0,1.0,1.0,1.0,1.0,1.0,1.0,2.0,1.0,1.0,316.0,1.0,1.0,1.0,1.0,1.0,553.0,2.0,2.0,1.0,1.0,2.0,1.0,1.0,1.0,1.0,1.0,1.0,1.0,1.0,1.0,1.0,1.0,1.0,1.0,1.0,1.0,413.0,1.0,1.0,1.0,2.0,1.0,1.0,1.0,1.0,1.0,1.0,1.0,2.0,1.0,1.0,1.0,2.0,1.0,1.0,1.0,5.0,1.0,1.0,1.0,1.0,1.0,2.0,1.0,1.0,1.0,1.0,1.0,4.0,2.0,3.0,5.0,3.0,2.0,1.0,1.0,1.0,1.0,3.0,1.0,1.0,2.0,1.0,1.0,1.0,1.0,1.0,59.0,2.0,1.0,1.0,1.0,1.0,1.0,163.0,1.0,1.0,1.0,1.0,1.0,1.0,1.0,1.0,1.0,1.0,1.0,1.0,1.0,1.0,1.0,1.0,1.0,1.0,2.0,1.0,2.0,2.0,1.0,1.0,1.0,1.0,1.0,1.0,1.0,1.0,6.0,2.0,3.0,1.0,2.0,2.0,1.0,2.0,1.0,1.0,3.0,1.0,1.0,3.0,4.0,2.0,1.0,1.0,1.0,2.0,3.0,1.0,1.0,1.0,1.0,1.0,1.0,1.0,3.0,1.0,1.0,1.0,1.0,1.0,1.0,1.0,1.0,1.0,1.0,1.0,1.0,1.0,1.0,519.0,1.0,1.0,1.0,1.0,1.0,1.0,1.0,1.0,1.0,2.0,1.0,338.0,1.0,1.0,1.0,1.0,1.0,3.0,1.0,1.0,160.0,1.0,1.0,1.0,2.0,1.0,1.0,1.0,1.0,1.0,1.0,1.0,1.0,1.0,3.0,1.0,1.0,1.0,4.0,1.0,1.0,1.0,1.0,1.0,1.0,6.0,123.0,1.0,1.0,1.0,1.0,1.0,1.0,1.0,1.0,2.0,1.0,1.0,1.0,2.0,574.0,2.0,1.0,1.0,1.0,1.0,1.0,1.0,1.0,2.0,1.0,2.0,2.0,3.0,1.0,2.0,1.0,1.0,1.0,1.0,1.0,2.0,115.0,1.0,1.0,1.0,1.0,1.0,1.0,1.0,1.0,1.0,1.0,1.0,1.0,1.0,1.0,1.0,1.0,1.0,1.0,1.0,1.0,1.0,4.0,1.0,1.0,1.0,1.0,1.0,1.0,1.0,1.0,1.0,1.0,1.0,1.0,1.0,1.0,2.0,1.0,1.0,1.0,1.0,1.0,1.0,1.0,1.0,1.0,1.0,2.0,1.0,3.0,1.0,1.0,3.0,1.0,1.0,1.0,2.0,2.0,1.0,1.0,1.0,1.0,1.0,1.0,1.0,4.0,1.0,1.0,1.0,1.0,1.0,1.0,1.0,1.0,1.0,166.0,1.0,1.0,1.0,1.0,1.0,1.0,1.0,1.0,1.0,2.0,1.0,3.0,1.0,1.0,2.0,1.0,1.0,1.0,1.0,1.0,1.0,1.0,1.0,1.0,1.0,1.0,1.0,1.0,174.0,1.0,1.0,1.0,1.0,2.0,1.0,1.0,1.0,6.0,2.0,4.0,1.0,1.0,3.0,1.0,1.0,4.0,1.0,1.0,2.0,1.0,1.0,1.0,1.0
2023-10-31,1.0,1.0,1.0,1.0,1.0,2.0,1.0,39.0,1.0,1.0,1.0,5.0,1.0,1.0,1.0,1.0,1.0,11.0,1.0,1.0,1.0,1.0,1.0,1.0,1.0,1.0,1.0,1.0,1.0,1.0,2.0,1.0,1.0,1.0,1.0,1.0,1.0,1.0,1.0,2.0,2.0,1.0,1.0,1.0,1.0,1.0,1.0,1.0,1.0,1.0,1.0,1.0,1.0,1.0,1.0,1.0,1.0,1.0,1.0,1.0,1.0,2.0,1.0,1.0,1.0,1.0,2.0,1.0,1.0,1.0,1.0,1.0,1.0,1.0,1.0,1.0,2.0,1.0,1.0,1.0,1.0,13.0,1.0,1.0,1.0,1.0,4.0,4.0,1.0,1.0,1.0,7.0,435.0,1.0,1.0,1.0,1.0,1.0,2.0,1.0,1.0,1.0,1.0,1.0,2.0,3.0,1.0,99.0,1.0,1.0,1.0,1.0,1.0,1.0,1.0,1.0,1.0,1.0,1.0,1.0,1.0,1.0,1.0,1.0,1.0,1.0,2.0,1.0,1.0,1.0,1.0,1.0,1.0,1.0,2.0,1.0,1.0,2.0,1.0,1.0,1.0,2.0,8.0,10.0,10.0,1.0,2.0,1.0,1.0,1.0,3.0,1.0,1.0,1.0,1.0,1.0,1.0,1.0,1.0,2.0,1.0,1.0,1.0,1.0,1.0,2.0,1.0,1.0,1.0,1.0,1.0,113.0,1.0,1.0,1.0,1.0,1.0,1.0,1.0,1.0,1.0,1.0,1.0,1.0,1.0,1.0,2.0,1.0,1.0,1.0,1.0,1.0,1.0,1.0,1.0,2.0,2.0,1.0,1.0,1.0,320.0,2.0,1.0,2.0,1.0,1.0,1.0,1.0,1.0,1.0,290.0,1.0,1.0,1.0,1.0,1.0,1.0,1.0,1.0,1.0,1.0,1.0,1.0,3.0,2.0,3.0,1.0,1.0,316.0,1.0,1.0,1.0,1.0,1.0,553.0,1.0,1.0,1.0,1.0,1.0,1.0,2.0,1.0,1.0,1.0,1.0,1.0,1.0,1.0,1.0,3.0,1.0,1.0,3.0,1.0,47.0,1.0,1.0,1.0,1.0,2.0,1.0,1.0,1.0,1.0,2.0,1.0,2.0,1.0,3.0,1.0,4.0,2.0,1.0,4.0,4.0,1.0,1.0,1.0,1.0,2.0,1.0,1.0,1.0,1.0,1.0,1.0,1.0,2.0,1.0,2.0,2.0,2.0,2.0,1.0,1.0,2.0,2.0,1.0,2.0,1.0,1.0,1.0,1.0,1.0,2.0,62.0,1.0,1.0,1.0,1.0,2.0,1.0,163.0,1.0,1.0,1.0,1.0,1.0,1.0,1.0,1.0,1.0,1.0,1.0,1.0,1.0,1.0,1.0,1.0,1.0,1.0,2.0,1.0,1.0,1.0,2.0,1.0,1.0,1.0,1.0,2.0,1.0,1.0,2.0,2.0,2.0,1.0,1.0,4.0,3.0,2.0,2.0,1.0,2.0,6.0,1.0,4.0,3.0,1.0,1.0,1.0,1.0,1.0,1.0,1.0,1.0,1.0,1.0,1.0,1.0,1.0,2.0,1.0,5.0,1.0,1.0,1.0,1.0,1.0,1.0,1.0,2.0,1.0,1.0,1.0,1.0,519.0,1.0,1.0,1.0,1.0,1.0,1.0,1.0,1.0,1.0,1.0,1.0,97.0,1.0,1.0,1.0,1.0,2.0,2.0,1.0,1.0,1.0,1.0,2.0,1.0,2.0,1.0,1.0,1.0,1.0,1.0,1.0,1.0,1.0,1.0,1.0,1.0,1.0,1.0,1.0,1.0,1.0,1.0,1.0,1.0,1.0,1.0,1.0,1.0,2.0,1.0,1.0,1.0,1.0,1.0,2.0,2.0,1.0,1.0,1.0,1.0,1.0,1.0,1.0,1.0,1.0,1.0,1.0,1.0,1.0,2.0,1.0,1.0,4.0,1.0,1.0,2.0,1.0,1.0,1.0,1.0,1.0,1.0,1.0,1.0,1.0,1.0,1.0,1.0,1.0,1.0,1.0,1.0,1.0,1.0,1.0,1.0,1.0,1.0,1.0,1.0,1.0,1.0,1.0,1.0,1.0,1.0,1.0,1.0,1.0,1.0,1.0,1.0,1.0,2.0,1.0,1.0,1.0,1.0,1.0,1.0,1.0,1.0,1.0,1.0,1.0,1.0,1.0,1.0,1.0,1.0,1.0,1.0,1.0,1.0,1.0,1.0,1.0,2.0,1.0,2.0,1.0,1.0,1.0,1.0,1.0,1.0,1.0,1.0,1.0,1.0,1.0,1.0,1.0,1.0,2.0,1.0,1.0,1.0,1.0,1.0,1.0,1.0,1.0,1.0,1.0,1.0,1.0,2.0,1.0,1.0,3.0,1.0,1.0,2.0,1.0,1.0,1.0,1.0,1.0,1.0,1.0,1.0,1.0,1.0,1.0,1.0,1.0,176.0,1.0,1.0,1.0,1.0,1.0,1.0,1.0,9.0,5.0,5.0,6.0,7.0,4.0,2.0,1.0,1.0,3.0,1.0,1.0,1.0,1.0,1.0,1.0,1.0
2023-11-01,1.0,1.0,1.0,1.0,1.0,1.0,1.0,40.0,1.0,1.0,1.0,2.0,1.0,4.0,2.0,1.0,2.0,7.0,1.0,4.0,1.0,1.0,1.0,5.0,1.0,1.0,4.0,1.0,1.0,1.0,1.0,2.0,1.0,1.0,3.0,1.0,1.0,2.0,2.0,2.0,1.0,8.0,1.0,1.0,1.0,1.0,1.0,3.0,1.0,1.0,1.0,1.0,1.0,1.0,1.0,1.0,2.0,1.0,7.0,9.0,1.0,12.0,1.0,1.0,1.0,1.0,2.0,1.0,1.0,1.0,1.0,1.0,1.0,1.0,1.0,1.0,1.0,1.0,1.0,1.0,1.0,11.0,1.0,1.0,3.0,2.0,1.0,1.0,1.0,3.0,2.0,3.0,435.0,1.0,1.0,1.0,3.0,1.0,1.0,1.0,1.0,1.0,1.0,2.0,2.0,4.0,1.0,99.0,1.0,2.0,1.0,1.0,1.0,1.0,2.0,1.0,3.0,1.0,1.0,1.0,1.0,1.0,1.0,1.0,1.0,1.0,4.0,1.0,1.0,2.0,1.0,1.0,1.0,1.0,1.0,1.0,1.0,1.0,1.0,1.0,1.0,2.0,1.0,1.0,2.0,2.0,1.0,1.0,2.0,1.0,8.0,3.0,1.0,1.0,1.0,1.0,1.0,1.0,1.0,2.0,1.0,2.0,1.0,1.0,1.0,1.0,1.0,1.0,1.0,1.0,3.0,115.0,2.0,1.0,2.0,1.0,1.0,1.0,1.0,1.0,1.0,1.0,1.0,1.0,1.0,1.0,1.0,1.0,1.0,1.0,3.0,1.0,2.0,1.0,1.0,2.0,1.0,1.0,1.0,1.0,320.0,5.0,1.0,2.0,1.0,1.0,1.0,2.0,2.0,1.0,298.0,1.0,1.0,6.0,1.0,1.0,1.0,1.0,2.0,1.0,1.0,3.0,1.0,3.0,2.0,1.0,1.0,2.0,316.0,1.0,1.0,1.0,1.0,1.0,553.0,1.0,1.0,1.0,2.0,1.0,1.0,1.0,3.0,1.0,1.0,1.0,1.0,2.0,1.0,1.0,1.0,1.0,6.0,1.0,1.0,421.0,1.0,1.0,2.0,2.0,1.0,1.0,1.0,1.0,1.0,1.0,1.0,3.0,4.0,2.0,5.0,7.0,1.0,1.0,1.0,2.0,4.0,1.0,2.0,2.0,1.0,1.0,1.0,1.0,1.0,1.0,3.0,3.0,2.0,3.0,6.0,1.0,2.0,1.0,1.0,3.0,1.0,1.0,2.0,2.0,1.0,1.0,1.0,1.0,1.0,1.0,85.0,3.0,1.0,2.0,1.0,1.0,1.0,163.0,1.0,2.0,1.0,1.0,1.0,1.0,1.0,1.0,1.0,1.0,1.0,1.0,1.0,1.0,1.0,1.0,1.0,2.0,1.0,2.0,1.0,1.0,3.0,2.0,1.0,1.0,1.0,1.0,1.0,1.0,2.0,1.0,2.0,1.0,1.0,2.0,4.0,6.0,2.0,1.0,3.0,1.0,1.0,2.0,2.0,1.0,1.0,1.0,1.0,2.0,1.0,2.0,1.0,1.0,1.0,1.0,1.0,2.0,4.0,1.0,2.0,1.0,1.0,1.0,1.0,1.0,1.0,1.0,1.0,1.0,1.0,1.0,1.0,519.0,1.0,1.0,1.0,1.0,1.0,1.0,1.0,1.0,1.0,1.0,1.0,110.0,1.0,1.0,1.0,1.0,1.0,1.0,1.0,1.0,1.0,1.0,2.0,1.0,1.0,1.0,1.0,2.0,1.0,1.0,1.0,1.0,9.0,7.0,1.0,1.0,1.0,1.0,1.0,1.0,3.0,2.0,1.0,1.0,1.0,2.0,1.0,1.0,1.0,1.0,1.0,1.0,1.0,1.0,1.0,1.0,1.0,1.0,1.0,1.0,1.0,1.0,2.0,1.0,1.0,1.0,1.0,1.0,1.0,1.0,2.0,1.0,4.0,1.0,1.0,2.0,1.0,1.0,1.0,1.0,1.0,2.0,107.0,1.0,1.0,1.0,1.0,1.0,2.0,1.0,1.0,1.0,1.0,2.0,1.0,1.0,1.0,4.0,1.0,6.0,1.0,1.0,1.0,1.0,1.0,1.0,1.0,3.0,3.0,1.0,1.0,1.0,1.0,152.0,1.0,1.0,1.0,1.0,1.0,2.0,1.0,3.0,1.0,1.0,1.0,1.0,1.0,1.0,1.0,1.0,1.0,2.0,1.0,1.0,1.0,1.0,1.0,1.0,1.0,4.0,2.0,1.0,1.0,1.0,1.0,1.0,1.0,2.0,1.0,1.0,1.0,1.0,1.0,1.0,1.0,1.0,1.0,1.0,1.0,1.0,1.0,1.0,1.0,1.0,1.0,1.0,1.0,1.0,2.0,1.0,3.0,3.0,2.0,1.0,1.0,1.0,1.0,1.0,1.0,1.0,2.0,1.0,1.0,1.0,1.0,1.0,1.0,226.0,1.0,1.0,1.0,1.0,1.0,1.0,1.0,1.0,1.0,5.0,2.0,4.0,2.0,4.0,2.0,1.0,3.0,1.0,1.0,1.0,1.0,1.0,1.0,1.0
2023-11-02,1.0,1.0,1.0,1.0,1.0,1.0,1.0,25.0,1.0,1.0,1.0,1.0,1.0,1.0,1.0,1.0,1.0,1.0,1.0,1.0,1.0,1.0,1.0,1.0,1.0,1.0,1.0,1.0,1.0,1.0,1.0,1.0,1.0,1.0,2.0,1.0,1.0,1.0,1.0,1.0,1.0,1.0,1.0,1.0,1.0,1.0,1.0,1.0,1.0,1.0,1.0,1.0,1.0,1.0,1.0,1.0,1.0,1.0,1.0,1.0,1.0,1.0,1.0,1.0,1.0,1.0,1.0,1.0,1.0,1.0,1.0,1.0,1.0,2.0,1.0,1.0,2.0,1.0,1.0,1.0,1.0,1.0,1.0,1.0,2.0,1.0,1.0,1.0,1.0,2.0,1.0,1.0,435.0,1.0,1.0,1.0,1.0,1.0,3.0,2.0,1.0,1.0,1.0,2.0,1.0,1.0,2.0,99.0,1.0,1.0,2.0,1.0,1.0,1.0,1.0,1.0,1.0,1.0,1.0,1.0,1.0,1.0,1.0,1.0,1.0,1.0,1.0,1.0,1.0,1.0,1.0,1.0,2.0,1.0,1.0,2.0,2.0,1.0,1.0,1.0,1.0,1.0,1.0,1.0,2.0,1.0,1.0,1.0,1.0,1.0,1.0,1.0,1.0,1.0,1.0,1.0,1.0,1.0,1.0,2.0,1.0,1.0,1.0,1.0,1.0,1.0,1.0,1.0,2.0,1.0,1.0,135.0,1.0,1.0,1.0,1.0,1.0,1.0,1.0,1.0,1.0,1.0,1.0,1.0,1.0,1.0,1.0,1.0,1.0,1.0,1.0,1.0,1.0,1.0,1.0,2.0,1.0,1.0,1.0,1.0,320.0,2.0,1.0,2.0,1.0,1.0,1.0,1.0,1.0,1.0,287.0,1.0,1.0,1.0,1.0,1.0,1.0,1.0,1.0,1.0,1.0,1.0,1.0,1.0,3.0,1.0,1.0,1.0,316.0,1.0,1.0,1.0,1.0,1.0,553.0,1.0,1.0,1.0,1.0,1.0,1.0,1.0,1.0,1.0,1.0,1.0,1.0,1.0,1.0,1.0,1.0,1.0,1.0,1.0,1.0,413.0,1.0,1.0,1.0,1.0,1.0,1.0,1.0,1.0,1.0,2.0,3.0,2.0,1.0,2.0,2.0,2.0,1.0,1.0,2.0,3.0,3.0,1.0,1.0,1.0,1.0,1.0,1.0,1.0,1.0,1.0,1.0,2.0,1.0,3.0,2.0,1.0,2.0,1.0,1.0,4.0,1.0,1.0,1.0,2.0,1.0,2.0,1.0,1.0,1.0,1.0,1.0,1.0,1.0,1.0,1.0,1.0,1.0,163.0,1.0,1.0,1.0,1.0,1.0,1.0,1.0,1.0,1.0,1.0,1.0,1.0,1.0,1.0,1.0,1.0,1.0,1.0,1.0,2.0,1.0,1.0,2.0,1.0,1.0,1.0,1.0,1.0,1.0,1.0,1.0,6.0,3.0,1.0,1.0,1.0,2.0,3.0,1.0,2.0,2.0,1.0,2.0,2.0,3.0,1.0,2.0,1.0,1.0,1.0,1.0,1.0,1.0,1.0,1.0,1.0,1.0,1.0,4.0,3.0,1.0,1.0,1.0,1.0,1.0,1.0,1.0,1.0,1.0,1.0,1.0,1.0,1.0,519.0,1.0,1.0,1.0,1.0,2.0,1.0,2.0,1.0,1.0,2.0,1.0,156.0,1.0,1.0,1.0,2.0,1.0,2.0,1.0,1.0,117.0,1.0,1.0,1.0,1.0,1.0,1.0,1.0,1.0,1.0,1.0,1.0,1.0,1.0,1.0,1.0,1.0,1.0,1.0,1.0,1.0,1.0,2.0,1.0,1.0,2.0,1.0,1.0,1.0,1.0,1.0,1.0,1.0,1.0,1.0,1.0,1.0,1.0,1.0,1.0,1.0,1.0,2.0,2.0,1.0,1.0,1.0,1.0,1.0,2.0,1.0,4.0,4.0,2.0,1.0,2.0,1.0,1.0,1.0,1.0,1.0,1.0,162.0,1.0,1.0,1.0,1.0,1.0,1.0,1.0,1.0,1.0,1.0,1.0,1.0,1.0,1.0,1.0,1.0,1.0,1.0,1.0,1.0,1.0,1.0,1.0,1.0,2.0,1.0,1.0,1.0,1.0,1.0,583.0,1.0,1.0,1.0,1.0,1.0,1.0,1.0,1.0,1.0,1.0,1.0,1.0,1.0,1.0,1.0,1.0,1.0,1.0,1.0,1.0,2.0,3.0,1.0,1.0,1.0,1.0,1.0,1.0,1.0,1.0,1.0,1.0,1.0,1.0,1.0,1.0,1.0,1.0,1.0,1.0,1.0,1.0,1.0,1.0,1.0,1.0,1.0,1.0,1.0,1.0,1.0,1.0,1.0,1.0,2.0,1.0,3.0,1.0,2.0,3.0,1.0,1.0,1.0,1.0,1.0,1.0,1.0,1.0,1.0,1.0,1.0,1.0,1.0,173.0,1.0,2.0,1.0,2.0,1.0,1.0,1.0,1.0,1.0,2.0,1.0,2.0,1.0,3.0,2.0,1.0,4.0,1.0,1.0,1.0,1.0,1.0,1.0,1.0
2023-11-03,37.0,367.0,1.0,1.0,2.0,1.0,1.0,87.0,1.0,1.0,1.0,1.0,1.0,1.0,3.0,1.0,1.0,1.0,1.0,1.0,2.0,1.0,1.0,1.0,1.0,1.0,1.0,1.0,1.0,1.0,3.0,4.0,1.0,1.0,1.0,1.0,1.0,5.0,1.0,1.0,1.0,1.0,1.0,1.0,1.0,1.0,1.0,1.0,1.0,1.0,1.0,1.0,2.0,1.0,5.0,1.0,1.0,1.0,1.0,1.0,1.0,1.0,2.0,1.0,1.0,1.0,1.0,2.0,1.0,1.0,1.0,1.0,1.0,1.0,1.0,1.0,2.0,1.0,1.0,1.0,1.0,1.0,1.0,1.0,2.0,3.0,1.0,1.0,1.0,2.0,1.0,1.0,435.0,1.0,1.0,2.0,1.0,1.0,3.0,1.0,1.0,1.0,1.0,2.0,1.0,3.0,1.0,99.0,3.0,1.0,1.0,1.0,1.0,1.0,1.0,1.0,1.0,1.0,1.0,1.0,1.0,1.0,10.0,1.0,1.0,1.0,1.0,1.0,1.0,1.0,1.0,1.0,1.0,1.0,1.0,1.0,2.0,1.0,1.0,1.0,1.0,1.0,1.0,1.0,1.0,1.0,1.0,1.0,1.0,1.0,1.0,1.0,1.0,1.0,1.0,1.0,1.0,1.0,1.0,2.0,1.0,1.0,1.0,1.0,1.0,1.0,1.0,1.0,1.0,1.0,1.0,8.0,1.0,1.0,1.0,1.0,1.0,1.0,1.0,1.0,1.0,1.0,1.0,1.0,1.0,1.0,2.0,1.0,1.0,1.0,1.0,2.0,1.0,1.0,1.0,1.0,2.0,1.0,1.0,1.0,62.0,1.0,1.0,2.0,1.0,1.0,1.0,1.0,1.0,1.0,295.0,1.0,1.0,1.0,1.0,1.0,1.0,1.0,1.0,1.0,1.0,1.0,1.0,2.0,1.0,1.0,1.0,1.0,316.0,1.0,1.0,1.0,1.0,2.0,553.0,1.0,1.0,1.0,1.0,1.0,1.0,1.0,1.0,1.0,1.0,1.0,1.0,1.0,1.0,1.0,1.0,1.0,1.0,1.0,1.0,413.0,1.0,1.0,1.0,1.0,1.0,1.0,1.0,1.0,1.0,3.0,3.0,2.0,1.0,3.0,2.0,1.0,1.0,1.0,1.0,3.0,1.0,3.0,1.0,1.0,1.0,1.0,1.0,1.0,1.0,1.0,1.0,2.0,1.0,1.0,3.0,4.0,1.0,1.0,1.0,2.0,1.0,1.0,2.0,2.0,3.0,1.0,1.0,1.0,1.0,1.0,1.0,1.0,1.0,1.0,1.0,1.0,1.0,163.0,1.0,2.0,1.0,1.0,1.0,1.0,1.0,1.0,1.0,1.0,1.0,1.0,1.0,1.0,1.0,1.0,1.0,1.0,1.0,1.0,1.0,1.0,2.0,2.0,1.0,1.0,2.0,1.0,1.0,1.0,2.0,11.0,3.0,1.0,1.0,4.0,2.0,1.0,2.0,1.0,5.0,1.0,1.0,1.0,3.0,1.0,2.0,1.0,1.0,1.0,1.0,2.0,1.0,1.0,2.0,2.0,1.0,3.0,4.0,2.0,1.0,1.0,1.0,1.0,1.0,1.0,1.0,1.0,1.0,1.0,1.0,1.0,1.0,519.0,1.0,1.0,1.0,1.0,1.0,1.0,3.0,1.0,1.0,1.0,1.0,1.0,1.0,1.0,1.0,1.0,2.0,1.0,2.0,1.0,1.0,1.0,2.0,1.0,3.0,1.0,1.0,1.0,1.0,1.0,1.0,1.0,1.0,2.0,1.0,1.0,1.0,2.0,2.0,1.0,1.0,1.0,2.0,1.0,1.0,1.0,1.0,1.0,2.0,1.0,1.0,1.0,1.0,1.0,1.0,1.0,1.0,1.0,1.0,1.0,1.0,3.0,1.0,1.0,1.0,1.0,1.0,1.0,1.0,1.0,2.0,1.0,3.0,1.0,2.0,2.0,1.0,1.0,1.0,1.0,2.0,2.0,1.0,1.0,1.0,1.0,1.0,1.0,1.0,1.0,1.0,1.0,1.0,1.0,2.0,1.0,1.0,4.0,1.0,1.0,1.0,1.0,1.0,1.0,1.0,1.0,1.0,1.0,1.0,1.0,1.0,1.0,2.0,1.0,1.0,1.0,1.0,1.0,1.0,1.0,1.0,1.0,1.0,1.0,1.0,1.0,1.0,1.0,1.0,1.0,2.0,1.0,1.0,1.0,1.0,1.0,1.0,1.0,1.0,1.0,1.0,1.0,1.0,1.0,1.0,1.0,1.0,1.0,1.0,1.0,1.0,1.0,1.0,1.0,2.0,1.0,1.0,1.0,1.0,1.0,1.0,1.0,1.0,1.0,1.0,1.0,1.0,2.0,1.0,1.0,2.0,1.0,2.0,1.0,1.0,2.0,1.0,1.0,1.0,1.0,1.0,1.0,1.0,1.0,1.0,1.0,1.0,200.0,1.0,2.0,1.0,1.0,1.0,1.0,1.0,1.0,1.0,3.0,1.0,1.0,1.0,4.0,3.0,1.0,3.0,1.0,1.0,1.0,1.0,1.0,1.0,1.0
2023-11-04,1.0,1.0,1.0,2.0,1.0,1.0,1.0,75.0,1.0,1.0,1.0,2.0,1.0,2.0,1.0,1.0,1.0,1.0,2.0,1.0,1.0,2.0,1.0,1.0,1.0,1.0,1.0,1.0,1.0,1.0,3.0,1.0,1.0,1.0,5.0,1.0,2.0,1.0,1.0,1.0,1.0,1.0,1.0,1.0,1.0,2.0,1.0,1.0,1.0,1.0,1.0,1.0,2.0,1.0,1.0,1.0,2.0,1.0,1.0,1.0,1.0,1.0,1.0,1.0,1.0,1.0,1.0,1.0,1.0,1.0,1.0,1.0,2.0,4.0,1.0,1.0,1.0,1.0,1.0,1.0,1.0,2.0,1.0,2.0,1.0,1.0,2.0,1.0,2.0,1.0,1.0,1.0,435.0,1.0,1.0,1.0,1.0,1.0,3.0,1.0,1.0,1.0,1.0,1.0,2.0,4.0,1.0,99.0,1.0,1.0,1.0,1.0,1.0,1.0,1.0,2.0,2.0,1.0,2.0,1.0,1.0,1.0,1.0,1.0,1.0,1.0,3.0,1.0,2.0,1.0,1.0,1.0,3.0,1.0,2.0,1.0,2.0,1.0,1.0,1.0,1.0,1.0,1.0,1.0,2.0,1.0,1.0,1.0,1.0,1.0,1.0,1.0,1.0,1.0,1.0,1.0,1.0,1.0,1.0,1.0,1.0,1.0,1.0,1.0,1.0,1.0,1.0,1.0,1.0,1.0,1.0,1.0,1.0,1.0,2.0,1.0,1.0,1.0,1.0,1.0,1.0,1.0,1.0,1.0,1.0,1.0,2.0,1.0,1.0,1.0,2.0,1.0,1.0,2.0,1.0,2.0,1.0,1.0,1.0,1.0,1.0,1.0,1.0,2.0,1.0,1.0,1.0,1.0,1.0,1.0,295.0,1.0,1.0,1.0,1.0,1.0,1.0,1.0,1.0,13.0,1.0,1.0,1.0,2.0,1.0,1.0,1.0,1.0,316.0,2.0,1.0,1.0,1.0,3.0,553.0,1.0,1.0,1.0,1.0,3.0,1.0,1.0,1.0,1.0,1.0,1.0,1.0,1.0,1.0,1.0,1.0,1.0,3.0,1.0,1.0,413.0,1.0,2.0,1.0,1.0,1.0,1.0,1.0,1.0,1.0,2.0,1.0,1.0,1.0,2.0,5.0,7.0,3.0,1.0,1.0,2.0,1.0,1.0,3.0,2.0,1.0,1.0,1.0,1.0,2.0,1.0,4.0,1.0,1.0,1.0,1.0,1.0,1.0,3.0,1.0,5.0,1.0,1.0,4.0,2.0,2.0,1.0,1.0,1.0,1.0,1.0,1.0,1.0,1.0,1.0,1.0,2.0,1.0,163.0,1.0,2.0,1.0,1.0,1.0,1.0,1.0,1.0,2.0,1.0,1.0,1.0,1.0,1.0,1.0,1.0,1.0,1.0,2.0,1.0,2.0,2.0,2.0,2.0,1.0,1.0,1.0,2.0,1.0,1.0,3.0,2.0,5.0,1.0,1.0,3.0,9.0,6.0,2.0,1.0,2.0,1.0,1.0,1.0,2.0,2.0,1.0,2.0,1.0,1.0,1.0,1.0,1.0,1.0,1.0,2.0,1.0,1.0,3.0,4.0,5.0,1.0,3.0,1.0,1.0,1.0,1.0,1.0,1.0,1.0,2.0,1.0,1.0,519.0,1.0,1.0,1.0,1.0,1.0,2.0,1.0,1.0,1.0,2.0,1.0,476.0,1.0,1.0,1.0,1.0,3.0,1.0,2.0,1.0,1.0,1.0,1.0,1.0,1.0,5.0,1.0,1.0,1.0,1.0,1.0,1.0,2.0,2.0,1.0,1.0,1.0,2.0,2.0,1.0,1.0,1.0,1.0,5.0,1.0,2.0,1.0,1.0,1.0,1.0,1.0,1.0,1.0,1.0,1.0,1.0,1.0,1.0,1.0,1.0,1.0,3.0,1.0,1.0,1.0,1.0,2.0,1.0,1.0,1.0,1.0,1.0,1.0,1.0,1.0,2.0,1.0,1.0,1.0,1.0,3.0,1.0,3.0,2.0,1.0,1.0,1.0,1.0,1.0,1.0,1.0,1.0,1.0,1.0,1.0,1.0,1.0,2.0,1.0,1.0,1.0,1.0,1.0,2.0,1.0,1.0,1.0,1.0,1.0,1.0,1.0,1.0,1.0,1.0,1.0,1.0,1.0,1.0,1.0,1.0,1.0,2.0,1.0,1.0,1.0,1.0,1.0,1.0,1.0,1.0,2.0,1.0,1.0,1.0,1.0,1.0,3.0,2.0,1.0,1.0,2.0,1.0,1.0,1.0,1.0,1.0,1.0,1.0,1.0,1.0,1.0,1.0,1.0,1.0,1.0,1.0,1.0,1.0,239.0,1.0,2.0,2.0,1.0,1.0,1.0,1.0,1.0,4.0,2.0,1.0,3.0,1.0,1.0,2.0,1.0,1.0,1.0,1.0,2.0,2.0,1.0,1.0,1.0,1.0,1.0,3.0,1.0,254.0,2.0,1.0,46.0,2.0,1.0,5.0,4.0,56.0,3.0,4.0,8.0,12.0,7.0,2.0,1.0,1.0,4.0,2.0,1.0,1.0,1.0,1.0,9.0,1.0
2023-11-05,1.0,1.0,1.0,2.0,1.0,1.0,2.0,1.0,1.0,1.0,1.0,2.0,2.0,1.0,1.0,3.0,1.0,1.0,1.0,2.0,2.0,2.0,12.0,1.0,1.0,2.0,2.0,1.0,1.0,1.0,3.0,1.0,1.0,1.0,5.0,1.0,1.0,1.0,1.0,1.0,1.0,1.0,1.0,1.0,1.0,1.0,1.0,1.0,1.0,4.0,1.0,1.0,1.0,1.0,1.0,3.0,2.0,1.0,1.0,1.0,1.0,1.0,1.0,1.0,1.0,1.0,1.0,1.0,1.0,1.0,1.0,1.0,1.0,1.0,2.0,1.0,2.0,1.0,1.0,1.0,1.0,1.0,1.0,1.0,2.0,3.0,3.0,2.0,1.0,2.0,2.0,1.0,435.0,1.0,1.0,1.0,1.0,3.0,1.0,1.0,2.0,2.0,1.0,3.0,2.0,2.0,1.0,99.0,1.0,3.0,2.0,1.0,1.0,2.0,1.0,1.0,3.0,1.0,1.0,1.0,1.0,1.0,1.0,1.0,1.0,1.0,1.0,1.0,1.0,1.0,1.0,1.0,3.0,1.0,2.0,1.0,2.0,1.0,2.0,1.0,1.0,1.0,2.0,2.0,1.0,1.0,2.0,1.0,1.0,1.0,1.0,1.0,1.0,1.0,1.0,1.0,1.0,1.0,1.0,6.0,1.0,1.0,3.0,5.0,1.0,1.0,1.0,1.0,2.0,1.0,1.0,1.0,1.0,1.0,1.0,1.0,1.0,1.0,1.0,1.0,1.0,1.0,1.0,1.0,2.0,1.0,1.0,1.0,1.0,1.0,1.0,3.0,1.0,10.0,1.0,2.0,1.0,1.0,1.0,1.0,1.0,1.0,2.0,1.0,1.0,1.0,1.0,1.0,1.0,1.0,292.0,1.0,1.0,1.0,1.0,3.0,1.0,2.0,1.0,12.0,1.0,2.0,1.0,5.0,2.0,1.0,1.0,2.0,316.0,1.0,1.0,1.0,2.0,6.0,553.0,1.0,2.0,1.0,1.0,3.0,1.0,1.0,1.0,1.0,1.0,1.0,1.0,1.0,1.0,1.0,1.0,1.0,2.0,1.0,1.0,413.0,6.0,3.0,1.0,1.0,2.0,1.0,1.0,1.0,1.0,2.0,2.0,4.0,2.0,3.0,1.0,1.0,1.0,1.0,1.0,2.0,2.0,1.0,1.0,1.0,1.0,1.0,1.0,2.0,1.0,1.0,1.0,2.0,1.0,2.0,2.0,3.0,2.0,2.0,1.0,3.0,1.0,2.0,1.0,2.0,2.0,1.0,1.0,1.0,1.0,1.0,2.0,5.0,5.0,1.0,1.0,1.0,1.0,163.0,1.0,1.0,2.0,1.0,1.0,1.0,1.0,1.0,1.0,3.0,3.0,1.0,1.0,1.0,1.0,1.0,2.0,1.0,1.0,1.0,2.0,2.0,2.0,1.0,1.0,1.0,2.0,1.0,4.0,1.0,2.0,1.0,2.0,1.0,5.0,4.0,4.0,2.0,1.0,2.0,4.0,4.0,5.0,4.0,2.0,1.0,1.0,1.0,1.0,1.0,2.0,1.0,1.0,1.0,1.0,1.0,1.0,6.0,2.0,1.0,3.0,1.0,1.0,1.0,1.0,1.0,2.0,1.0,1.0,1.0,1.0,1.0,1.0,519.0,1.0,1.0,1.0,1.0,2.0,1.0,1.0,3.0,1.0,5.0,2.0,21.0,1.0,1.0,1.0,5.0,1.0,2.0,5.0,3.0,3.0,1.0,1.0,1.0,1.0,1.0,1.0,1.0,1.0,2.0,1.0,1.0,1.0,1.0,4.0,1.0,1.0,2.0,1.0,2.0,1.0,1.0,1.0,2.0,2.0,10.0,2.0,1.0,1.0,1.0,1.0,1.0,3.0,1.0,1.0,1.0,1.0,1.0,1.0,2.0,3.0,2.0,1.0,1.0,1.0,1.0,1.0,2.0,2.0,1.0,4.0,1.0,1.0,3.0,1.0,1.0,1.0,1.0,1.0,1.0,1.0,2.0,111.0,1.0,1.0,1.0,1.0,5.0,1.0,1.0,2.0,1.0,1.0,1.0,1.0,1.0,1.0,3.0,1.0,1.0,1.0,1.0,1.0,1.0,1.0,1.0,4.0,3.0,1.0,1.0,1.0,1.0,2.0,1.0,1.0,1.0,1.0,1.0,1.0,1.0,1.0,1.0,2.0,1.0,1.0,1.0,1.0,1.0,1.0,1.0,1.0,3.0,9.0,1.0,8.0,1.0,1.0,2.0,1.0,1.0,2.0,1.0,1.0,1.0,1.0,1.0,1.0,1.0,4.0,2.0,1.0,1.0,1.0,1.0,1.0,1.0,1.0,1.0,1.0,9.0,3.0,1.0,1.0,9.0,1.0,1.0,1.0,2.0,3.0,1.0,3.0,1.0,2.0,3.0,2.0,1.0,1.0,1.0,1.0,1.0,1.0,1.0,1.0,1.0,4.0,1.0,1.0,232.0,1.0,2.0,45.0,5.0,8.0,51.0,40.0,49.0,1.0,2.0,9.0,13.0,6.0,2.0,1.0,5.0,7.0,12.0,6.0,19.0,1.0,1.0,33.0,8.0
2023-11-06,1.0,1.0,1.0,1.0,1.0,1.0,1.0,14.0,1.0,1.0,1.0,2.0,1.0,1.0,1.0,1.0,1.0,1.0,1.0,1.0,1.0,1.0,2.0,1.0,1.0,1.0,1.0,1.0,1.0,1.0,1.0,1.0,1.0,1.0,1.0,1.0,1.0,1.0,2.0,1.0,1.0,1.0,1.0,1.0,1.0,1.0,1.0,1.0,1.0,1.0,1.0,1.0,2.0,1.0,1.0,1.0,1.0,1.0,1.0,1.0,1.0,1.0,2.0,1.0,1.0,2.0,1.0,1.0,1.0,1.0,1.0,1.0,1.0,1.0,1.0,1.0,1.0,1.0,1.0,1.0,1.0,1.0,1.0,1.0,1.0,1.0,1.0,2.0,4.0,1.0,2.0,1.0,435.0,1.0,1.0,1.0,1.0,2.0,1.0,1.0,4.0,1.0,1.0,3.0,2.0,1.0,1.0,99.0,1.0,1.0,2.0,1.0,1.0,1.0,1.0,1.0,3.0,1.0,2.0,1.0,1.0,1.0,1.0,1.0,1.0,1.0,1.0,1.0,1.0,1.0,1.0,2.0,1.0,1.0,2.0,1.0,2.0,2.0,1.0,1.0,1.0,1.0,1.0,2.0,1.0,1.0,1.0,1.0,1.0,1.0,1.0,1.0,1.0,1.0,1.0,1.0,1.0,1.0,1.0,1.0,1.0,1.0,1.0,1.0,1.0,1.0,1.0,1.0,1.0,1.0,1.0,1.0,1.0,1.0,1.0,1.0,1.0,1.0,1.0,1.0,1.0,1.0,1.0,1.0,1.0,1.0,2.0,2.0,1.0,1.0,1.0,2.0,1.0,1.0,1.0,2.0,1.0,1.0,1.0,1.0,1.0,2.0,1.0,1.0,1.0,1.0,1.0,1.0,1.0,1.0,265.0,1.0,1.0,1.0,1.0,1.0,1.0,1.0,1.0,1.0,1.0,1.0,1.0,1.0,1.0,1.0,1.0,1.0,316.0,1.0,1.0,1.0,1.0,1.0,553.0,1.0,1.0,1.0,1.0,1.0,1.0,1.0,2.0,1.0,1.0,1.0,1.0,1.0,1.0,1.0,1.0,1.0,3.0,1.0,1.0,413.0,1.0,1.0,1.0,1.0,1.0,1.0,1.0,1.0,1.0,1.0,1.0,1.0,1.0,2.0,1.0,2.0,1.0,1.0,1.0,4.0,1.0,2.0,1.0,4.0,1.0,1.0,1.0,1.0,1.0,1.0,1.0,3.0,3.0,2.0,1.0,2.0,1.0,3.0,1.0,3.0,1.0,1.0,1.0,2.0,1.0,1.0,1.0,1.0,1.0,1.0,1.0,2.0,1.0,1.0,1.0,1.0,1.0,163.0,1.0,1.0,1.0,1.0,1.0,1.0,1.0,1.0,1.0,1.0,1.0,1.0,1.0,1.0,1.0,1.0,1.0,1.0,1.0,1.0,2.0,1.0,1.0,1.0,1.0,1.0,1.0,1.0,1.0,1.0,3.0,2.0,1.0,2.0,1.0,2.0,1.0,2.0,1.0,1.0,2.0,1.0,1.0,3.0,3.0,1.0,1.0,1.0,1.0,3.0,2.0,3.0,1.0,1.0,1.0,1.0,1.0,1.0,1.0,1.0,2.0,1.0,1.0,1.0,1.0,1.0,1.0,1.0,1.0,2.0,1.0,1.0,1.0,519.0,1.0,1.0,1.0,1.0,2.0,1.0,1.0,1.0,1.0,1.0,1.0,18.0,1.0,1.0,1.0,1.0,1.0,2.0,1.0,1.0,2.0,1.0,1.0,1.0,1.0,1.0,1.0,1.0,1.0,1.0,1.0,1.0,1.0,1.0,1.0,1.0,1.0,1.0,1.0,1.0,1.0,2.0,1.0,1.0,1.0,1.0,3.0,1.0,1.0,1.0,1.0,1.0,1.0,1.0,1.0,1.0,1.0,1.0,1.0,1.0,1.0,2.0,1.0,1.0,1.0,1.0,2.0,1.0,2.0,1.0,1.0,1.0,2.0,1.0,2.0,1.0,1.0,1.0,1.0,1.0,2.0,2.0,581.0,2.0,1.0,1.0,1.0,1.0,2.0,1.0,1.0,1.0,1.0,1.0,2.0,1.0,1.0,3.0,1.0,1.0,1.0,1.0,1.0,1.0,1.0,2.0,1.0,1.0,1.0,1.0,1.0,1.0,1.0,1.0,1.0,1.0,1.0,1.0,1.0,2.0,1.0,1.0,1.0,1.0,1.0,1.0,1.0,1.0,1.0,1.0,1.0,1.0,1.0,1.0,1.0,1.0,1.0,1.0,1.0,1.0,2.0,1.0,1.0,1.0,1.0,1.0,1.0,1.0,1.0,1.0,1.0,1.0,1.0,1.0,1.0,1.0,1.0,1.0,1.0,1.0,1.0,1.0,1.0,1.0,1.0,1.0,1.0,2.0,1.0,1.0,3.0,2.0,1.0,1.0,1.0,1.0,1.0,1.0,1.0,2.0,1.0,1.0,1.0,1.0,1.0,1.0,1.0,182.0,1.0,1.0,1.0,2.0,1.0,1.0,1.0,2.0,1.0,4.0,1.0,5.0,4.0,2.0,2.0,1.0,5.0,2.0,1.0,1.0,1.0,1.0,1.0,1.0
2023-11-07,1.0,1.0,1.0,1.0,1.0,1.0,1.0,67.0,1.0,1.0,1.0,1.0,1.0,1.0,1.0,1.0,1.0,1.0,1.0,1.0,1.0,2.0,1.0,1.0,1.0,1.0,1.0,1.0,1.0,1.0,2.0,1.0,1.0,1.0,1.0,1.0,1.0,1.0,1.0,1.0,1.0,1.0,1.0,1.0,1.0,1.0,1.0,1.0,1.0,1.0,1.0,1.0,1.0,1.0,1.0,1.0,2.0,1.0,1.0,1.0,1.0,1.0,1.0,1.0,1.0,1.0,1.0,1.0,1.0,1.0,1.0,1.0,1.0,1.0,1.0,1.0,1.0,1.0,1.0,1.0,1.0,1.0,1.0,1.0,3.0,1.0,1.0,1.0,3.0,1.0,1.0,1.0,435.0,1.0,1.0,1.0,1.0,2.0,1.0,2.0,1.0,1.0,1.0,1.0,1.0,4.0,1.0,99.0,2.0,1.0,2.0,1.0,1.0,1.0,1.0,1.0,1.0,1.0,3.0,1.0,1.0,1.0,1.0,1.0,1.0,1.0,1.0,1.0,1.0,1.0,1.0,1.0,2.0,1.0,1.0,1.0,2.0,1.0,1.0,1.0,1.0,1.0,1.0,2.0,1.0,1.0,1.0,1.0,1.0,1.0,1.0,1.0,1.0,1.0,1.0,1.0,1.0,1.0,1.0,2.0,1.0,2.0,1.0,1.0,1.0,1.0,1.0,1.0,1.0,1.0,1.0,1.0,1.0,1.0,1.0,1.0,1.0,2.0,1.0,1.0,1.0,1.0,1.0,1.0,1.0,1.0,1.0,1.0,1.0,1.0,1.0,1.0,2.0,1.0,1.0,2.0,1.0,1.0,1.0,2.0,1.0,1.0,1.0,2.0,1.0,1.0,1.0,1.0,1.0,1.0,287.0,1.0,1.0,1.0,2.0,1.0,1.0,1.0,1.0,1.0,1.0,1.0,1.0,1.0,1.0,3.0,1.0,1.0,316.0,1.0,1.0,2.0,1.0,1.0,553.0,1.0,1.0,1.0,1.0,2.0,1.0,1.0,1.0,1.0,1.0,1.0,1.0,1.0,1.0,1.0,1.0,1.0,1.0,1.0,1.0,1.0,1.0,1.0,1.0,1.0,2.0,1.0,1.0,3.0,2.0,1.0,5.0,3.0,1.0,5.0,3.0,3.0,2.0,1.0,1.0,5.0,2.0,1.0,3.0,1.0,2.0,1.0,1.0,1.0,1.0,1.0,4.0,3.0,1.0,1.0,2.0,1.0,2.0,1.0,1.0,1.0,1.0,1.0,4.0,1.0,1.0,1.0,4.0,1.0,1.0,1.0,1.0,1.0,1.0,1.0,2.0,1.0,1.0,163.0,1.0,1.0,2.0,1.0,1.0,1.0,1.0,1.0,1.0,1.0,1.0,1.0,1.0,1.0,2.0,1.0,1.0,2.0,1.0,2.0,1.0,2.0,1.0,1.0,1.0,1.0,1.0,2.0,1.0,1.0,1.0,5.0,3.0,1.0,2.0,3.0,4.0,1.0,1.0,1.0,2.0,1.0,2.0,2.0,3.0,2.0,1.0,1.0,1.0,2.0,3.0,3.0,1.0,1.0,1.0,1.0,1.0,1.0,3.0,6.0,4.0,2.0,1.0,1.0,1.0,1.0,1.0,1.0,1.0,1.0,1.0,1.0,1.0,519.0,1.0,1.0,1.0,1.0,1.0,1.0,2.0,1.0,1.0,2.0,1.0,1.0,1.0,1.0,1.0,1.0,1.0,2.0,1.0,1.0,2.0,1.0,2.0,1.0,2.0,3.0,1.0,1.0,1.0,1.0,1.0,2.0,3.0,1.0,1.0,1.0,1.0,1.0,1.0,1.0,1.0,1.0,2.0,3.0,1.0,3.0,1.0,1.0,1.0,1.0,1.0,1.0,1.0,1.0,1.0,2.0,1.0,1.0,1.0,1.0,598.0,5.0,1.0,2.0,1.0,1.0,1.0,1.0,2.0,1.0,1.0,1.0,2.0,1.0,1.0,1.0,1.0,1.0,1.0,1.0,1.0,1.0,135.0,1.0,1.0,1.0,1.0,1.0,1.0,2.0,1.0,1.0,1.0,1.0,2.0,3.0,1.0,1.0,1.0,1.0,1.0,1.0,1.0,2.0,1.0,1.0,1.0,1.0,1.0,1.0,2.0,1.0,1.0,1.0,1.0,1.0,1.0,1.0,1.0,1.0,1.0,1.0,1.0,1.0,1.0,1.0,1.0,1.0,1.0,1.0,1.0,1.0,2.0,1.0,2.0,2.0,2.0,1.0,1.0,1.0,1.0,1.0,1.0,1.0,1.0,1.0,1.0,1.0,1.0,1.0,1.0,1.0,1.0,1.0,1.0,1.0,1.0,1.0,1.0,1.0,1.0,1.0,1.0,1.0,1.0,1.0,1.0,1.0,2.0,1.0,4.0,2.0,2.0,1.0,1.0,1.0,1.0,1.0,1.0,1.0,1.0,1.0,1.0,1.0,1.0,2.0,1.0,188.0,1.0,1.0,1.0,1.0,1.0,1.0,1.0,4.0,1.0,3.0,2.0,8.0,1.0,3.0,2.0,1.0,4.0,1.0,1.0,1.0,1.0,1.0,1.0,1.0
2023-11-08,1.0,1.0,1.0,1.0,1.0,1.0,1.0,86.0,1.0,1.0,1.0,2.0,1.0,1.0,1.0,1.0,1.0,1.0,1.0,1.0,1.0,1.0,1.0,1.0,1.0,1.0,1.0,1.0,4.0,1.0,2.0,1.0,1.0,1.0,1.0,1.0,1.0,1.0,1.0,1.0,1.0,1.0,1.0,1.0,1.0,1.0,1.0,1.0,1.0,1.0,1.0,1.0,1.0,1.0,1.0,1.0,1.0,1.0,1.0,1.0,1.0,1.0,1.0,1.0,1.0,2.0,1.0,1.0,1.0,1.0,1.0,1.0,1.0,1.0,1.0,1.0,2.0,1.0,1.0,1.0,1.0,58.0,1.0,1.0,2.0,1.0,1.0,1.0,1.0,1.0,1.0,1.0,435.0,1.0,1.0,1.0,1.0,3.0,3.0,2.0,1.0,1.0,1.0,1.0,2.0,1.0,1.0,99.0,1.0,1.0,2.0,1.0,1.0,1.0,1.0,1.0,2.0,1.0,3.0,1.0,1.0,1.0,1.0,1.0,1.0,1.0,1.0,1.0,1.0,1.0,1.0,1.0,2.0,1.0,2.0,1.0,2.0,1.0,1.0,1.0,1.0,1.0,1.0,1.0,1.0,1.0,1.0,1.0,1.0,1.0,1.0,1.0,1.0,1.0,1.0,1.0,1.0,1.0,1.0,2.0,1.0,2.0,1.0,1.0,1.0,1.0,1.0,1.0,1.0,1.0,1.0,1.0,1.0,1.0,1.0,1.0,1.0,1.0,1.0,1.0,1.0,1.0,1.0,1.0,1.0,1.0,1.0,1.0,1.0,1.0,1.0,1.0,1.0,1.0,1.0,2.0,1.0,1.0,1.0,1.0,1.0,2.0,1.0,2.0,1.0,1.0,1.0,1.0,1.0,1.0,288.0,1.0,1.0,1.0,1.0,1.0,3.0,1.0,1.0,1.0,1.0,1.0,1.0,3.0,1.0,1.0,1.0,1.0,316.0,1.0,1.0,4.0,1.0,1.0,553.0,1.0,1.0,1.0,2.0,2.0,1.0,1.0,1.0,1.0,6.0,1.0,1.0,1.0,1.0,1.0,1.0,1.0,1.0,1.0,1.0,1.0,1.0,1.0,1.0,2.0,1.0,1.0,1.0,2.0,1.0,1.0,1.0,2.0,1.0,3.0,3.0,1.0,1.0,1.0,4.0,2.0,1.0,1.0,1.0,1.0,1.0,1.0,1.0,1.0,1.0,1.0,1.0,2.0,4.0,4.0,2.0,1.0,2.0,1.0,1.0,1.0,1.0,1.0,1.0,2.0,1.0,1.0,1.0,1.0,1.0,1.0,1.0,1.0,1.0,1.0,2.0,1.0,1.0,163.0,1.0,2.0,1.0,1.0,1.0,1.0,1.0,1.0,1.0,1.0,1.0,1.0,1.0,1.0,1.0,1.0,1.0,2.0,1.0,1.0,1.0,1.0,1.0,1.0,1.0,1.0,1.0,2.0,1.0,1.0,1.0,6.0,1.0,1.0,5.0,7.0,3.0,1.0,2.0,1.0,3.0,1.0,3.0,1.0,3.0,1.0,2.0,1.0,1.0,2.0,1.0,4.0,1.0,1.0,1.0,1.0,1.0,1.0,2.0,3.0,2.0,1.0,1.0,1.0,1.0,1.0,1.0,1.0,1.0,1.0,1.0,1.0,1.0,519.0,1.0,1.0,1.0,1.0,2.0,1.0,1.0,1.0,1.0,2.0,1.0,1.0,1.0,1.0,1.0,1.0,1.0,2.0,1.0,1.0,153.0,1.0,1.0,1.0,1.0,1.0,1.0,2.0,1.0,1.0,1.0,1.0,2.0,1.0,1.0,1.0,1.0,1.0,3.0,2.0,1.0,1.0,2.0,1.0,1.0,1.0,1.0,1.0,2.0,1.0,1.0,1.0,1.0,1.0,1.0,1.0,1.0,1.0,1.0,1.0,577.0,4.0,1.0,1.0,1.0,1.0,1.0,2.0,1.0,3.0,2.0,2.0,6.0,4.0,1.0,2.0,1.0,1.0,1.0,1.0,3.0,2.0,1.0,1.0,1.0,1.0,1.0,1.0,1.0,2.0,1.0,1.0,1.0,1.0,2.0,1.0,1.0,1.0,1.0,1.0,1.0,1.0,1.0,1.0,1.0,1.0,1.0,1.0,1.0,1.0,1.0,1.0,1.0,1.0,1.0,1.0,1.0,1.0,1.0,2.0,1.0,2.0,1.0,1.0,1.0,1.0,1.0,1.0,1.0,1.0,2.0,1.0,2.0,203.0,1.0,4.0,1.0,2.0,1.0,1.0,2.0,1.0,1.0,1.0,1.0,1.0,1.0,3.0,1.0,1.0,1.0,1.0,1.0,1.0,1.0,1.0,1.0,1.0,1.0,1.0,1.0,1.0,1.0,1.0,1.0,1.0,1.0,2.0,1.0,1.0,4.0,1.0,1.0,3.0,1.0,2.0,1.0,1.0,1.0,1.0,1.0,1.0,2.0,1.0,1.0,1.0,1.0,209.0,1.0,1.0,1.0,1.0,1.0,1.0,1.0,1.0,1.0,3.0,1.0,2.0,1.0,2.0,1.0,1.0,4.0,1.0,1.0,1.0,1.0,1.0,1.0,1.0
2023-11-09,1.0,1.0,1.0,1.0,1.0,1.0,1.0,69.0,1.0,1.0,1.0,1.0,1.0,1.0,1.0,4.0,1.0,1.0,1.0,1.0,1.0,2.0,1.0,1.0,1.0,1.0,1.0,1.0,1.0,1.0,3.0,2.0,1.0,1.0,1.0,1.0,1.0,1.0,1.0,1.0,1.0,1.0,1.0,1.0,1.0,1.0,1.0,1.0,1.0,1.0,1.0,1.0,1.0,1.0,1.0,1.0,1.0,2.0,2.0,1.0,1.0,2.0,1.0,1.0,1.0,2.0,2.0,1.0,1.0,1.0,1.0,1.0,1.0,1.0,1.0,1.0,2.0,1.0,1.0,1.0,1.0,11.0,1.0,1.0,1.0,1.0,1.0,2.0,1.0,4.0,1.0,1.0,435.0,1.0,1.0,1.0,1.0,2.0,4.0,1.0,1.0,1.0,1.0,1.0,1.0,3.0,4.0,99.0,2.0,1.0,1.0,1.0,1.0,1.0,1.0,1.0,1.0,1.0,1.0,1.0,1.0,1.0,2.0,1.0,1.0,2.0,1.0,1.0,1.0,1.0,1.0,1.0,1.0,1.0,1.0,1.0,2.0,1.0,1.0,1.0,1.0,1.0,1.0,2.0,1.0,1.0,1.0,1.0,1.0,1.0,1.0,1.0,1.0,1.0,1.0,1.0,1.0,1.0,1.0,1.0,2.0,1.0,1.0,1.0,1.0,1.0,1.0,1.0,1.0,1.0,1.0,1.0,1.0,1.0,1.0,1.0,1.0,1.0,1.0,1.0,1.0,1.0,1.0,1.0,1.0,1.0,1.0,1.0,1.0,1.0,1.0,1.0,1.0,1.0,1.0,2.0,1.0,1.0,1.0,1.0,1.0,1.0,1.0,2.0,1.0,1.0,1.0,1.0,1.0,1.0,293.0,1.0,1.0,1.0,1.0,1.0,1.0,1.0,1.0,1.0,1.0,1.0,1.0,2.0,2.0,1.0,1.0,1.0,316.0,1.0,1.0,1.0,1.0,1.0,553.0,1.0,1.0,1.0,1.0,1.0,1.0,1.0,1.0,1.0,1.0,1.0,1.0,1.0,1.0,1.0,1.0,1.0,1.0,1.0,3.0,1.0,1.0,1.0,1.0,2.0,1.0,1.0,1.0,3.0,1.0,1.0,1.0,3.0,1.0,1.0,2.0,2.0,1.0,1.0,2.0,2.0,1.0,2.0,1.0,1.0,1.0,1.0,1.0,1.0,1.0,1.0,2.0,1.0,1.0,2.0,2.0,1.0,3.0,4.0,1.0,2.0,1.0,1.0,1.0,2.0,1.0,1.0,1.0,1.0,1.0,1.0,1.0,1.0,1.0,1.0,2.0,1.0,1.0,163.0,1.0,2.0,1.0,1.0,1.0,1.0,1.0,1.0,1.0,1.0,1.0,1.0,1.0,1.0,1.0,1.0,1.0,2.0,1.0,1.0,1.0,1.0,1.0,3.0,1.0,2.0,1.0,1.0,1.0,1.0,1.0,1.0,2.0,2.0,1.0,4.0,3.0,1.0,2.0,1.0,1.0,1.0,2.0,1.0,3.0,1.0,1.0,1.0,1.0,3.0,1.0,2.0,1.0,1.0,1.0,1.0,1.0,5.0,4.0,2.0,2.0,1.0,1.0,1.0,1.0,38.0,1.0,1.0,1.0,1.0,2.0,1.0,1.0,519.0,1.0,1.0,1.0,3.0,2.0,1.0,1.0,1.0,1.0,2.0,1.0,1.0,2.0,1.0,1.0,1.0,1.0,2.0,1.0,1.0,158.0,1.0,1.0,1.0,2.0,2.0,1.0,1.0,1.0,1.0,2.0,1.0,1.0,1.0,2.0,1.0,1.0,2.0,2.0,1.0,1.0,1.0,2.0,1.0,1.0,2.0,2.0,1.0,1.0,1.0,1.0,1.0,1.0,1.0,1.0,1.0,1.0,2.0,1.0,1.0,1.0,2.0,1.0,1.0,1.0,1.0,1.0,2.0,3.0,1.0,1.0,1.0,4.0,1.0,1.0,2.0,1.0,1.0,1.0,1.0,2.0,2.0,2.0,1.0,1.0,1.0,1.0,1.0,1.0,1.0,1.0,1.0,1.0,2.0,2.0,1.0,1.0,2.0,1.0,1.0,1.0,1.0,1.0,1.0,1.0,1.0,2.0,1.0,1.0,1.0,1.0,1.0,2.0,2.0,1.0,1.0,1.0,1.0,1.0,1.0,1.0,1.0,1.0,1.0,1.0,1.0,1.0,1.0,1.0,1.0,2.0,1.0,1.0,492.0,3.0,1.0,2.0,2.0,2.0,3.0,1.0,1.0,1.0,1.0,1.0,1.0,1.0,4.0,2.0,1.0,1.0,1.0,1.0,1.0,1.0,1.0,1.0,1.0,1.0,1.0,1.0,1.0,1.0,1.0,1.0,1.0,1.0,1.0,1.0,1.0,2.0,1.0,1.0,1.0,1.0,2.0,1.0,1.0,1.0,1.0,1.0,1.0,2.0,1.0,1.0,1.0,1.0,181.0,1.0,1.0,1.0,1.0,1.0,1.0,1.0,4.0,1.0,4.0,4.0,5.0,1.0,4.0,3.0,1.0,5.0,1.0,1.0,1.0,1.0,1.0,1.0,1.0
2023-11-10,1.0,1.0,1.0,1.0,1.0,1.0,1.0,9.0,1.0,1.0,1.0,1.0,1.0,1.0,1.0,1.0,1.0,1.0,1.0,1.0,1.0,1.0,1.0,1.0,1.0,1.0,1.0,1.0,1.0,1.0,2.0,2.0,1.0,1.0,1.0,1.0,1.0,1.0,1.0,1.0,1.0,1.0,1.0,1.0,1.0,1.0,1.0,1.0,1.0,1.0,1.0,1.0,1.0,1.0,1.0,1.0,1.0,2.0,1.0,1.0,1.0,2.0,1.0,1.0,1.0,1.0,1.0,1.0,1.0,1.0,1.0,1.0,1.0,1.0,1.0,1.0,2.0,1.0,1.0,1.0,1.0,1.0,1.0,2.0,3.0,1.0,1.0,1.0,2.0,2.0,1.0,1.0,435.0,1.0,1.0,1.0,1.0,2.0,1.0,2.0,1.0,1.0,1.0,1.0,2.0,4.0,2.0,99.0,2.0,2.0,1.0,1.0,1.0,1.0,1.0,1.0,2.0,1.0,1.0,1.0,1.0,1.0,1.0,1.0,1.0,2.0,2.0,1.0,1.0,1.0,1.0,1.0,1.0,1.0,2.0,1.0,1.0,2.0,1.0,1.0,1.0,2.0,1.0,2.0,1.0,1.0,1.0,1.0,1.0,1.0,1.0,1.0,1.0,1.0,1.0,1.0,1.0,1.0,1.0,2.0,1.0,1.0,1.0,2.0,1.0,1.0,1.0,1.0,1.0,1.0,1.0,1.0,1.0,1.0,1.0,1.0,1.0,1.0,1.0,1.0,1.0,1.0,1.0,1.0,1.0,1.0,1.0,1.0,1.0,1.0,1.0,1.0,1.0,1.0,1.0,2.0,1.0,1.0,2.0,1.0,1.0,6.0,1.0,2.0,1.0,1.0,1.0,1.0,1.0,1.0,284.0,1.0,1.0,1.0,1.0,1.0,1.0,1.0,1.0,1.0,1.0,2.0,1.0,1.0,1.0,1.0,1.0,1.0,316.0,1.0,1.0,3.0,1.0,1.0,553.0,1.0,2.0,1.0,1.0,1.0,1.0,1.0,1.0,1.0,1.0,1.0,1.0,1.0,1.0,1.0,1.0,1.0,1.0,1.0,1.0,1.0,1.0,1.0,1.0,2.0,1.0,1.0,1.0,1.0,2.0,1.0,1.0,5.0,1.0,2.0,3.0,1.0,3.0,1.0,2.0,3.0,1.0,1.0,1.0,1.0,2.0,1.0,1.0,1.0,1.0,1.0,1.0,2.0,1.0,2.0,3.0,2.0,1.0,1.0,1.0,4.0,1.0,2.0,1.0,2.0,2.0,1.0,1.0,2.0,1.0,1.0,2.0,1.0,1.0,1.0,1.0,1.0,1.0,163.0,1.0,1.0,2.0,1.0,2.0,1.0,1.0,1.0,1.0,1.0,1.0,1.0,1.0,1.0,1.0,1.0,1.0,1.0,1.0,1.0,1.0,1.0,2.0,1.0,1.0,1.0,1.0,1.0,1.0,1.0,3.0,8.0,4.0,4.0,1.0,4.0,7.0,5.0,2.0,1.0,1.0,2.0,4.0,2.0,2.0,1.0,3.0,1.0,1.0,2.0,2.0,2.0,1.0,1.0,1.0,3.0,4.0,4.0,4.0,2.0,2.0,1.0,1.0,1.0,1.0,166.0,1.0,1.0,1.0,1.0,1.0,1.0,1.0,519.0,1.0,1.0,1.0,1.0,2.0,1.0,1.0,1.0,1.0,2.0,1.0,145.0,1.0,1.0,1.0,1.0,1.0,2.0,1.0,1.0,151.0,1.0,1.0,1.0,1.0,1.0,1.0,1.0,1.0,1.0,1.0,1.0,2.0,1.0,3.0,1.0,1.0,2.0,3.0,2.0,1.0,1.0,1.0,1.0,1.0,2.0,1.0,1.0,1.0,1.0,1.0,1.0,1.0,1.0,1.0,1.0,1.0,1.0,1.0,1.0,1.0,1.0,1.0,1.0,1.0,1.0,1.0,2.0,1.0,1.0,1.0,1.0,3.0,1.0,3.0,1.0,1.0,1.0,1.0,1.0,1.0,2.0,3.0,1.0,1.0,1.0,1.0,2.0,1.0,1.0,1.0,1.0,1.0,2.0,1.0,1.0,1.0,2.0,1.0,1.0,1.0,1.0,1.0,1.0,1.0,1.0,1.0,2.0,1.0,1.0,1.0,1.0,1.0,1.0,1.0,1.0,1.0,1.0,1.0,1.0,1.0,1.0,1.0,1.0,1.0,1.0,1.0,1.0,1.0,2.0,1.0,2.0,1.0,268.0,2.0,1.0,1.0,1.0,1.0,1.0,1.0,1.0,1.0,1.0,1.0,1.0,2.0,2.0,1.0,1.0,1.0,2.0,2.0,1.0,1.0,1.0,1.0,1.0,1.0,1.0,1.0,1.0,1.0,1.0,1.0,1.0,1.0,2.0,1.0,1.0,2.0,1.0,2.0,2.0,1.0,2.0,1.0,1.0,1.0,1.0,2.0,1.0,2.0,1.0,1.0,1.0,1.0,219.0,1.0,2.0,1.0,2.0,1.0,1.0,1.0,1.0,5.0,5.0,3.0,1.0,1.0,2.0,3.0,1.0,4.0,1.0,1.0,1.0,1.0,1.0,1.0,1.0
2023-11-11,1.0,1.0,1.0,1.0,1.0,1.0,1.0,57.0,1.0,1.0,2.0,1.0,1.0,1.0,1.0,1.0,1.0,1.0,2.0,1.0,1.0,2.0,1.0,1.0,2.0,1.0,1.0,2.0,1.0,1.0,2.0,3.0,1.0,1.0,4.0,1.0,1.0,1.0,2.0,1.0,1.0,1.0,1.0,1.0,1.0,1.0,1.0,1.0,1.0,25.0,1.0,1.0,1.0,1.0,1.0,1.0,1.0,1.0,1.0,1.0,1.0,1.0,2.0,1.0,1.0,1.0,2.0,1.0,1.0,1.0,1.0,1.0,1.0,1.0,2.0,1.0,1.0,1.0,1.0,1.0,1.0,2.0,1.0,1.0,3.0,1.0,1.0,1.0,2.0,1.0,2.0,1.0,435.0,1.0,1.0,2.0,1.0,2.0,1.0,3.0,1.0,1.0,1.0,1.0,2.0,4.0,1.0,99.0,1.0,2.0,2.0,1.0,1.0,1.0,2.0,1.0,1.0,1.0,1.0,2.0,1.0,1.0,1.0,1.0,1.0,1.0,2.0,1.0,1.0,1.0,1.0,1.0,1.0,1.0,2.0,1.0,2.0,1.0,1.0,1.0,1.0,2.0,1.0,1.0,2.0,1.0,1.0,1.0,1.0,1.0,1.0,1.0,1.0,1.0,1.0,1.0,1.0,1.0,1.0,1.0,1.0,3.0,1.0,1.0,1.0,1.0,2.0,1.0,1.0,1.0,1.0,1.0,1.0,1.0,1.0,1.0,1.0,2.0,1.0,1.0,1.0,1.0,1.0,1.0,1.0,1.0,2.0,1.0,1.0,1.0,1.0,1.0,1.0,1.0,1.0,2.0,1.0,1.0,1.0,1.0,1.0,1.0,1.0,2.0,1.0,1.0,1.0,1.0,1.0,1.0,299.0,1.0,1.0,1.0,1.0,1.0,1.0,1.0,1.0,1.0,1.0,1.0,1.0,1.0,1.0,2.0,1.0,1.0,316.0,2.0,1.0,1.0,4.0,2.0,553.0,2.0,2.0,1.0,1.0,2.0,1.0,1.0,1.0,1.0,1.0,3.0,1.0,1.0,1.0,2.0,1.0,1.0,1.0,1.0,1.0,1.0,1.0,2.0,2.0,1.0,2.0,1.0,1.0,1.0,2.0,2.0,1.0,3.0,1.0,1.0,3.0,2.0,1.0,1.0,1.0,2.0,2.0,1.0,1.0,1.0,1.0,1.0,1.0,1.0,2.0,1.0,4.0,1.0,1.0,1.0,2.0,1.0,2.0,4.0,2.0,7.0,1.0,2.0,1.0,1.0,2.0,1.0,6.0,1.0,1.0,1.0,1.0,1.0,2.0,1.0,2.0,1.0,2.0,163.0,1.0,2.0,1.0,1.0,1.0,1.0,2.0,1.0,1.0,1.0,1.0,2.0,1.0,1.0,1.0,1.0,1.0,1.0,2.0,2.0,1.0,1.0,1.0,1.0,1.0,1.0,2.0,2.0,2.0,1.0,8.0,4.0,1.0,4.0,6.0,1.0,1.0,3.0,1.0,2.0,1.0,1.0,1.0,5.0,3.0,2.0,1.0,1.0,1.0,1.0,1.0,2.0,1.0,1.0,1.0,1.0,1.0,1.0,6.0,5.0,4.0,1.0,1.0,1.0,1.0,1.0,1.0,5.0,1.0,2.0,1.0,1.0,1.0,519.0,1.0,1.0,1.0,1.0,1.0,2.0,2.0,1.0,1.0,2.0,1.0,166.0,1.0,1.0,1.0,1.0,3.0,3.0,1.0,1.0,151.0,1.0,1.0,2.0,1.0,2.0,1.0,1.0,2.0,1.0,1.0,2.0,3.0,1.0,2.0,1.0,1.0,3.0,1.0,2.0,1.0,1.0,2.0,2.0,1.0,2.0,2.0,1.0,1.0,1.0,1.0,1.0,1.0,1.0,3.0,4.0,2.0,1.0,98.0,1.0,394.0,1.0,3.0,1.0,1.0,1.0,1.0,1.0,2.0,5.0,2.0,2.0,5.0,3.0,4.0,9.0,1.0,1.0,2.0,1.0,4.0,6.0,111.0,1.0,1.0,179.0,6.0,1.0,2.0,2.0,1.0,1.0,1.0,1.0,2.0,19.0,1.0,2.0,1.0,1.0,1.0,1.0,1.0,2.0,1.0,6.0,1.0,1.0,1.0,1.0,1.0,1.0,1.0,1.0,1.0,1.0,1.0,1.0,1.0,1.0,1.0,1.0,1.0,1.0,1.0,1.0,1.0,1.0,2.0,24.0,1.0,1.0,6.0,1.0,1.0,3.0,1.0,3.0,1.0,3.0,1.0,3.0,1.0,1.0,1.0,1.0,1.0,3.0,1.0,1.0,1.0,1.0,2.0,1.0,2.0,1.0,1.0,1.0,1.0,1.0,1.0,1.0,1.0,1.0,1.0,1.0,1.0,1.0,2.0,1.0,2.0,1.0,3.0,1.0,1.0,2.0,3.0,1.0,1.0,2.0,1.0,1.0,3.0,1.0,1.0,5.0,3.0,266.0,1.0,1.0,16.0,1.0,2.0,12.0,10.0,61.0,4.0,4.0,10.0,12.0,8.0,2.0,1.0,1.0,3.0,2.0,2.0,2.0,1.0,1.0,79.0,1.0
2023-11-12,1.0,1.0,1.0,3.0,1.0,1.0,2.0,1.0,1.0,1.0,2.0,1.0,1.0,1.0,1.0,1.0,1.0,1.0,2.0,1.0,1.0,1.0,2.0,1.0,2.0,1.0,1.0,1.0,1.0,1.0,3.0,1.0,2.0,1.0,3.0,1.0,10.0,1.0,2.0,1.0,1.0,1.0,1.0,1.0,4.0,1.0,1.0,1.0,1.0,3.0,1.0,1.0,1.0,1.0,1.0,1.0,1.0,2.0,1.0,2.0,3.0,1.0,2.0,1.0,1.0,2.0,1.0,4.0,1.0,1.0,1.0,1.0,1.0,1.0,2.0,1.0,1.0,1.0,1.0,1.0,1.0,7.0,1.0,1.0,3.0,1.0,1.0,2.0,4.0,1.0,3.0,1.0,435.0,1.0,1.0,2.0,1.0,3.0,2.0,2.0,1.0,3.0,1.0,1.0,1.0,2.0,1.0,99.0,1.0,2.0,2.0,1.0,1.0,1.0,2.0,2.0,1.0,1.0,2.0,1.0,1.0,1.0,2.0,1.0,1.0,1.0,1.0,1.0,1.0,1.0,1.0,1.0,3.0,1.0,1.0,2.0,2.0,1.0,2.0,1.0,1.0,1.0,2.0,2.0,1.0,1.0,1.0,1.0,1.0,1.0,1.0,2.0,1.0,1.0,1.0,1.0,1.0,2.0,3.0,4.0,2.0,2.0,1.0,1.0,1.0,2.0,1.0,1.0,2.0,1.0,1.0,1.0,1.0,1.0,1.0,1.0,1.0,1.0,1.0,1.0,1.0,1.0,1.0,1.0,1.0,2.0,1.0,9.0,1.0,1.0,1.0,3.0,1.0,1.0,1.0,2.0,1.0,1.0,1.0,2.0,1.0,1.0,1.0,2.0,1.0,1.0,1.0,1.0,1.0,1.0,320.0,1.0,1.0,1.0,1.0,1.0,1.0,2.0,1.0,1.0,1.0,1.0,1.0,2.0,1.0,1.0,1.0,1.0,316.0,1.0,1.0,1.0,1.0,1.0,553.0,1.0,1.0,1.0,1.0,1.0,1.0,1.0,1.0,1.0,1.0,1.0,1.0,1.0,1.0,1.0,1.0,1.0,2.0,1.0,2.0,1.0,1.0,2.0,1.0,1.0,1.0,1.0,1.0,1.0,1.0,1.0,3.0,3.0,1.0,1.0,1.0,7.0,4.0,1.0,2.0,3.0,2.0,1.0,1.0,1.0,2.0,1.0,1.0,2.0,1.0,1.0,1.0,1.0,4.0,1.0,1.0,2.0,1.0,4.0,5.0,3.0,1.0,1.0,5.0,1.0,1.0,1.0,2.0,1.0,2.0,1.0,2.0,6.0,4.0,1.0,2.0,1.0,1.0,163.0,1.0,6.0,2.0,1.0,1.0,1.0,1.0,1.0,35.0,1.0,1.0,1.0,1.0,1.0,2.0,1.0,3.0,1.0,2.0,1.0,2.0,2.0,2.0,3.0,2.0,1.0,1.0,2.0,1.0,1.0,2.0,1.0,2.0,1.0,74.0,6.0,3.0,1.0,1.0,2.0,7.0,5.0,6.0,3.0,3.0,2.0,1.0,1.0,1.0,2.0,1.0,1.0,1.0,1.0,1.0,1.0,1.0,2.0,2.0,1.0,37.0,1.0,1.0,1.0,1.0,1.0,7.0,1.0,3.0,1.0,2.0,1.0,1.0,519.0,1.0,1.0,1.0,1.0,3.0,1.0,1.0,1.0,1.0,3.0,1.0,1.0,2.0,1.0,1.0,1.0,1.0,1.0,1.0,1.0,141.0,1.0,1.0,1.0,3.0,2.0,1.0,1.0,9.0,1.0,2.0,2.0,1.0,3.0,3.0,1.0,1.0,2.0,2.0,1.0,1.0,1.0,4.0,4.0,3.0,2.0,1.0,2.0,2.0,1.0,1.0,1.0,1.0,1.0,2.0,1.0,1.0,1.0,2.0,2.0,598.0,2.0,1.0,1.0,1.0,1.0,2.0,1.0,489.0,1.0,1.0,2.0,3.0,3.0,2.0,1.0,1.0,1.0,2.0,5.0,1.0,3.0,581.0,574.0,1.0,15.0,1.0,3.0,1.0,1.0,3.0,1.0,1.0,2.0,1.0,7.0,2.0,3.0,2.0,32.0,8.0,1.0,1.0,1.0,4.0,1.0,18.0,1.0,1.0,1.0,1.0,1.0,1.0,1.0,1.0,1.0,1.0,1.0,1.0,3.0,1.0,1.0,1.0,1.0,1.0,1.0,1.0,1.0,1.0,3.0,1.0,1.0,1.0,1.0,1.0,3.0,1.0,1.0,1.0,1.0,3.0,1.0,1.0,1.0,2.0,1.0,1.0,2.0,3.0,2.0,1.0,1.0,3.0,2.0,1.0,1.0,2.0,1.0,1.0,12.0,12.0,1.0,1.0,8.0,1.0,5.0,1.0,1.0,1.0,3.0,1.0,1.0,3.0,2.0,1.0,2.0,1.0,1.0,2.0,1.0,1.0,2.0,2.0,1.0,1.0,1.0,1.0,226.0,1.0,2.0,19.0,7.0,9.0,38.0,24.0,69.0,6.0,3.0,14.0,13.0,8.0,2.0,1.0,5.0,6.0,17.0,12.0,11.0,5.0,46.0,37.0,4.0
2023-11-13,1.0,1.0,1.0,1.0,1.0,1.0,1.0,7.0,1.0,1.0,1.0,2.0,1.0,1.0,1.0,1.0,1.0,5.0,1.0,1.0,1.0,2.0,1.0,1.0,1.0,1.0,1.0,1.0,1.0,1.0,1.0,3.0,2.0,1.0,1.0,1.0,2.0,1.0,1.0,1.0,1.0,1.0,1.0,1.0,1.0,1.0,1.0,1.0,1.0,1.0,1.0,1.0,1.0,1.0,1.0,1.0,2.0,1.0,1.0,1.0,1.0,1.0,1.0,1.0,1.0,2.0,1.0,1.0,1.0,1.0,1.0,1.0,1.0,1.0,1.0,1.0,1.0,1.0,1.0,1.0,1.0,21.0,1.0,1.0,1.0,1.0,1.0,1.0,2.0,1.0,1.0,1.0,435.0,1.0,1.0,1.0,1.0,1.0,4.0,2.0,1.0,1.0,2.0,3.0,1.0,3.0,1.0,99.0,1.0,1.0,2.0,1.0,1.0,1.0,1.0,1.0,2.0,1.0,1.0,1.0,1.0,1.0,1.0,1.0,1.0,1.0,1.0,1.0,1.0,1.0,1.0,1.0,1.0,1.0,1.0,1.0,2.0,1.0,1.0,1.0,1.0,1.0,1.0,1.0,2.0,1.0,1.0,1.0,1.0,1.0,1.0,1.0,1.0,1.0,1.0,1.0,1.0,1.0,1.0,2.0,2.0,2.0,1.0,1.0,1.0,1.0,1.0,1.0,1.0,1.0,1.0,1.0,1.0,1.0,1.0,1.0,1.0,1.0,1.0,1.0,1.0,1.0,1.0,1.0,1.0,1.0,1.0,1.0,1.0,1.0,1.0,2.0,1.0,1.0,1.0,2.0,1.0,2.0,1.0,1.0,1.0,2.0,1.0,1.0,1.0,1.0,1.0,1.0,1.0,1.0,274.0,1.0,1.0,1.0,1.0,1.0,1.0,1.0,1.0,1.0,1.0,1.0,1.0,1.0,2.0,2.0,1.0,1.0,316.0,1.0,1.0,1.0,1.0,1.0,553.0,1.0,4.0,1.0,1.0,1.0,1.0,1.0,1.0,1.0,1.0,1.0,1.0,1.0,1.0,1.0,1.0,1.0,1.0,1.0,1.0,1.0,1.0,1.0,1.0,2.0,1.0,2.0,1.0,1.0,1.0,1.0,1.0,4.0,1.0,1.0,1.0,3.0,1.0,1.0,1.0,5.0,1.0,1.0,1.0,1.0,1.0,1.0,1.0,3.0,2.0,1.0,2.0,3.0,1.0,2.0,5.0,2.0,1.0,1.0,1.0,4.0,1.0,2.0,1.0,1.0,1.0,1.0,2.0,1.0,1.0,1.0,1.0,1.0,1.0,1.0,1.0,1.0,1.0,163.0,1.0,1.0,1.0,1.0,1.0,1.0,1.0,1.0,1.0,1.0,1.0,1.0,1.0,1.0,1.0,1.0,1.0,1.0,1.0,1.0,2.0,1.0,1.0,1.0,1.0,1.0,2.0,1.0,1.0,1.0,1.0,1.0,1.0,1.0,74.0,2.0,1.0,5.0,2.0,1.0,1.0,1.0,1.0,2.0,2.0,2.0,4.0,1.0,1.0,2.0,1.0,2.0,1.0,1.0,1.0,1.0,1.0,1.0,1.0,1.0,16.0,4.0,1.0,1.0,1.0,1.0,1.0,1.0,1.0,1.0,1.0,1.0,1.0,519.0,1.0,1.0,1.0,1.0,1.0,1.0,2.0,2.0,1.0,2.0,1.0,151.0,1.0,1.0,1.0,1.0,1.0,1.0,1.0,1.0,1.0,1.0,1.0,1.0,2.0,1.0,1.0,1.0,1.0,1.0,1.0,1.0,1.0,1.0,2.0,1.0,1.0,2.0,1.0,1.0,1.0,1.0,1.0,1.0,2.0,2.0,7.0,1.0,1.0,1.0,1.0,1.0,1.0,1.0,1.0,2.0,1.0,1.0,1.0,1.0,492.0,3.0,1.0,1.0,1.0,1.0,1.0,1.0,328.0,1.0,1.0,4.0,2.0,1.0,2.0,1.0,1.0,1.0,1.0,1.0,1.0,2.0,27.0,268.0,1.0,1.0,1.0,1.0,1.0,1.0,1.0,1.0,1.0,1.0,1.0,1.0,1.0,1.0,1.0,1.0,1.0,1.0,1.0,1.0,3.0,22.0,1.0,1.0,1.0,2.0,1.0,1.0,1.0,1.0,1.0,1.0,1.0,1.0,1.0,1.0,2.0,1.0,1.0,1.0,1.0,1.0,1.0,34.0,1.0,1.0,6.0,2.0,1.0,2.0,2.0,1.0,1.0,1.0,1.0,1.0,1.0,3.0,1.0,1.0,1.0,1.0,1.0,1.0,1.0,1.0,1.0,1.0,1.0,1.0,1.0,1.0,1.0,1.0,1.0,1.0,1.0,1.0,1.0,1.0,1.0,1.0,1.0,1.0,2.0,1.0,2.0,1.0,2.0,1.0,1.0,1.0,1.0,1.0,1.0,1.0,2.0,1.0,1.0,1.0,1.0,1.0,1.0,191.0,1.0,2.0,1.0,1.0,1.0,1.0,1.0,1.0,1.0,1.0,2.0,1.0,1.0,4.0,4.0,1.0,5.0,1.0,1.0,1.0,1.0,1.0,1.0,1.0
2023-11-14,1.0,1.0,1.0,1.0,1.0,1.0,1.0,9.0,1.0,1.0,1.0,1.0,1.0,1.0,1.0,1.0,1.0,2.0,1.0,1.0,1.0,1.0,1.0,1.0,1.0,1.0,1.0,1.0,1.0,1.0,1.0,1.0,1.0,1.0,1.0,1.0,1.0,1.0,1.0,1.0,1.0,1.0,1.0,1.0,1.0,1.0,1.0,1.0,1.0,1.0,1.0,1.0,1.0,1.0,1.0,1.0,1.0,2.0,2.0,1.0,1.0,1.0,1.0,1.0,1.0,1.0,2.0,1.0,1.0,1.0,1.0,1.0,1.0,1.0,2.0,1.0,1.0,2.0,1.0,1.0,1.0,18.0,1.0,1.0,3.0,1.0,1.0,1.0,2.0,1.0,2.0,1.0,435.0,1.0,1.0,2.0,1.0,1.0,4.0,2.0,2.0,1.0,1.0,2.0,2.0,1.0,2.0,99.0,1.0,1.0,2.0,1.0,1.0,1.0,1.0,1.0,1.0,1.0,1.0,1.0,1.0,1.0,1.0,1.0,1.0,1.0,1.0,1.0,1.0,1.0,1.0,1.0,2.0,1.0,1.0,2.0,2.0,1.0,1.0,1.0,1.0,1.0,1.0,2.0,1.0,1.0,1.0,1.0,1.0,1.0,1.0,1.0,1.0,1.0,1.0,1.0,1.0,1.0,1.0,2.0,1.0,2.0,1.0,1.0,2.0,1.0,1.0,1.0,1.0,1.0,1.0,1.0,1.0,1.0,1.0,1.0,1.0,1.0,1.0,1.0,1.0,1.0,1.0,1.0,1.0,1.0,1.0,1.0,1.0,1.0,1.0,2.0,1.0,1.0,1.0,1.0,1.0,1.0,1.0,1.0,1.0,1.0,1.0,2.0,1.0,1.0,1.0,1.0,1.0,1.0,273.0,1.0,1.0,1.0,1.0,1.0,1.0,1.0,1.0,1.0,1.0,1.0,2.0,2.0,2.0,2.0,1.0,1.0,316.0,1.0,1.0,1.0,1.0,1.0,553.0,1.0,2.0,1.0,2.0,1.0,1.0,1.0,1.0,1.0,1.0,1.0,1.0,1.0,1.0,1.0,1.0,1.0,1.0,1.0,1.0,1.0,1.0,1.0,1.0,1.0,2.0,1.0,2.0,2.0,1.0,1.0,2.0,4.0,5.0,2.0,4.0,2.0,1.0,1.0,1.0,1.0,3.0,1.0,1.0,1.0,1.0,1.0,1.0,1.0,1.0,1.0,1.0,2.0,4.0,3.0,1.0,2.0,5.0,2.0,1.0,1.0,1.0,1.0,1.0,1.0,1.0,1.0,2.0,1.0,1.0,1.0,1.0,1.0,1.0,1.0,2.0,1.0,1.0,163.0,1.0,2.0,1.0,1.0,1.0,1.0,1.0,1.0,1.0,1.0,1.0,1.0,1.0,1.0,1.0,1.0,2.0,1.0,1.0,1.0,2.0,1.0,1.0,1.0,1.0,1.0,1.0,1.0,1.0,1.0,4.0,1.0,4.0,1.0,5.0,4.0,1.0,1.0,2.0,1.0,1.0,1.0,1.0,2.0,3.0,1.0,2.0,1.0,1.0,2.0,1.0,2.0,1.0,1.0,1.0,2.0,1.0,1.0,4.0,3.0,2.0,1.0,1.0,1.0,1.0,1.0,1.0,1.0,1.0,1.0,1.0,1.0,1.0,519.0,1.0,1.0,1.0,1.0,1.0,1.0,3.0,1.0,1.0,2.0,1.0,1.0,20.0,1.0,1.0,1.0,1.0,2.0,1.0,1.0,3.0,1.0,1.0,1.0,1.0,1.0,1.0,1.0,1.0,1.0,1.0,1.0,1.0,1.0,1.0,1.0,1.0,1.0,3.0,2.0,4.0,1.0,2.0,4.0,3.0,1.0,1.0,1.0,2.0,1.0,1.0,1.0,1.0,1.0,1.0,1.0,1.0,1.0,1.0,1.0,1.0,1.0,1.0,1.0,1.0,1.0,1.0,1.0,1.0,1.0,1.0,1.0,4.0,1.0,1.0,1.0,1.0,1.0,1.0,1.0,2.0,1.0,1.0,1.0,1.0,1.0,1.0,1.0,1.0,2.0,1.0,1.0,1.0,1.0,1.0,1.0,1.0,1.0,1.0,1.0,3.0,1.0,1.0,3.0,1.0,307.0,1.0,1.0,1.0,2.0,1.0,1.0,1.0,2.0,2.0,1.0,1.0,1.0,1.0,2.0,1.0,1.0,1.0,1.0,1.0,1.0,1.0,1.0,1.0,1.0,1.0,1.0,2.0,1.0,3.0,2.0,2.0,1.0,1.0,1.0,2.0,2.0,1.0,1.0,1.0,1.0,1.0,1.0,1.0,1.0,1.0,1.0,1.0,1.0,1.0,1.0,1.0,1.0,1.0,1.0,1.0,1.0,1.0,1.0,1.0,1.0,1.0,3.0,1.0,1.0,2.0,1.0,3.0,4.0,1.0,2.0,1.0,1.0,1.0,1.0,1.0,1.0,1.0,1.0,1.0,1.0,1.0,177.0,1.0,1.0,1.0,1.0,1.0,1.0,1.0,4.0,1.0,2.0,1.0,1.0,1.0,3.0,2.0,1.0,4.0,1.0,1.0,1.0,1.0,1.0,1.0,1.0
2023-11-15,1.0,1.0,1.0,1.0,1.0,1.0,1.0,35.0,1.0,1.0,1.0,1.0,1.0,1.0,1.0,1.0,1.0,1.0,1.0,1.0,1.0,2.0,1.0,1.0,1.0,1.0,1.0,1.0,1.0,2.0,1.0,1.0,2.0,1.0,1.0,1.0,1.0,1.0,1.0,1.0,1.0,1.0,1.0,1.0,1.0,1.0,1.0,1.0,1.0,1.0,1.0,1.0,1.0,1.0,1.0,1.0,1.0,1.0,1.0,1.0,1.0,1.0,1.0,1.0,1.0,1.0,2.0,1.0,1.0,1.0,1.0,1.0,1.0,2.0,1.0,1.0,1.0,1.0,1.0,1.0,1.0,1.0,1.0,2.0,1.0,1.0,1.0,2.0,2.0,1.0,1.0,1.0,435.0,1.0,1.0,1.0,1.0,2.0,3.0,1.0,1.0,1.0,1.0,1.0,2.0,1.0,1.0,99.0,1.0,1.0,2.0,1.0,1.0,1.0,1.0,1.0,1.0,1.0,2.0,1.0,1.0,1.0,1.0,1.0,1.0,1.0,2.0,1.0,1.0,1.0,1.0,1.0,1.0,1.0,1.0,1.0,2.0,1.0,1.0,1.0,1.0,1.0,1.0,1.0,1.0,1.0,1.0,1.0,1.0,1.0,1.0,1.0,1.0,1.0,1.0,1.0,1.0,1.0,1.0,1.0,2.0,1.0,1.0,1.0,1.0,1.0,1.0,1.0,1.0,1.0,1.0,1.0,1.0,1.0,1.0,1.0,1.0,1.0,1.0,1.0,1.0,1.0,1.0,1.0,1.0,1.0,1.0,1.0,1.0,1.0,1.0,1.0,1.0,1.0,1.0,2.0,1.0,1.0,1.0,1.0,1.0,2.0,1.0,1.0,1.0,1.0,1.0,1.0,1.0,1.0,274.0,1.0,1.0,1.0,1.0,1.0,1.0,3.0,1.0,1.0,1.0,1.0,1.0,4.0,1.0,1.0,1.0,1.0,316.0,1.0,1.0,1.0,1.0,1.0,553.0,1.0,1.0,2.0,1.0,1.0,1.0,1.0,1.0,1.0,1.0,1.0,1.0,1.0,1.0,1.0,1.0,1.0,1.0,2.0,3.0,1.0,1.0,1.0,1.0,1.0,1.0,1.0,1.0,1.0,1.0,1.0,2.0,3.0,1.0,2.0,3.0,1.0,1.0,1.0,1.0,2.0,2.0,1.0,2.0,1.0,1.0,1.0,1.0,1.0,2.0,1.0,1.0,1.0,1.0,2.0,1.0,1.0,3.0,1.0,1.0,2.0,1.0,1.0,2.0,1.0,1.0,1.0,1.0,4.0,1.0,1.0,1.0,1.0,1.0,1.0,1.0,1.0,1.0,163.0,1.0,1.0,2.0,1.0,1.0,1.0,1.0,1.0,1.0,1.0,1.0,1.0,1.0,1.0,1.0,1.0,1.0,2.0,1.0,2.0,2.0,1.0,2.0,2.0,1.0,1.0,2.0,1.0,1.0,1.0,4.0,1.0,1.0,1.0,3.0,4.0,1.0,2.0,2.0,1.0,3.0,1.0,1.0,1.0,2.0,1.0,4.0,1.0,1.0,2.0,1.0,2.0,1.0,1.0,1.0,1.0,1.0,1.0,2.0,1.0,2.0,1.0,1.0,1.0,1.0,1.0,1.0,1.0,2.0,1.0,2.0,1.0,1.0,519.0,1.0,1.0,1.0,1.0,2.0,1.0,3.0,1.0,1.0,2.0,1.0,1.0,485.0,1.0,1.0,1.0,1.0,2.0,1.0,1.0,1.0,1.0,1.0,1.0,1.0,1.0,1.0,1.0,1.0,1.0,1.0,1.0,1.0,1.0,447.0,1.0,1.0,2.0,5.0,1.0,1.0,1.0,1.0,1.0,2.0,2.0,1.0,1.0,1.0,1.0,1.0,1.0,1.0,1.0,1.0,2.0,1.0,1.0,1.0,1.0,1.0,2.0,1.0,1.0,1.0,1.0,2.0,1.0,2.0,1.0,4.0,1.0,2.0,2.0,1.0,1.0,1.0,1.0,1.0,1.0,2.0,1.0,1.0,1.0,1.0,1.0,1.0,1.0,1.0,1.0,1.0,1.0,1.0,1.0,2.0,1.0,1.0,3.0,1.0,1.0,1.0,3.0,1.0,3.0,1.0,1.0,1.0,1.0,1.0,1.0,1.0,1.0,1.0,1.0,1.0,1.0,1.0,1.0,1.0,1.0,2.0,1.0,1.0,1.0,1.0,1.0,1.0,1.0,1.0,1.0,2.0,1.0,1.0,1.0,1.0,2.0,1.0,1.0,1.0,1.0,3.0,1.0,1.0,1.0,1.0,1.0,1.0,1.0,1.0,1.0,1.0,1.0,1.0,1.0,1.0,1.0,1.0,1.0,228.0,1.0,1.0,1.0,1.0,1.0,1.0,1.0,1.0,1.0,1.0,1.0,1.0,1.0,1.0,1.0,1.0,1.0,1.0,1.0,1.0,2.0,1.0,1.0,1.0,1.0,1.0,1.0,1.0,200.0,1.0,2.0,1.0,1.0,1.0,2.0,1.0,1.0,1.0,2.0,3.0,8.0,1.0,3.0,1.0,1.0,4.0,1.0,1.0,1.0,1.0,1.0,1.0,1.0
2023-11-16,1.0,1.0,1.0,1.0,1.0,1.0,1.0,5.0,1.0,1.0,1.0,1.0,1.0,1.0,1.0,1.0,1.0,1.0,1.0,1.0,1.0,1.0,1.0,1.0,1.0,1.0,1.0,1.0,1.0,1.0,1.0,1.0,1.0,1.0,1.0,1.0,1.0,1.0,1.0,1.0,1.0,1.0,1.0,1.0,1.0,1.0,1.0,1.0,1.0,1.0,1.0,1.0,1.0,1.0,1.0,1.0,2.0,1.0,2.0,1.0,1.0,1.0,1.0,1.0,2.0,1.0,2.0,1.0,1.0,1.0,1.0,1.0,1.0,1.0,1.0,1.0,1.0,2.0,1.0,1.0,1.0,3.0,1.0,1.0,1.0,1.0,2.0,1.0,1.0,1.0,2.0,1.0,435.0,1.0,1.0,1.0,1.0,1.0,1.0,1.0,1.0,1.0,1.0,2.0,1.0,3.0,1.0,99.0,2.0,3.0,2.0,1.0,1.0,1.0,1.0,1.0,1.0,1.0,2.0,2.0,1.0,1.0,1.0,1.0,1.0,1.0,1.0,1.0,1.0,1.0,1.0,1.0,2.0,1.0,1.0,1.0,2.0,1.0,1.0,1.0,1.0,1.0,2.0,2.0,1.0,1.0,1.0,1.0,1.0,1.0,1.0,1.0,1.0,1.0,1.0,1.0,1.0,1.0,1.0,2.0,1.0,2.0,1.0,1.0,1.0,1.0,1.0,1.0,1.0,1.0,1.0,1.0,1.0,1.0,1.0,1.0,1.0,1.0,1.0,1.0,1.0,1.0,1.0,1.0,1.0,1.0,1.0,1.0,1.0,1.0,1.0,1.0,1.0,1.0,1.0,1.0,2.0,1.0,1.0,1.0,1.0,2.0,1.0,2.0,1.0,1.0,1.0,1.0,1.0,1.0,276.0,1.0,1.0,1.0,1.0,1.0,1.0,1.0,1.0,1.0,1.0,1.0,1.0,1.0,2.0,1.0,1.0,1.0,316.0,1.0,1.0,2.0,1.0,1.0,553.0,1.0,2.0,1.0,1.0,1.0,1.0,1.0,1.0,1.0,1.0,1.0,1.0,1.0,1.0,1.0,1.0,1.0,2.0,1.0,1.0,1.0,1.0,1.0,1.0,1.0,1.0,1.0,1.0,1.0,1.0,1.0,1.0,2.0,4.0,2.0,1.0,2.0,1.0,2.0,1.0,2.0,3.0,1.0,10.0,1.0,1.0,1.0,1.0,1.0,1.0,1.0,1.0,1.0,4.0,3.0,2.0,1.0,1.0,1.0,1.0,1.0,1.0,1.0,1.0,2.0,1.0,1.0,1.0,1.0,1.0,1.0,1.0,1.0,1.0,1.0,2.0,1.0,1.0,163.0,3.0,5.0,3.0,1.0,1.0,1.0,1.0,1.0,2.0,1.0,1.0,1.0,1.0,1.0,1.0,1.0,1.0,2.0,1.0,1.0,1.0,1.0,1.0,1.0,1.0,1.0,1.0,1.0,1.0,1.0,7.0,10.0,2.0,2.0,1.0,7.0,16.0,2.0,1.0,1.0,2.0,1.0,2.0,2.0,3.0,1.0,3.0,1.0,2.0,1.0,1.0,1.0,2.0,1.0,1.0,1.0,6.0,2.0,2.0,4.0,2.0,1.0,1.0,1.0,1.0,1.0,1.0,1.0,1.0,1.0,1.0,1.0,1.0,519.0,1.0,1.0,1.0,1.0,3.0,2.0,1.0,1.0,1.0,2.0,1.0,1.0,1.0,1.0,1.0,1.0,1.0,2.0,1.0,1.0,3.0,1.0,1.0,1.0,2.0,1.0,1.0,1.0,1.0,1.0,1.0,1.0,1.0,1.0,54.0,1.0,1.0,1.0,2.0,1.0,1.0,1.0,1.0,2.0,1.0,1.0,1.0,1.0,1.0,1.0,1.0,1.0,1.0,1.0,1.0,1.0,1.0,1.0,1.0,2.0,1.0,1.0,1.0,1.0,1.0,1.0,1.0,1.0,1.0,1.0,3.0,2.0,1.0,1.0,1.0,1.0,1.0,1.0,1.0,1.0,1.0,2.0,3.0,1.0,1.0,1.0,1.0,1.0,1.0,1.0,1.0,1.0,1.0,3.0,1.0,1.0,1.0,1.0,1.0,2.0,1.0,1.0,1.0,2.0,1.0,1.0,1.0,1.0,1.0,1.0,1.0,1.0,1.0,1.0,1.0,1.0,1.0,1.0,1.0,1.0,1.0,1.0,1.0,1.0,1.0,1.0,1.0,1.0,1.0,1.0,1.0,1.0,1.0,1.0,1.0,3.0,1.0,1.0,1.0,1.0,2.0,1.0,1.0,1.0,1.0,1.0,1.0,2.0,1.0,1.0,1.0,1.0,1.0,1.0,2.0,1.0,1.0,1.0,1.0,1.0,1.0,1.0,1.0,1.0,1.0,1.0,1.0,1.0,1.0,1.0,3.0,1.0,1.0,1.0,1.0,3.0,1.0,1.0,1.0,2.0,1.0,1.0,2.0,1.0,1.0,1.0,1.0,210.0,1.0,1.0,1.0,1.0,2.0,1.0,1.0,1.0,1.0,5.0,4.0,9.0,1.0,2.0,1.0,1.0,4.0,1.0,1.0,1.0,1.0,1.0,1.0,1.0
2023-11-17,1.0,1.0,1.0,1.0,1.0,2.0,1.0,14.0,1.0,1.0,1.0,1.0,1.0,1.0,1.0,1.0,1.0,10.0,1.0,1.0,1.0,1.0,1.0,1.0,1.0,1.0,1.0,1.0,1.0,1.0,2.0,1.0,1.0,1.0,3.0,1.0,1.0,1.0,1.0,1.0,1.0,2.0,1.0,1.0,1.0,1.0,1.0,1.0,1.0,1.0,1.0,1.0,2.0,1.0,1.0,1.0,1.0,1.0,1.0,1.0,2.0,1.0,2.0,1.0,1.0,1.0,1.0,1.0,1.0,1.0,1.0,1.0,1.0,2.0,1.0,1.0,1.0,1.0,1.0,1.0,1.0,11.0,1.0,1.0,1.0,2.0,1.0,1.0,1.0,1.0,1.0,1.0,435.0,1.0,1.0,1.0,1.0,1.0,1.0,1.0,1.0,1.0,1.0,1.0,2.0,3.0,3.0,10.0,2.0,1.0,1.0,1.0,1.0,1.0,1.0,1.0,2.0,1.0,1.0,1.0,1.0,1.0,1.0,1.0,1.0,2.0,1.0,1.0,5.0,1.0,1.0,1.0,1.0,1.0,1.0,1.0,1.0,1.0,1.0,1.0,1.0,1.0,1.0,1.0,2.0,1.0,1.0,1.0,1.0,1.0,1.0,1.0,1.0,1.0,1.0,1.0,1.0,1.0,1.0,2.0,8.0,2.0,6.0,1.0,1.0,1.0,5.0,2.0,2.0,1.0,1.0,10.0,3.0,2.0,1.0,1.0,1.0,1.0,1.0,1.0,1.0,1.0,1.0,1.0,1.0,2.0,1.0,1.0,1.0,1.0,1.0,2.0,1.0,1.0,1.0,2.0,1.0,1.0,2.0,1.0,1.0,4.0,1.0,2.0,1.0,1.0,1.0,1.0,1.0,1.0,289.0,1.0,1.0,1.0,1.0,25.0,1.0,5.0,6.0,1.0,1.0,1.0,21.0,9.0,17.0,1.0,6.0,5.0,316.0,1.0,7.0,9.0,1.0,1.0,553.0,6.0,1.0,3.0,6.0,1.0,1.0,1.0,5.0,2.0,2.0,1.0,1.0,1.0,1.0,1.0,1.0,1.0,1.0,1.0,1.0,1.0,1.0,43.0,1.0,2.0,1.0,1.0,1.0,1.0,1.0,2.0,1.0,2.0,1.0,3.0,1.0,1.0,4.0,5.0,2.0,1.0,1.0,2.0,1.0,2.0,1.0,1.0,1.0,1.0,2.0,1.0,1.0,2.0,3.0,3.0,10.0,1.0,2.0,2.0,1.0,2.0,2.0,1.0,1.0,1.0,2.0,1.0,1.0,1.0,1.0,2.0,2.0,1.0,1.0,1.0,1.0,1.0,1.0,163.0,1.0,1.0,1.0,1.0,1.0,1.0,1.0,1.0,1.0,1.0,5.0,1.0,1.0,1.0,2.0,3.0,1.0,1.0,1.0,1.0,2.0,2.0,1.0,3.0,1.0,1.0,2.0,1.0,1.0,1.0,1.0,1.0,4.0,1.0,2.0,5.0,1.0,2.0,1.0,1.0,2.0,1.0,2.0,1.0,2.0,1.0,3.0,1.0,1.0,1.0,1.0,1.0,3.0,1.0,1.0,1.0,1.0,3.0,3.0,1.0,2.0,1.0,1.0,1.0,1.0,1.0,1.0,1.0,1.0,1.0,1.0,1.0,1.0,519.0,1.0,1.0,1.0,16.0,1.0,1.0,1.0,1.0,1.0,1.0,2.0,1.0,1.0,1.0,1.0,1.0,1.0,1.0,1.0,1.0,1.0,1.0,2.0,342.0,3.0,1.0,1.0,1.0,1.0,1.0,1.0,1.0,1.0,2.0,380.0,1.0,1.0,7.0,1.0,1.0,1.0,2.0,2.0,3.0,1.0,2.0,2.0,1.0,1.0,1.0,1.0,1.0,1.0,1.0,2.0,2.0,1.0,1.0,1.0,1.0,1.0,1.0,1.0,1.0,1.0,1.0,1.0,1.0,2.0,1.0,2.0,1.0,3.0,3.0,1.0,1.0,1.0,1.0,1.0,1.0,3.0,2.0,1.0,1.0,1.0,1.0,2.0,1.0,1.0,1.0,1.0,1.0,1.0,1.0,3.0,1.0,1.0,2.0,1.0,2.0,1.0,1.0,1.0,1.0,1.0,1.0,1.0,2.0,1.0,1.0,1.0,1.0,1.0,1.0,1.0,1.0,1.0,1.0,1.0,1.0,1.0,2.0,1.0,1.0,1.0,1.0,1.0,1.0,1.0,1.0,2.0,2.0,1.0,1.0,1.0,1.0,1.0,1.0,2.0,1.0,1.0,1.0,1.0,1.0,1.0,1.0,1.0,1.0,2.0,1.0,1.0,1.0,1.0,1.0,1.0,1.0,1.0,1.0,1.0,1.0,1.0,1.0,1.0,1.0,1.0,1.0,1.0,1.0,1.0,3.0,2.0,1.0,1.0,1.0,1.0,1.0,1.0,1.0,1.0,1.0,1.0,1.0,1.0,1.0,1.0,1.0,1.0,219.0,2.0,1.0,1.0,1.0,1.0,1.0,1.0,1.0,7.0,8.0,6.0,8.0,1.0,4.0,1.0,1.0,2.0,1.0,1.0,1.0,1.0,1.0,1.0,1.0
2023-11-18,1.0,1.0,1.0,1.0,1.0,1.0,3.0,38.0,1.0,1.0,1.0,1.0,1.0,1.0,4.0,1.0,5.0,2.0,1.0,2.0,1.0,2.0,1.0,1.0,7.0,1.0,6.0,1.0,1.0,1.0,3.0,1.0,1.0,1.0,3.0,1.0,1.0,1.0,1.0,1.0,1.0,1.0,1.0,1.0,1.0,2.0,1.0,1.0,1.0,1.0,1.0,2.0,3.0,1.0,7.0,1.0,1.0,1.0,1.0,1.0,1.0,1.0,1.0,1.0,2.0,2.0,1.0,1.0,1.0,1.0,1.0,1.0,1.0,2.0,1.0,1.0,1.0,2.0,1.0,1.0,1.0,2.0,1.0,1.0,2.0,2.0,1.0,1.0,1.0,1.0,1.0,1.0,435.0,1.0,1.0,1.0,1.0,1.0,1.0,1.0,3.0,1.0,1.0,1.0,1.0,1.0,2.0,5.0,1.0,3.0,1.0,2.0,1.0,1.0,1.0,1.0,2.0,1.0,1.0,1.0,1.0,1.0,2.0,1.0,1.0,1.0,1.0,1.0,3.0,1.0,1.0,1.0,1.0,1.0,1.0,1.0,1.0,2.0,1.0,1.0,1.0,2.0,3.0,1.0,1.0,1.0,1.0,1.0,1.0,1.0,1.0,1.0,1.0,1.0,1.0,2.0,1.0,1.0,1.0,1.0,5.0,12.0,2.0,2.0,2.0,1.0,1.0,1.0,1.0,1.0,1.0,1.0,1.0,1.0,1.0,1.0,1.0,1.0,1.0,1.0,1.0,1.0,1.0,1.0,1.0,1.0,1.0,1.0,1.0,2.0,1.0,2.0,1.0,1.0,1.0,2.0,1.0,1.0,1.0,1.0,1.0,1.0,1.0,2.0,1.0,1.0,1.0,1.0,1.0,1.0,300.0,1.0,1.0,1.0,1.0,29.0,1.0,2.0,1.0,1.0,1.0,3.0,5.0,5.0,1.0,1.0,1.0,1.0,58.0,1.0,1.0,1.0,1.0,1.0,553.0,1.0,3.0,1.0,2.0,1.0,2.0,1.0,8.0,1.0,3.0,2.0,2.0,1.0,1.0,1.0,1.0,1.0,2.0,1.0,2.0,1.0,1.0,2.0,2.0,1.0,1.0,1.0,3.0,1.0,1.0,3.0,1.0,3.0,1.0,2.0,2.0,2.0,2.0,4.0,1.0,2.0,2.0,1.0,1.0,2.0,1.0,1.0,1.0,1.0,1.0,1.0,1.0,2.0,4.0,3.0,11.0,2.0,3.0,5.0,1.0,1.0,2.0,3.0,2.0,3.0,2.0,2.0,1.0,1.0,1.0,1.0,2.0,1.0,1.0,2.0,1.0,2.0,1.0,163.0,1.0,1.0,1.0,1.0,1.0,1.0,1.0,1.0,1.0,1.0,1.0,1.0,1.0,1.0,1.0,1.0,1.0,2.0,1.0,2.0,2.0,1.0,2.0,5.0,1.0,1.0,1.0,5.0,1.0,1.0,1.0,2.0,3.0,1.0,4.0,5.0,7.0,2.0,1.0,1.0,6.0,4.0,3.0,2.0,3.0,1.0,2.0,1.0,1.0,1.0,1.0,2.0,1.0,1.0,2.0,1.0,9.0,5.0,3.0,1.0,2.0,1.0,1.0,1.0,2.0,1.0,2.0,1.0,1.0,1.0,2.0,1.0,1.0,519.0,1.0,1.0,1.0,18.0,1.0,1.0,1.0,1.0,1.0,1.0,1.0,1.0,73.0,1.0,1.0,3.0,2.0,1.0,1.0,2.0,1.0,8.0,1.0,518.0,1.0,1.0,1.0,2.0,1.0,1.0,1.0,1.0,1.0,3.0,389.0,1.0,2.0,1.0,7.0,1.0,1.0,1.0,2.0,1.0,7.0,1.0,2.0,1.0,2.0,1.0,1.0,1.0,2.0,1.0,1.0,1.0,1.0,2.0,1.0,2.0,505.0,1.0,1.0,1.0,1.0,1.0,1.0,1.0,1.0,1.0,4.0,1.0,2.0,1.0,1.0,1.0,1.0,1.0,1.0,1.0,3.0,2.0,1.0,2.0,1.0,1.0,4.0,1.0,1.0,1.0,1.0,1.0,2.0,2.0,1.0,5.0,1.0,1.0,1.0,1.0,1.0,1.0,1.0,1.0,1.0,1.0,1.0,2.0,1.0,1.0,1.0,1.0,3.0,1.0,1.0,1.0,1.0,1.0,1.0,1.0,1.0,1.0,1.0,1.0,1.0,1.0,1.0,1.0,1.0,4.0,9.0,1.0,1.0,1.0,1.0,1.0,5.0,2.0,1.0,2.0,2.0,1.0,1.0,2.0,1.0,1.0,1.0,2.0,1.0,1.0,1.0,1.0,1.0,1.0,1.0,1.0,2.0,1.0,5.0,1.0,1.0,3.0,1.0,1.0,7.0,1.0,1.0,2.0,1.0,1.0,3.0,2.0,1.0,3.0,1.0,1.0,1.0,1.0,1.0,1.0,1.0,1.0,1.0,1.0,1.0,1.0,1.0,280.0,2.0,1.0,42.0,2.0,2.0,10.0,1.0,46.0,4.0,2.0,9.0,11.0,5.0,1.0,2.0,1.0,3.0,2.0,1.0,1.0,1.0,2.0,10.0,6.0
2023-11-19,1.0,1.0,1.0,2.0,1.0,1.0,1.0,1.0,1.0,1.0,1.0,1.0,1.0,1.0,1.0,1.0,1.0,1.0,2.0,2.0,1.0,2.0,5.0,2.0,2.0,1.0,1.0,1.0,1.0,1.0,2.0,1.0,1.0,1.0,1.0,1.0,1.0,1.0,1.0,1.0,1.0,1.0,1.0,1.0,1.0,1.0,1.0,1.0,1.0,3.0,1.0,1.0,1.0,1.0,2.0,2.0,2.0,1.0,1.0,1.0,1.0,1.0,1.0,1.0,1.0,3.0,3.0,2.0,1.0,1.0,1.0,1.0,1.0,1.0,1.0,1.0,1.0,1.0,1.0,1.0,1.0,2.0,1.0,1.0,2.0,1.0,1.0,1.0,3.0,1.0,3.0,1.0,435.0,1.0,1.0,2.0,3.0,3.0,1.0,1.0,2.0,1.0,1.0,2.0,1.0,1.0,1.0,2.0,1.0,3.0,2.0,1.0,1.0,1.0,2.0,1.0,1.0,1.0,2.0,1.0,1.0,1.0,2.0,1.0,1.0,2.0,1.0,1.0,1.0,1.0,1.0,1.0,7.0,1.0,1.0,1.0,1.0,4.0,2.0,1.0,2.0,1.0,1.0,1.0,2.0,1.0,1.0,1.0,1.0,1.0,1.0,1.0,1.0,1.0,1.0,1.0,3.0,1.0,8.0,13.0,2.0,1.0,4.0,1.0,1.0,1.0,1.0,1.0,1.0,2.0,1.0,1.0,1.0,1.0,1.0,3.0,1.0,1.0,1.0,1.0,1.0,1.0,1.0,1.0,2.0,1.0,1.0,1.0,1.0,1.0,1.0,1.0,2.0,2.0,1.0,2.0,1.0,1.0,1.0,1.0,1.0,1.0,1.0,1.0,1.0,1.0,1.0,1.0,1.0,1.0,282.0,1.0,1.0,1.0,1.0,3.0,1.0,2.0,1.0,1.0,1.0,1.0,1.0,6.0,4.0,2.0,1.0,2.0,1.0,1.0,2.0,1.0,1.0,1.0,553.0,1.0,1.0,1.0,2.0,1.0,1.0,1.0,1.0,1.0,1.0,1.0,1.0,1.0,1.0,1.0,2.0,1.0,1.0,1.0,1.0,1.0,1.0,1.0,2.0,2.0,1.0,1.0,3.0,1.0,1.0,3.0,1.0,1.0,7.0,5.0,4.0,2.0,2.0,1.0,1.0,3.0,4.0,2.0,1.0,2.0,1.0,2.0,1.0,2.0,1.0,1.0,1.0,3.0,3.0,2.0,1.0,1.0,3.0,1.0,1.0,2.0,1.0,1.0,1.0,2.0,2.0,1.0,1.0,1.0,1.0,1.0,2.0,11.0,3.0,1.0,1.0,1.0,1.0,163.0,1.0,1.0,1.0,1.0,1.0,1.0,1.0,1.0,1.0,4.0,20.0,1.0,1.0,1.0,1.0,2.0,2.0,3.0,2.0,1.0,2.0,1.0,1.0,1.0,1.0,1.0,2.0,1.0,5.0,1.0,2.0,1.0,2.0,1.0,2.0,5.0,1.0,1.0,2.0,1.0,1.0,7.0,5.0,4.0,3.0,2.0,1.0,1.0,1.0,1.0,3.0,2.0,1.0,1.0,1.0,1.0,1.0,4.0,3.0,1.0,2.0,1.0,1.0,1.0,1.0,1.0,1.0,1.0,3.0,2.0,1.0,1.0,1.0,519.0,1.0,1.0,1.0,1.0,1.0,1.0,1.0,2.0,1.0,6.0,2.0,1.0,555.0,1.0,2.0,3.0,1.0,2.0,2.0,1.0,1.0,1.0,1.0,518.0,1.0,1.0,1.0,1.0,1.0,1.0,2.0,1.0,2.0,1.0,389.0,1.0,1.0,1.0,1.0,1.0,1.0,1.0,5.0,3.0,1.0,1.0,1.0,7.0,1.0,1.0,1.0,1.0,1.0,1.0,1.0,1.0,1.0,1.0,1.0,2.0,598.0,3.0,1.0,1.0,1.0,1.0,1.0,1.0,2.0,1.0,2.0,1.0,2.0,2.0,1.0,6.0,1.0,1.0,2.0,1.0,2.0,1.0,1.0,1.0,2.0,1.0,1.0,3.0,1.0,1.0,1.0,2.0,1.0,1.0,1.0,5.0,1.0,1.0,1.0,1.0,6.0,1.0,1.0,1.0,1.0,1.0,1.0,3.0,1.0,1.0,1.0,1.0,1.0,2.0,1.0,1.0,1.0,1.0,1.0,1.0,1.0,1.0,1.0,1.0,1.0,1.0,1.0,1.0,1.0,2.0,1.0,2.0,2.0,1.0,1.0,1.0,3.0,1.0,1.0,1.0,3.0,1.0,1.0,1.0,1.0,1.0,2.0,2.0,4.0,4.0,1.0,1.0,1.0,1.0,1.0,1.0,1.0,1.0,2.0,7.0,3.0,1.0,1.0,4.0,2.0,1.0,1.0,3.0,1.0,1.0,2.0,1.0,2.0,3.0,1.0,1.0,1.0,1.0,1.0,1.0,2.0,1.0,1.0,2.0,1.0,1.0,1.0,228.0,1.0,2.0,15.0,14.0,11.0,74.0,70.0,60.0,3.0,4.0,10.0,14.0,8.0,2.0,1.0,5.0,5.0,16.0,7.0,14.0,1.0,1.0,49.0,40.0
2023-11-20,1.0,1.0,1.0,1.0,1.0,1.0,1.0,4.0,1.0,1.0,1.0,1.0,1.0,1.0,1.0,1.0,1.0,2.0,1.0,1.0,1.0,1.0,2.0,1.0,1.0,1.0,1.0,1.0,1.0,1.0,1.0,1.0,1.0,1.0,1.0,1.0,1.0,1.0,2.0,1.0,1.0,1.0,1.0,1.0,1.0,1.0,1.0,1.0,1.0,1.0,1.0,1.0,2.0,1.0,1.0,1.0,1.0,1.0,1.0,1.0,2.0,1.0,1.0,1.0,1.0,1.0,1.0,1.0,1.0,1.0,1.0,1.0,1.0,1.0,2.0,1.0,1.0,2.0,1.0,1.0,1.0,1.0,1.0,1.0,2.0,1.0,1.0,2.0,2.0,1.0,1.0,1.0,435.0,1.0,1.0,1.0,1.0,3.0,5.0,1.0,1.0,1.0,1.0,1.0,1.0,1.0,1.0,1.0,2.0,1.0,2.0,1.0,1.0,1.0,1.0,1.0,1.0,1.0,1.0,1.0,1.0,1.0,1.0,1.0,1.0,1.0,1.0,1.0,1.0,1.0,2.0,1.0,1.0,1.0,1.0,1.0,2.0,1.0,1.0,1.0,1.0,1.0,1.0,1.0,2.0,1.0,1.0,1.0,1.0,1.0,1.0,1.0,1.0,1.0,1.0,1.0,1.0,1.0,1.0,2.0,1.0,1.0,1.0,1.0,1.0,1.0,1.0,1.0,1.0,1.0,1.0,1.0,1.0,1.0,1.0,1.0,1.0,1.0,1.0,1.0,1.0,1.0,1.0,1.0,1.0,1.0,1.0,1.0,1.0,1.0,1.0,1.0,1.0,1.0,1.0,1.0,2.0,1.0,1.0,1.0,1.0,1.0,1.0,2.0,1.0,1.0,1.0,1.0,2.0,1.0,266.0,1.0,1.0,1.0,1.0,1.0,1.0,1.0,1.0,1.0,1.0,1.0,1.0,2.0,1.0,1.0,1.0,1.0,1.0,1.0,1.0,1.0,1.0,1.0,553.0,1.0,1.0,1.0,1.0,1.0,1.0,1.0,3.0,1.0,1.0,1.0,1.0,1.0,1.0,1.0,5.0,2.0,3.0,2.0,2.0,1.0,1.0,1.0,1.0,3.0,1.0,1.0,3.0,1.0,2.0,2.0,1.0,1.0,1.0,2.0,2.0,1.0,1.0,1.0,1.0,2.0,2.0,1.0,1.0,2.0,1.0,3.0,1.0,1.0,1.0,1.0,1.0,2.0,4.0,3.0,3.0,1.0,2.0,3.0,1.0,1.0,3.0,3.0,1.0,2.0,1.0,3.0,1.0,1.0,1.0,2.0,1.0,1.0,1.0,1.0,1.0,1.0,1.0,163.0,1.0,1.0,1.0,1.0,1.0,1.0,1.0,1.0,1.0,1.0,1.0,1.0,1.0,1.0,1.0,1.0,1.0,2.0,1.0,1.0,2.0,1.0,2.0,3.0,1.0,1.0,2.0,1.0,1.0,1.0,1.0,1.0,1.0,1.0,3.0,3.0,2.0,5.0,1.0,2.0,6.0,2.0,1.0,1.0,2.0,1.0,2.0,1.0,1.0,1.0,1.0,1.0,1.0,1.0,1.0,1.0,1.0,2.0,3.0,1.0,2.0,1.0,1.0,1.0,2.0,2.0,1.0,1.0,4.0,1.0,1.0,1.0,1.0,519.0,1.0,1.0,1.0,1.0,2.0,1.0,1.0,1.0,1.0,1.0,1.0,1.0,280.0,1.0,1.0,1.0,3.0,2.0,2.0,1.0,1.0,1.0,2.0,285.0,1.0,1.0,1.0,1.0,1.0,1.0,1.0,1.0,1.0,2.0,72.0,1.0,3.0,1.0,1.0,1.0,1.0,1.0,1.0,5.0,7.0,3.0,1.0,1.0,1.0,1.0,1.0,1.0,1.0,2.0,1.0,2.0,1.0,1.0,1.0,1.0,556.0,1.0,1.0,1.0,1.0,1.0,2.0,1.0,1.0,1.0,2.0,1.0,1.0,3.0,2.0,1.0,1.0,1.0,1.0,1.0,1.0,2.0,3.0,1.0,2.0,1.0,1.0,1.0,1.0,1.0,2.0,1.0,1.0,1.0,3.0,1.0,1.0,2.0,1.0,1.0,1.0,1.0,1.0,1.0,4.0,1.0,1.0,1.0,1.0,1.0,1.0,1.0,1.0,1.0,1.0,1.0,1.0,1.0,1.0,1.0,1.0,1.0,1.0,1.0,1.0,1.0,1.0,1.0,1.0,1.0,1.0,1.0,1.0,302.0,1.0,3.0,1.0,1.0,2.0,1.0,2.0,1.0,1.0,1.0,1.0,1.0,1.0,1.0,2.0,1.0,1.0,1.0,1.0,1.0,1.0,1.0,1.0,1.0,1.0,1.0,1.0,1.0,1.0,1.0,1.0,1.0,1.0,3.0,2.0,4.0,1.0,1.0,1.0,1.0,1.0,1.0,1.0,1.0,1.0,2.0,1.0,1.0,2.0,1.0,1.0,1.0,2.0,206.0,2.0,1.0,1.0,1.0,1.0,2.0,1.0,1.0,5.0,5.0,5.0,2.0,1.0,2.0,1.0,1.0,2.0,1.0,1.0,1.0,1.0,1.0,1.0,1.0
2023-11-21,2.0,1.0,1.0,1.0,1.0,7.0,2.0,2.0,1.0,1.0,1.0,1.0,1.0,1.0,1.0,140.0,1.0,10.0,1.0,1.0,1.0,1.0,1.0,1.0,1.0,1.0,1.0,1.0,1.0,1.0,1.0,1.0,1.0,1.0,1.0,1.0,1.0,1.0,1.0,1.0,1.0,1.0,1.0,1.0,1.0,1.0,1.0,1.0,1.0,1.0,1.0,1.0,1.0,1.0,1.0,1.0,2.0,1.0,11.0,10.0,8.0,1.0,2.0,2.0,1.0,1.0,1.0,1.0,1.0,1.0,1.0,1.0,1.0,1.0,1.0,1.0,1.0,1.0,1.0,1.0,1.0,1.0,1.0,1.0,1.0,3.0,1.0,4.0,3.0,1.0,3.0,1.0,313.0,3.0,6.0,1.0,1.0,2.0,2.0,1.0,2.0,1.0,2.0,1.0,2.0,3.0,1.0,1.0,1.0,1.0,2.0,1.0,1.0,1.0,2.0,1.0,1.0,1.0,5.0,1.0,1.0,1.0,1.0,1.0,1.0,1.0,1.0,1.0,1.0,1.0,1.0,1.0,1.0,1.0,1.0,1.0,2.0,1.0,1.0,1.0,1.0,1.0,1.0,1.0,1.0,1.0,1.0,1.0,1.0,1.0,1.0,1.0,1.0,1.0,1.0,1.0,1.0,1.0,1.0,1.0,1.0,1.0,1.0,1.0,1.0,1.0,1.0,1.0,1.0,1.0,1.0,1.0,1.0,1.0,1.0,1.0,1.0,1.0,2.0,1.0,1.0,1.0,1.0,1.0,1.0,1.0,2.0,1.0,1.0,1.0,1.0,2.0,1.0,1.0,1.0,1.0,1.0,1.0,1.0,1.0,1.0,1.0,1.0,1.0,1.0,1.0,1.0,1.0,1.0,1.0,292.0,1.0,1.0,1.0,1.0,1.0,1.0,5.0,1.0,1.0,1.0,2.0,1.0,4.0,1.0,1.0,1.0,1.0,1.0,1.0,1.0,1.0,1.0,2.0,553.0,1.0,1.0,1.0,1.0,1.0,1.0,1.0,3.0,1.0,1.0,1.0,1.0,1.0,1.0,1.0,1.0,1.0,1.0,1.0,1.0,1.0,2.0,1.0,2.0,1.0,1.0,1.0,1.0,1.0,1.0,1.0,2.0,1.0,2.0,1.0,3.0,4.0,3.0,1.0,1.0,1.0,4.0,1.0,1.0,1.0,1.0,1.0,1.0,1.0,1.0,1.0,3.0,1.0,3.0,2.0,7.0,2.0,2.0,3.0,1.0,2.0,2.0,1.0,1.0,2.0,1.0,1.0,1.0,1.0,1.0,1.0,1.0,1.0,1.0,1.0,1.0,1.0,1.0,163.0,1.0,2.0,1.0,1.0,1.0,1.0,1.0,1.0,1.0,1.0,1.0,1.0,1.0,1.0,1.0,1.0,1.0,1.0,1.0,2.0,1.0,1.0,1.0,1.0,1.0,1.0,2.0,1.0,1.0,1.0,1.0,1.0,1.0,1.0,2.0,6.0,2.0,2.0,2.0,1.0,1.0,1.0,3.0,1.0,2.0,1.0,2.0,1.0,1.0,1.0,1.0,1.0,1.0,1.0,1.0,1.0,1.0,1.0,2.0,1.0,2.0,1.0,1.0,1.0,1.0,1.0,1.0,1.0,1.0,1.0,1.0,1.0,1.0,519.0,1.0,1.0,1.0,1.0,3.0,1.0,1.0,1.0,1.0,2.0,1.0,1.0,1.0,1.0,1.0,1.0,1.0,1.0,1.0,1.0,1.0,1.0,1.0,1.0,1.0,1.0,1.0,1.0,1.0,1.0,1.0,1.0,1.0,2.0,382.0,1.0,1.0,1.0,3.0,1.0,1.0,1.0,1.0,7.0,3.0,2.0,1.0,1.0,1.0,1.0,1.0,1.0,1.0,1.0,1.0,2.0,1.0,1.0,1.0,1.0,1.0,1.0,1.0,1.0,1.0,1.0,1.0,1.0,1.0,1.0,2.0,1.0,3.0,2.0,1.0,2.0,1.0,1.0,1.0,1.0,178.0,2.0,1.0,1.0,1.0,1.0,1.0,1.0,1.0,1.0,1.0,1.0,1.0,1.0,1.0,1.0,1.0,2.0,1.0,1.0,1.0,1.0,1.0,1.0,1.0,1.0,1.0,1.0,1.0,1.0,1.0,1.0,1.0,1.0,1.0,1.0,1.0,1.0,1.0,2.0,1.0,1.0,1.0,1.0,1.0,1.0,1.0,1.0,1.0,1.0,1.0,1.0,1.0,386.0,1.0,3.0,1.0,1.0,1.0,1.0,1.0,1.0,1.0,1.0,1.0,1.0,1.0,2.0,1.0,1.0,1.0,1.0,1.0,1.0,1.0,1.0,1.0,1.0,1.0,1.0,1.0,1.0,1.0,1.0,1.0,1.0,1.0,2.0,2.0,1.0,2.0,3.0,1.0,1.0,1.0,1.0,1.0,1.0,1.0,1.0,1.0,2.0,11.0,1.0,2.0,1.0,1.0,201.0,2.0,1.0,1.0,1.0,1.0,1.0,1.0,8.0,4.0,8.0,4.0,9.0,2.0,3.0,1.0,1.0,2.0,1.0,1.0,2.0,1.0,1.0,1.0,1.0
2023-11-22,1.0,1.0,1.0,1.0,1.0,14.0,1.0,4.0,1.0,1.0,1.0,1.0,1.0,1.0,1.0,1.0,1.0,1.0,1.0,1.0,1.0,1.0,1.0,1.0,1.0,1.0,1.0,1.0,1.0,1.0,2.0,1.0,1.0,1.0,1.0,1.0,2.0,1.0,1.0,1.0,1.0,1.0,1.0,1.0,1.0,1.0,1.0,1.0,1.0,1.0,1.0,1.0,2.0,1.0,1.0,1.0,2.0,1.0,1.0,1.0,2.0,1.0,2.0,1.0,1.0,1.0,1.0,1.0,1.0,1.0,1.0,1.0,1.0,1.0,1.0,1.0,1.0,1.0,1.0,1.0,1.0,1.0,1.0,1.0,1.0,3.0,1.0,3.0,2.0,1.0,1.0,1.0,1.0,1.0,1.0,1.0,1.0,2.0,1.0,1.0,1.0,1.0,1.0,3.0,1.0,1.0,1.0,1.0,2.0,1.0,2.0,1.0,1.0,1.0,1.0,1.0,3.0,1.0,1.0,1.0,1.0,1.0,1.0,1.0,1.0,1.0,1.0,1.0,1.0,1.0,1.0,1.0,1.0,1.0,1.0,1.0,2.0,2.0,1.0,1.0,1.0,1.0,1.0,2.0,1.0,1.0,1.0,1.0,1.0,1.0,1.0,1.0,1.0,1.0,1.0,1.0,1.0,1.0,1.0,1.0,1.0,3.0,3.0,4.0,1.0,1.0,1.0,1.0,1.0,1.0,1.0,1.0,1.0,1.0,1.0,1.0,1.0,1.0,1.0,1.0,1.0,1.0,1.0,1.0,1.0,1.0,2.0,1.0,1.0,1.0,1.0,1.0,1.0,1.0,1.0,2.0,1.0,1.0,1.0,1.0,1.0,2.0,1.0,1.0,1.0,1.0,1.0,1.0,1.0,2.0,274.0,2.0,1.0,1.0,1.0,1.0,1.0,2.0,1.0,1.0,1.0,1.0,1.0,2.0,2.0,1.0,2.0,1.0,1.0,1.0,1.0,1.0,1.0,1.0,553.0,1.0,1.0,1.0,1.0,1.0,1.0,1.0,1.0,1.0,1.0,1.0,1.0,1.0,1.0,1.0,1.0,1.0,1.0,1.0,1.0,1.0,1.0,1.0,2.0,2.0,1.0,1.0,1.0,1.0,2.0,1.0,1.0,2.0,3.0,1.0,1.0,1.0,1.0,1.0,2.0,3.0,2.0,1.0,2.0,1.0,1.0,1.0,1.0,2.0,1.0,1.0,2.0,1.0,1.0,3.0,1.0,1.0,2.0,1.0,1.0,2.0,1.0,1.0,1.0,1.0,1.0,1.0,1.0,1.0,1.0,2.0,1.0,1.0,1.0,1.0,1.0,1.0,1.0,163.0,1.0,1.0,1.0,1.0,1.0,1.0,1.0,1.0,1.0,1.0,1.0,1.0,1.0,1.0,1.0,1.0,1.0,2.0,1.0,1.0,2.0,2.0,1.0,1.0,2.0,1.0,2.0,1.0,1.0,1.0,2.0,1.0,1.0,1.0,1.0,4.0,1.0,1.0,2.0,1.0,4.0,4.0,5.0,3.0,2.0,1.0,3.0,1.0,1.0,1.0,2.0,1.0,1.0,1.0,1.0,1.0,1.0,3.0,3.0,1.0,2.0,1.0,1.0,1.0,1.0,1.0,2.0,1.0,1.0,2.0,1.0,1.0,1.0,519.0,1.0,1.0,1.0,1.0,2.0,1.0,1.0,1.0,1.0,1.0,2.0,1.0,1.0,1.0,1.0,1.0,1.0,2.0,1.0,2.0,1.0,1.0,2.0,1.0,3.0,1.0,1.0,1.0,1.0,1.0,1.0,1.0,1.0,2.0,74.0,1.0,1.0,1.0,1.0,1.0,1.0,1.0,1.0,1.0,1.0,1.0,2.0,1.0,1.0,1.0,1.0,1.0,1.0,1.0,1.0,1.0,1.0,1.0,1.0,1.0,1.0,1.0,1.0,1.0,1.0,1.0,2.0,1.0,1.0,1.0,1.0,1.0,4.0,2.0,1.0,1.0,1.0,1.0,1.0,1.0,1.0,2.0,2.0,1.0,1.0,1.0,1.0,1.0,1.0,1.0,2.0,1.0,2.0,1.0,1.0,1.0,1.0,2.0,1.0,1.0,1.0,1.0,1.0,1.0,1.0,1.0,1.0,1.0,1.0,1.0,1.0,1.0,1.0,1.0,1.0,1.0,1.0,1.0,1.0,1.0,1.0,1.0,1.0,1.0,1.0,1.0,1.0,1.0,1.0,1.0,3.0,1.0,1.0,1.0,2.0,1.0,1.0,1.0,1.0,1.0,1.0,1.0,1.0,1.0,1.0,1.0,1.0,1.0,1.0,1.0,1.0,1.0,1.0,1.0,1.0,1.0,1.0,1.0,1.0,1.0,1.0,1.0,1.0,1.0,1.0,1.0,1.0,2.0,1.0,1.0,1.0,1.0,1.0,1.0,1.0,1.0,1.0,1.0,1.0,1.0,1.0,1.0,3.0,1.0,1.0,1.0,1.0,228.0,1.0,1.0,1.0,1.0,1.0,1.0,1.0,1.0,8.0,11.0,8.0,12.0,2.0,3.0,1.0,1.0,2.0,1.0,1.0,1.0,1.0,1.0,1.0,1.0
2023-11-23,1.0,1.0,1.0,1.0,1.0,1.0,1.0,7.0,1.0,1.0,1.0,2.0,1.0,1.0,1.0,1.0,1.0,1.0,1.0,1.0,1.0,2.0,1.0,3.0,8.0,4.0,1.0,3.0,1.0,1.0,1.0,2.0,3.0,2.0,2.0,1.0,1.0,1.0,2.0,3.0,1.0,4.0,1.0,1.0,1.0,1.0,1.0,1.0,1.0,1.0,19.0,8.0,33.0,1.0,1.0,1.0,1.0,2.0,7.0,41.0,1.0,2.0,1.0,1.0,3.0,5.0,2.0,1.0,1.0,1.0,1.0,1.0,1.0,3.0,1.0,1.0,1.0,1.0,1.0,1.0,2.0,21.0,9.0,2.0,1.0,4.0,1.0,2.0,1.0,1.0,1.0,1.0,1.0,1.0,1.0,1.0,1.0,9.0,2.0,1.0,20.0,1.0,3.0,1.0,2.0,5.0,4.0,3.0,3.0,1.0,1.0,2.0,15.0,1.0,38.0,4.0,2.0,1.0,1.0,1.0,1.0,1.0,1.0,1.0,3.0,32.0,2.0,28.0,7.0,3.0,13.0,1.0,1.0,1.0,3.0,7.0,1.0,34.0,1.0,2.0,3.0,3.0,2.0,1.0,2.0,1.0,1.0,1.0,1.0,1.0,2.0,1.0,1.0,1.0,2.0,1.0,1.0,1.0,1.0,6.0,1.0,1.0,1.0,1.0,1.0,4.0,6.0,2.0,1.0,2.0,1.0,1.0,8.0,1.0,1.0,1.0,3.0,2.0,1.0,1.0,1.0,2.0,1.0,1.0,6.0,1.0,1.0,6.0,1.0,1.0,2.0,1.0,24.0,1.0,1.0,2.0,1.0,4.0,1.0,1.0,1.0,1.0,1.0,2.0,1.0,1.0,5.0,5.0,2.0,1.0,294.0,1.0,1.0,2.0,1.0,1.0,1.0,2.0,1.0,1.0,2.0,2.0,1.0,1.0,2.0,5.0,1.0,1.0,2.0,1.0,4.0,1.0,1.0,1.0,553.0,1.0,1.0,1.0,6.0,1.0,1.0,1.0,1.0,1.0,1.0,1.0,1.0,1.0,1.0,1.0,4.0,6.0,1.0,2.0,1.0,1.0,1.0,1.0,1.0,7.0,1.0,17.0,16.0,14.0,13.0,13.0,13.0,7.0,6.0,5.0,1.0,1.0,2.0,1.0,7.0,3.0,2.0,1.0,1.0,1.0,1.0,1.0,1.0,2.0,2.0,1.0,4.0,1.0,2.0,2.0,3.0,4.0,2.0,1.0,3.0,2.0,1.0,3.0,3.0,2.0,7.0,1.0,1.0,4.0,2.0,6.0,1.0,1.0,1.0,1.0,2.0,1.0,1.0,163.0,4.0,2.0,2.0,1.0,1.0,1.0,1.0,1.0,1.0,1.0,2.0,1.0,2.0,1.0,1.0,1.0,3.0,1.0,2.0,1.0,2.0,1.0,2.0,3.0,2.0,1.0,1.0,1.0,1.0,1.0,9.0,1.0,2.0,7.0,1.0,6.0,9.0,4.0,3.0,3.0,1.0,2.0,3.0,1.0,2.0,1.0,7.0,1.0,1.0,1.0,1.0,1.0,3.0,1.0,1.0,1.0,4.0,5.0,3.0,1.0,2.0,1.0,1.0,1.0,1.0,1.0,1.0,1.0,1.0,1.0,2.0,1.0,1.0,519.0,1.0,1.0,1.0,1.0,2.0,1.0,3.0,1.0,1.0,2.0,1.0,123.0,1.0,1.0,1.0,1.0,1.0,1.0,1.0,1.0,1.0,1.0,1.0,1.0,1.0,1.0,1.0,1.0,1.0,1.0,1.0,1.0,1.0,1.0,1.0,1.0,1.0,572.0,1.0,1.0,1.0,1.0,1.0,5.0,1.0,1.0,1.0,1.0,1.0,1.0,1.0,1.0,1.0,1.0,2.0,1.0,1.0,1.0,1.0,1.0,3.0,2.0,1.0,1.0,3.0,1.0,1.0,1.0,2.0,1.0,6.0,2.0,2.0,1.0,2.0,1.0,1.0,1.0,1.0,1.0,2.0,1.0,1.0,1.0,1.0,1.0,1.0,1.0,1.0,1.0,1.0,1.0,1.0,1.0,1.0,1.0,1.0,1.0,1.0,1.0,1.0,1.0,1.0,1.0,1.0,1.0,1.0,1.0,1.0,1.0,1.0,1.0,1.0,1.0,1.0,1.0,1.0,1.0,1.0,1.0,2.0,1.0,1.0,1.0,1.0,1.0,1.0,1.0,1.0,1.0,1.0,1.0,1.0,1.0,1.0,2.0,1.0,1.0,1.0,1.0,1.0,1.0,1.0,1.0,1.0,1.0,1.0,1.0,1.0,1.0,1.0,1.0,1.0,1.0,1.0,1.0,1.0,1.0,1.0,1.0,1.0,1.0,1.0,1.0,1.0,1.0,1.0,2.0,1.0,1.0,1.0,1.0,1.0,1.0,1.0,1.0,1.0,1.0,1.0,2.0,2.0,1.0,1.0,1.0,1.0,1.0,1.0,224.0,2.0,1.0,1.0,1.0,1.0,1.0,1.0,1.0,5.0,7.0,6.0,5.0,4.0,2.0,1.0,1.0,3.0,2.0,1.0,1.0,1.0,1.0,1.0,1.0
2023-11-24,1.0,1.0,1.0,1.0,1.0,1.0,1.0,9.0,1.0,1.0,1.0,1.0,1.0,1.0,1.0,171.0,1.0,1.0,1.0,1.0,1.0,1.0,1.0,1.0,1.0,1.0,1.0,1.0,1.0,1.0,2.0,1.0,1.0,1.0,1.0,1.0,1.0,1.0,1.0,1.0,1.0,1.0,1.0,1.0,1.0,1.0,1.0,1.0,1.0,1.0,1.0,1.0,2.0,1.0,1.0,1.0,1.0,2.0,1.0,1.0,1.0,1.0,2.0,1.0,1.0,1.0,1.0,1.0,1.0,1.0,1.0,1.0,1.0,1.0,1.0,1.0,1.0,1.0,1.0,1.0,2.0,1.0,1.0,1.0,1.0,1.0,1.0,1.0,2.0,1.0,1.0,1.0,1.0,1.0,1.0,1.0,1.0,2.0,1.0,2.0,1.0,1.0,1.0,1.0,1.0,2.0,1.0,1.0,1.0,1.0,1.0,1.0,1.0,1.0,1.0,1.0,3.0,1.0,1.0,1.0,1.0,1.0,1.0,1.0,1.0,1.0,1.0,1.0,1.0,1.0,1.0,1.0,1.0,1.0,1.0,1.0,1.0,1.0,1.0,1.0,1.0,1.0,1.0,1.0,1.0,1.0,1.0,1.0,1.0,1.0,1.0,1.0,1.0,1.0,1.0,1.0,1.0,1.0,1.0,4.0,2.0,1.0,1.0,1.0,1.0,1.0,4.0,1.0,1.0,1.0,1.0,1.0,1.0,4.0,2.0,1.0,1.0,1.0,1.0,1.0,1.0,1.0,1.0,1.0,1.0,1.0,2.0,1.0,1.0,1.0,1.0,1.0,1.0,1.0,1.0,2.0,1.0,1.0,1.0,1.0,1.0,1.0,1.0,2.0,1.0,1.0,1.0,1.0,1.0,1.0,1.0,1.0,1.0,1.0,1.0,1.0,1.0,2.0,1.0,1.0,1.0,2.0,1.0,1.0,1.0,1.0,1.0,1.0,1.0,1.0,1.0,1.0,1.0,1.0,553.0,1.0,1.0,1.0,1.0,1.0,1.0,1.0,1.0,1.0,1.0,1.0,1.0,1.0,1.0,1.0,1.0,2.0,1.0,2.0,4.0,1.0,1.0,1.0,1.0,2.0,1.0,1.0,1.0,1.0,1.0,1.0,1.0,4.0,1.0,2.0,2.0,1.0,1.0,2.0,1.0,3.0,1.0,1.0,1.0,5.0,1.0,2.0,1.0,1.0,2.0,1.0,1.0,3.0,1.0,4.0,33.0,1.0,2.0,1.0,1.0,2.0,1.0,1.0,1.0,2.0,1.0,1.0,1.0,3.0,1.0,1.0,1.0,1.0,1.0,1.0,1.0,1.0,1.0,163.0,1.0,1.0,1.0,1.0,1.0,1.0,1.0,1.0,1.0,1.0,1.0,1.0,1.0,1.0,1.0,1.0,1.0,1.0,2.0,1.0,2.0,1.0,1.0,1.0,1.0,1.0,2.0,1.0,1.0,1.0,1.0,1.0,2.0,1.0,1.0,3.0,1.0,1.0,2.0,1.0,3.0,1.0,1.0,1.0,2.0,1.0,2.0,1.0,1.0,1.0,1.0,2.0,1.0,1.0,1.0,1.0,1.0,4.0,2.0,1.0,2.0,1.0,1.0,1.0,1.0,3.0,1.0,1.0,1.0,2.0,1.0,1.0,1.0,462.0,1.0,1.0,1.0,1.0,2.0,1.0,1.0,1.0,1.0,1.0,3.0,1.0,1.0,1.0,1.0,1.0,1.0,1.0,1.0,1.0,1.0,1.0,2.0,1.0,1.0,1.0,1.0,1.0,1.0,1.0,1.0,1.0,1.0,1.0,1.0,1.0,1.0,99.0,1.0,1.0,1.0,1.0,1.0,2.0,3.0,4.0,1.0,1.0,1.0,1.0,1.0,1.0,1.0,1.0,1.0,2.0,1.0,1.0,1.0,1.0,1.0,2.0,1.0,1.0,1.0,1.0,1.0,1.0,1.0,1.0,3.0,1.0,2.0,1.0,1.0,2.0,1.0,1.0,1.0,1.0,1.0,2.0,1.0,1.0,1.0,1.0,1.0,1.0,1.0,1.0,1.0,1.0,2.0,1.0,1.0,1.0,1.0,1.0,1.0,1.0,1.0,1.0,1.0,1.0,1.0,1.0,1.0,1.0,1.0,1.0,1.0,1.0,1.0,1.0,1.0,1.0,1.0,1.0,1.0,1.0,3.0,1.0,1.0,1.0,1.0,1.0,1.0,1.0,1.0,1.0,1.0,1.0,1.0,1.0,1.0,1.0,1.0,1.0,1.0,2.0,1.0,1.0,1.0,1.0,1.0,1.0,4.0,1.0,1.0,1.0,1.0,1.0,1.0,1.0,1.0,1.0,1.0,1.0,1.0,1.0,1.0,1.0,1.0,1.0,1.0,1.0,1.0,2.0,16.0,1.0,3.0,1.0,2.0,2.0,2.0,4.0,1.0,1.0,1.0,1.0,1.0,1.0,12.0,1.0,1.0,2.0,1.0,231.0,1.0,1.0,1.0,1.0,1.0,1.0,1.0,5.0,6.0,10.0,6.0,8.0,4.0,3.0,2.0,1.0,1.0,1.0,1.0,2.0,1.0,1.0,1.0,1.0
2023-11-25,1.0,1.0,1.0,1.0,1.0,1.0,1.0,103.0,1.0,1.0,1.0,1.0,1.0,1.0,1.0,59.0,1.0,1.0,1.0,1.0,1.0,2.0,2.0,1.0,1.0,1.0,2.0,1.0,1.0,2.0,1.0,1.0,2.0,1.0,24.0,1.0,44.0,1.0,10.0,60.0,3.0,1.0,1.0,1.0,12.0,4.0,1.0,1.0,1.0,1.0,1.0,1.0,1.0,1.0,1.0,1.0,1.0,1.0,1.0,1.0,1.0,1.0,2.0,1.0,1.0,1.0,1.0,1.0,1.0,1.0,1.0,1.0,1.0,1.0,2.0,1.0,1.0,1.0,1.0,1.0,1.0,19.0,1.0,3.0,1.0,1.0,1.0,1.0,4.0,6.0,1.0,1.0,1.0,1.0,1.0,1.0,1.0,1.0,2.0,1.0,1.0,2.0,1.0,1.0,2.0,3.0,2.0,1.0,2.0,1.0,1.0,1.0,1.0,1.0,1.0,2.0,1.0,1.0,1.0,1.0,1.0,1.0,3.0,1.0,1.0,1.0,3.0,1.0,1.0,1.0,1.0,2.0,1.0,1.0,1.0,1.0,2.0,1.0,2.0,1.0,1.0,1.0,2.0,1.0,1.0,1.0,1.0,5.0,1.0,2.0,6.0,2.0,1.0,1.0,1.0,1.0,1.0,1.0,1.0,1.0,1.0,1.0,1.0,1.0,1.0,1.0,1.0,2.0,1.0,1.0,1.0,1.0,1.0,1.0,1.0,1.0,1.0,1.0,1.0,1.0,1.0,1.0,1.0,1.0,1.0,1.0,1.0,1.0,31.0,1.0,1.0,2.0,1.0,1.0,1.0,2.0,1.0,1.0,1.0,1.0,1.0,2.0,1.0,2.0,1.0,1.0,1.0,2.0,1.0,1.0,2.0,1.0,1.0,1.0,1.0,6.0,1.0,2.0,1.0,1.0,1.0,5.0,2.0,3.0,5.0,1.0,1.0,1.0,4.0,1.0,1.0,1.0,1.0,1.0,553.0,1.0,3.0,1.0,1.0,1.0,1.0,1.0,1.0,1.0,1.0,1.0,1.0,1.0,1.0,1.0,1.0,1.0,1.0,1.0,1.0,1.0,2.0,1.0,4.0,3.0,2.0,1.0,2.0,1.0,1.0,2.0,2.0,2.0,1.0,1.0,3.0,2.0,1.0,1.0,1.0,2.0,1.0,1.0,1.0,2.0,1.0,1.0,1.0,1.0,2.0,1.0,1.0,2.0,1.0,3.0,127.0,2.0,2.0,4.0,6.0,2.0,2.0,1.0,2.0,2.0,1.0,1.0,1.0,1.0,1.0,1.0,1.0,1.0,1.0,1.0,1.0,2.0,1.0,163.0,1.0,2.0,1.0,1.0,1.0,1.0,1.0,1.0,1.0,1.0,1.0,1.0,1.0,1.0,1.0,1.0,1.0,1.0,2.0,2.0,1.0,1.0,1.0,3.0,3.0,1.0,1.0,1.0,1.0,1.0,1.0,1.0,1.0,1.0,3.0,2.0,4.0,2.0,1.0,2.0,1.0,1.0,1.0,1.0,2.0,1.0,2.0,2.0,1.0,1.0,1.0,2.0,1.0,1.0,1.0,1.0,1.0,6.0,3.0,1.0,1.0,1.0,1.0,1.0,1.0,2.0,23.0,1.0,1.0,3.0,1.0,1.0,1.0,2.0,1.0,1.0,1.0,56.0,1.0,2.0,2.0,1.0,1.0,2.0,1.0,1.0,1.0,1.0,1.0,2.0,1.0,1.0,2.0,3.0,3.0,1.0,1.0,1.0,2.0,1.0,1.0,1.0,1.0,1.0,1.0,1.0,1.0,2.0,1.0,1.0,3.0,1.0,3.0,1.0,1.0,1.0,1.0,1.0,1.0,2.0,1.0,1.0,1.0,1.0,1.0,1.0,1.0,1.0,1.0,2.0,1.0,2.0,1.0,1.0,3.0,2.0,1.0,1.0,1.0,1.0,2.0,1.0,1.0,1.0,6.0,1.0,4.0,1.0,1.0,1.0,1.0,1.0,1.0,1.0,2.0,1.0,2.0,1.0,3.0,1.0,1.0,1.0,1.0,1.0,1.0,1.0,1.0,1.0,2.0,1.0,1.0,3.0,2.0,1.0,1.0,1.0,1.0,1.0,1.0,3.0,1.0,1.0,1.0,1.0,1.0,1.0,1.0,1.0,1.0,1.0,1.0,1.0,1.0,1.0,4.0,1.0,1.0,1.0,1.0,1.0,1.0,1.0,1.0,2.0,5.0,2.0,1.0,1.0,1.0,2.0,1.0,1.0,1.0,1.0,1.0,1.0,1.0,1.0,1.0,1.0,1.0,1.0,3.0,1.0,1.0,1.0,1.0,1.0,2.0,1.0,1.0,1.0,1.0,1.0,1.0,1.0,43.0,1.0,1.0,1.0,1.0,2.0,1.0,1.0,1.0,2.0,1.0,1.0,2.0,1.0,3.0,1.0,1.0,2.0,2.0,1.0,1.0,1.0,1.0,1.0,1.0,284.0,2.0,1.0,76.0,2.0,3.0,13.0,4.0,66.0,3.0,4.0,11.0,13.0,7.0,1.0,2.0,1.0,3.0,1.0,1.0,1.0,1.0,1.0,22.0,1.0
2023-11-26,1.0,1.0,1.0,1.0,1.0,1.0,1.0,1.0,1.0,1.0,1.0,1.0,1.0,1.0,1.0,1.0,1.0,1.0,1.0,3.0,1.0,2.0,1.0,1.0,1.0,1.0,2.0,1.0,1.0,1.0,3.0,2.0,1.0,1.0,1.0,1.0,1.0,1.0,1.0,1.0,1.0,1.0,1.0,2.0,1.0,1.0,1.0,1.0,1.0,1.0,1.0,1.0,2.0,1.0,5.0,2.0,1.0,2.0,1.0,1.0,1.0,1.0,3.0,1.0,1.0,2.0,1.0,2.0,2.0,3.0,1.0,1.0,1.0,2.0,3.0,1.0,3.0,1.0,1.0,2.0,1.0,23.0,1.0,2.0,2.0,1.0,2.0,3.0,4.0,1.0,1.0,1.0,2.0,2.0,1.0,1.0,1.0,3.0,2.0,1.0,1.0,1.0,2.0,2.0,1.0,4.0,2.0,2.0,1.0,2.0,1.0,1.0,1.0,1.0,1.0,1.0,1.0,1.0,1.0,1.0,1.0,2.0,1.0,1.0,1.0,1.0,2.0,1.0,2.0,1.0,1.0,1.0,1.0,2.0,1.0,2.0,1.0,2.0,2.0,1.0,1.0,1.0,2.0,1.0,2.0,1.0,1.0,1.0,1.0,1.0,1.0,1.0,1.0,1.0,1.0,1.0,1.0,1.0,3.0,12.0,3.0,1.0,1.0,2.0,7.0,1.0,1.0,1.0,9.0,1.0,1.0,1.0,1.0,1.0,1.0,1.0,1.0,1.0,1.0,1.0,1.0,1.0,1.0,1.0,1.0,1.0,1.0,1.0,1.0,1.0,1.0,3.0,2.0,2.0,1.0,2.0,1.0,1.0,1.0,1.0,1.0,5.0,1.0,2.0,1.0,1.0,1.0,1.0,1.0,1.0,1.0,1.0,1.0,1.0,1.0,1.0,1.0,3.0,1.0,1.0,1.0,1.0,1.0,4.0,2.0,1.0,1.0,1.0,1.0,1.0,1.0,1.0,1.0,1.0,553.0,1.0,1.0,4.0,2.0,1.0,6.0,1.0,1.0,3.0,1.0,1.0,3.0,1.0,1.0,1.0,2.0,1.0,1.0,1.0,1.0,1.0,1.0,5.0,4.0,1.0,1.0,1.0,1.0,1.0,2.0,5.0,1.0,4.0,1.0,1.0,2.0,2.0,1.0,1.0,1.0,3.0,2.0,1.0,1.0,2.0,1.0,1.0,2.0,1.0,2.0,1.0,1.0,1.0,2.0,2.0,7.0,3.0,3.0,1.0,1.0,2.0,6.0,1.0,1.0,1.0,2.0,1.0,1.0,1.0,1.0,1.0,2.0,9.0,3.0,3.0,1.0,3.0,2.0,163.0,1.0,1.0,2.0,1.0,1.0,1.0,1.0,1.0,1.0,1.0,1.0,1.0,1.0,1.0,1.0,1.0,1.0,1.0,1.0,1.0,2.0,4.0,3.0,2.0,2.0,1.0,2.0,1.0,1.0,1.0,1.0,3.0,2.0,1.0,4.0,8.0,6.0,4.0,1.0,2.0,2.0,1.0,5.0,2.0,2.0,1.0,2.0,1.0,1.0,3.0,3.0,3.0,1.0,1.0,1.0,1.0,1.0,5.0,3.0,1.0,2.0,3.0,1.0,1.0,1.0,1.0,1.0,5.0,1.0,1.0,2.0,1.0,1.0,1.0,1.0,1.0,1.0,5.0,1.0,1.0,1.0,1.0,1.0,4.0,2.0,270.0,3.0,1.0,1.0,1.0,2.0,3.0,1.0,3.0,3.0,1.0,1.0,1.0,1.0,2.0,1.0,1.0,1.0,1.0,3.0,1.0,2.0,2.0,1.0,1.0,1.0,88.0,2.0,12.0,3.0,5.0,1.0,2.0,1.0,1.0,1.0,9.0,1.0,1.0,1.0,1.0,1.0,1.0,2.0,3.0,1.0,1.0,3.0,3.0,1.0,1.0,1.0,1.0,1.0,1.0,1.0,1.0,1.0,2.0,4.0,1.0,2.0,2.0,1.0,4.0,1.0,1.0,9.0,1.0,2.0,1.0,110.0,2.0,2.0,1.0,2.0,3.0,1.0,1.0,1.0,1.0,1.0,3.0,1.0,6.0,1.0,2.0,1.0,1.0,1.0,1.0,1.0,1.0,1.0,1.0,1.0,1.0,1.0,1.0,1.0,1.0,1.0,2.0,1.0,1.0,2.0,1.0,1.0,1.0,1.0,1.0,1.0,1.0,1.0,1.0,1.0,1.0,1.0,1.0,1.0,1.0,1.0,1.0,1.0,1.0,2.0,3.0,3.0,3.0,2.0,1.0,1.0,1.0,1.0,1.0,1.0,1.0,4.0,1.0,1.0,1.0,1.0,1.0,1.0,1.0,1.0,1.0,1.0,2.0,1.0,1.0,1.0,7.0,3.0,1.0,1.0,3.0,2.0,1.0,4.0,2.0,2.0,2.0,1.0,1.0,1.0,1.0,1.0,1.0,1.0,1.0,1.0,1.0,1.0,1.0,2.0,239.0,1.0,2.0,34.0,11.0,9.0,38.0,44.0,61.0,3.0,4.0,10.0,16.0,7.0,2.0,1.0,5.0,7.0,20.0,10.0,10.0,3.0,6.0,86.0,43.0
2023-11-27,1.0,1.0,1.0,1.0,1.0,1.0,1.0,13.0,1.0,1.0,1.0,1.0,1.0,1.0,1.0,35.0,1.0,2.0,1.0,1.0,1.0,1.0,1.0,1.0,1.0,1.0,1.0,1.0,1.0,1.0,1.0,1.0,1.0,2.0,1.0,1.0,1.0,1.0,1.0,1.0,1.0,1.0,1.0,1.0,1.0,1.0,1.0,1.0,1.0,1.0,1.0,1.0,1.0,1.0,1.0,1.0,2.0,1.0,1.0,1.0,1.0,1.0,2.0,1.0,1.0,1.0,1.0,3.0,1.0,1.0,1.0,1.0,1.0,1.0,1.0,1.0,1.0,1.0,1.0,1.0,1.0,11.0,1.0,1.0,1.0,1.0,1.0,1.0,1.0,1.0,1.0,1.0,1.0,1.0,1.0,1.0,1.0,2.0,1.0,1.0,1.0,1.0,1.0,2.0,1.0,1.0,2.0,1.0,2.0,1.0,2.0,1.0,1.0,1.0,2.0,1.0,3.0,1.0,1.0,1.0,1.0,1.0,1.0,1.0,1.0,2.0,1.0,1.0,1.0,1.0,1.0,1.0,1.0,1.0,1.0,1.0,2.0,1.0,1.0,1.0,1.0,2.0,1.0,1.0,2.0,1.0,1.0,3.0,1.0,1.0,1.0,1.0,1.0,1.0,1.0,1.0,1.0,1.0,1.0,2.0,1.0,1.0,1.0,1.0,1.0,1.0,1.0,1.0,1.0,1.0,1.0,1.0,1.0,1.0,1.0,1.0,1.0,1.0,1.0,1.0,1.0,1.0,1.0,1.0,1.0,1.0,1.0,1.0,1.0,1.0,1.0,2.0,1.0,1.0,1.0,1.0,2.0,1.0,1.0,1.0,1.0,1.0,1.0,2.0,1.0,1.0,1.0,1.0,1.0,1.0,2.0,1.0,1.0,1.0,1.0,1.0,1.0,1.0,1.0,1.0,1.0,1.0,1.0,2.0,1.0,1.0,1.0,1.0,1.0,1.0,1.0,1.0,1.0,3.0,553.0,1.0,1.0,1.0,1.0,1.0,1.0,1.0,1.0,1.0,1.0,1.0,1.0,1.0,1.0,1.0,1.0,1.0,1.0,4.0,1.0,1.0,1.0,1.0,1.0,2.0,1.0,1.0,1.0,1.0,2.0,1.0,1.0,1.0,2.0,1.0,1.0,2.0,1.0,1.0,1.0,3.0,4.0,1.0,2.0,2.0,1.0,1.0,1.0,2.0,1.0,1.0,1.0,1.0,3.0,3.0,1.0,2.0,3.0,4.0,1.0,1.0,4.0,1.0,1.0,2.0,2.0,1.0,1.0,1.0,1.0,2.0,1.0,2.0,1.0,1.0,1.0,1.0,1.0,163.0,1.0,1.0,1.0,1.0,1.0,1.0,1.0,1.0,1.0,1.0,1.0,1.0,1.0,1.0,1.0,1.0,1.0,1.0,1.0,2.0,1.0,1.0,1.0,1.0,1.0,1.0,2.0,1.0,1.0,1.0,1.0,1.0,2.0,1.0,2.0,2.0,1.0,2.0,1.0,1.0,1.0,1.0,2.0,1.0,1.0,1.0,3.0,1.0,1.0,1.0,1.0,2.0,1.0,1.0,1.0,1.0,1.0,1.0,2.0,1.0,2.0,1.0,1.0,1.0,1.0,1.0,1.0,1.0,2.0,2.0,1.0,1.0,1.0,2.0,1.0,1.0,1.0,1.0,3.0,1.0,1.0,1.0,1.0,2.0,1.0,1.0,1.0,1.0,1.0,1.0,1.0,1.0,1.0,1.0,1.0,1.0,1.0,1.0,1.0,1.0,1.0,1.0,1.0,1.0,2.0,1.0,1.0,1.0,1.0,2.0,1.0,102.0,1.0,1.0,1.0,1.0,1.0,1.0,1.0,1.0,3.0,1.0,1.0,1.0,1.0,1.0,1.0,1.0,1.0,1.0,1.0,1.0,1.0,1.0,1.0,2.0,1.0,1.0,1.0,1.0,1.0,1.0,1.0,1.0,1.0,1.0,1.0,1.0,2.0,1.0,1.0,1.0,1.0,1.0,1.0,1.0,34.0,1.0,1.0,1.0,1.0,1.0,1.0,1.0,1.0,1.0,1.0,1.0,3.0,1.0,1.0,1.0,1.0,1.0,1.0,1.0,1.0,1.0,2.0,1.0,1.0,1.0,1.0,1.0,1.0,1.0,1.0,1.0,1.0,1.0,1.0,1.0,1.0,2.0,1.0,1.0,1.0,1.0,1.0,1.0,1.0,1.0,1.0,1.0,1.0,2.0,1.0,1.0,1.0,1.0,1.0,1.0,1.0,2.0,1.0,1.0,1.0,1.0,1.0,1.0,1.0,1.0,1.0,1.0,1.0,1.0,1.0,1.0,1.0,1.0,1.0,1.0,1.0,1.0,1.0,1.0,1.0,1.0,1.0,1.0,1.0,1.0,1.0,1.0,3.0,2.0,1.0,1.0,1.0,1.0,1.0,1.0,1.0,1.0,1.0,1.0,1.0,1.0,1.0,1.0,1.0,205.0,1.0,2.0,1.0,1.0,1.0,1.0,1.0,2.0,2.0,5.0,6.0,7.0,1.0,3.0,2.0,1.0,4.0,1.0,1.0,1.0,1.0,1.0,1.0,1.0
2023-11-28,1.0,1.0,1.0,1.0,1.0,1.0,1.0,26.0,1.0,1.0,1.0,1.0,1.0,1.0,1.0,24.0,1.0,1.0,1.0,1.0,1.0,1.0,1.0,1.0,1.0,1.0,1.0,1.0,1.0,1.0,1.0,1.0,1.0,1.0,1.0,1.0,1.0,1.0,1.0,1.0,1.0,1.0,1.0,1.0,1.0,1.0,1.0,1.0,1.0,1.0,1.0,1.0,1.0,1.0,1.0,1.0,1.0,1.0,1.0,1.0,2.0,1.0,1.0,1.0,1.0,1.0,2.0,1.0,1.0,1.0,1.0,1.0,1.0,1.0,1.0,1.0,1.0,1.0,1.0,1.0,1.0,12.0,1.0,1.0,1.0,1.0,1.0,1.0,1.0,1.0,1.0,1.0,1.0,1.0,1.0,2.0,1.0,1.0,3.0,1.0,1.0,1.0,1.0,1.0,1.0,3.0,2.0,1.0,1.0,1.0,2.0,1.0,1.0,1.0,1.0,1.0,2.0,1.0,1.0,1.0,1.0,1.0,1.0,1.0,1.0,1.0,1.0,1.0,1.0,1.0,1.0,1.0,1.0,1.0,1.0,1.0,2.0,1.0,1.0,2.0,1.0,1.0,1.0,1.0,2.0,1.0,1.0,1.0,1.0,1.0,1.0,1.0,1.0,1.0,1.0,1.0,1.0,1.0,1.0,2.0,1.0,1.0,1.0,1.0,1.0,1.0,1.0,1.0,1.0,1.0,1.0,1.0,1.0,1.0,1.0,1.0,1.0,1.0,1.0,2.0,1.0,1.0,1.0,1.0,1.0,1.0,1.0,1.0,1.0,1.0,1.0,1.0,1.0,1.0,1.0,1.0,2.0,1.0,1.0,1.0,1.0,2.0,1.0,1.0,1.0,1.0,1.0,1.0,1.0,1.0,1.0,1.0,1.0,1.0,1.0,1.0,1.0,1.0,1.0,1.0,1.0,1.0,1.0,3.0,2.0,1.0,1.0,1.0,1.0,1.0,1.0,1.0,1.0,1.0,553.0,1.0,1.0,1.0,1.0,1.0,1.0,1.0,1.0,1.0,1.0,1.0,1.0,1.0,1.0,1.0,1.0,1.0,1.0,1.0,1.0,1.0,1.0,1.0,1.0,2.0,1.0,1.0,2.0,1.0,2.0,1.0,1.0,1.0,1.0,1.0,1.0,2.0,1.0,1.0,1.0,2.0,4.0,1.0,1.0,1.0,1.0,1.0,1.0,1.0,2.0,1.0,1.0,1.0,2.0,2.0,6.0,1.0,3.0,3.0,1.0,3.0,1.0,1.0,2.0,2.0,1.0,1.0,1.0,1.0,1.0,2.0,1.0,1.0,1.0,1.0,1.0,1.0,1.0,163.0,1.0,1.0,1.0,1.0,1.0,1.0,1.0,1.0,1.0,1.0,1.0,1.0,1.0,1.0,1.0,1.0,1.0,1.0,1.0,1.0,2.0,1.0,1.0,1.0,1.0,1.0,2.0,1.0,1.0,1.0,1.0,1.0,3.0,1.0,4.0,3.0,3.0,2.0,1.0,1.0,1.0,2.0,5.0,1.0,2.0,1.0,3.0,1.0,1.0,3.0,1.0,3.0,1.0,1.0,1.0,1.0,1.0,4.0,2.0,1.0,2.0,1.0,1.0,1.0,1.0,1.0,1.0,1.0,1.0,1.0,1.0,1.0,1.0,2.0,1.0,1.0,1.0,1.0,1.0,1.0,1.0,1.0,1.0,2.0,1.0,1.0,1.0,1.0,1.0,1.0,1.0,2.0,1.0,2.0,1.0,1.0,1.0,1.0,3.0,1.0,1.0,1.0,1.0,1.0,1.0,1.0,1.0,1.0,1.0,1.0,1.0,2.0,1.0,1.0,1.0,1.0,2.0,1.0,1.0,3.0,1.0,1.0,1.0,1.0,1.0,1.0,1.0,1.0,1.0,1.0,1.0,1.0,1.0,1.0,1.0,2.0,1.0,1.0,1.0,1.0,1.0,1.0,2.0,1.0,1.0,1.0,2.0,2.0,2.0,1.0,1.0,1.0,1.0,1.0,207.0,1.0,1.0,1.0,1.0,1.0,1.0,1.0,1.0,1.0,1.0,1.0,1.0,1.0,2.0,1.0,1.0,2.0,1.0,1.0,1.0,1.0,1.0,2.0,1.0,1.0,1.0,1.0,1.0,1.0,1.0,1.0,1.0,1.0,1.0,1.0,1.0,1.0,1.0,1.0,1.0,1.0,1.0,1.0,1.0,1.0,1.0,1.0,1.0,1.0,1.0,1.0,1.0,1.0,1.0,3.0,1.0,2.0,2.0,1.0,1.0,1.0,1.0,1.0,1.0,1.0,1.0,1.0,3.0,1.0,1.0,1.0,1.0,1.0,1.0,1.0,1.0,1.0,1.0,1.0,1.0,1.0,223.0,1.0,1.0,1.0,1.0,1.0,1.0,1.0,3.0,1.0,1.0,1.0,1.0,1.0,1.0,1.0,1.0,1.0,2.0,1.0,1.0,1.0,1.0,1.0,1.0,203.0,2.0,1.0,1.0,1.0,1.0,1.0,2.0,1.0,1.0,1.0,3.0,2.0,3.0,2.0,3.0,1.0,5.0,1.0,1.0,1.0,1.0,1.0,1.0,1.0
2023-11-29,1.0,1.0,1.0,1.0,1.0,1.0,1.0,11.0,1.0,1.0,1.0,2.0,1.0,1.0,1.0,1.0,1.0,1.0,1.0,1.0,1.0,1.0,1.0,1.0,1.0,1.0,1.0,1.0,1.0,1.0,1.0,2.0,2.0,1.0,1.0,1.0,1.0,1.0,1.0,1.0,2.0,1.0,1.0,1.0,1.0,1.0,1.0,1.0,1.0,1.0,1.0,1.0,1.0,1.0,1.0,1.0,1.0,2.0,1.0,1.0,3.0,1.0,2.0,3.0,3.0,2.0,1.0,1.0,1.0,1.0,1.0,1.0,1.0,1.0,1.0,1.0,1.0,1.0,1.0,1.0,1.0,4.0,1.0,3.0,2.0,1.0,1.0,1.0,1.0,1.0,1.0,1.0,1.0,1.0,1.0,1.0,1.0,3.0,2.0,3.0,1.0,1.0,1.0,1.0,1.0,3.0,1.0,1.0,2.0,1.0,2.0,1.0,1.0,1.0,2.0,3.0,2.0,1.0,1.0,1.0,1.0,2.0,1.0,1.0,1.0,1.0,2.0,1.0,1.0,1.0,1.0,1.0,1.0,1.0,1.0,1.0,2.0,1.0,1.0,1.0,1.0,1.0,1.0,2.0,1.0,1.0,1.0,1.0,1.0,1.0,1.0,1.0,1.0,1.0,1.0,1.0,1.0,1.0,1.0,2.0,1.0,1.0,1.0,1.0,1.0,2.0,1.0,1.0,1.0,2.0,1.0,1.0,1.0,1.0,1.0,1.0,1.0,2.0,1.0,1.0,1.0,1.0,1.0,1.0,1.0,1.0,1.0,1.0,1.0,1.0,1.0,1.0,3.0,1.0,1.0,2.0,1.0,1.0,1.0,2.0,1.0,4.0,1.0,2.0,1.0,1.0,1.0,1.0,1.0,1.0,2.0,1.0,1.0,1.0,1.0,1.0,1.0,1.0,1.0,1.0,1.0,1.0,1.0,1.0,2.0,1.0,1.0,1.0,1.0,1.0,1.0,1.0,1.0,1.0,553.0,1.0,1.0,1.0,1.0,2.0,1.0,1.0,1.0,1.0,1.0,1.0,1.0,1.0,1.0,1.0,1.0,1.0,1.0,1.0,1.0,1.0,1.0,1.0,2.0,2.0,1.0,1.0,1.0,2.0,1.0,1.0,1.0,3.0,1.0,1.0,1.0,2.0,1.0,1.0,1.0,2.0,1.0,3.0,1.0,1.0,1.0,1.0,1.0,1.0,1.0,1.0,1.0,1.0,2.0,3.0,1.0,1.0,2.0,1.0,1.0,2.0,1.0,2.0,1.0,2.0,1.0,1.0,2.0,1.0,1.0,1.0,1.0,1.0,1.0,1.0,2.0,1.0,1.0,163.0,1.0,2.0,1.0,2.0,1.0,1.0,2.0,1.0,1.0,1.0,1.0,1.0,1.0,3.0,2.0,1.0,1.0,1.0,1.0,2.0,1.0,3.0,1.0,1.0,1.0,1.0,1.0,2.0,1.0,1.0,1.0,6.0,2.0,2.0,3.0,4.0,2.0,1.0,2.0,1.0,2.0,1.0,1.0,1.0,2.0,1.0,2.0,1.0,1.0,3.0,1.0,1.0,1.0,1.0,2.0,1.0,3.0,1.0,1.0,4.0,2.0,1.0,1.0,1.0,1.0,1.0,1.0,1.0,1.0,1.0,2.0,1.0,1.0,1.0,1.0,1.0,1.0,1.0,1.0,1.0,1.0,1.0,1.0,2.0,1.0,1.0,1.0,1.0,1.0,1.0,1.0,2.0,1.0,1.0,2.0,1.0,1.0,1.0,2.0,2.0,1.0,1.0,1.0,1.0,1.0,2.0,1.0,1.0,60.0,1.0,1.0,4.0,2.0,2.0,1.0,1.0,2.0,1.0,1.0,2.0,1.0,1.0,1.0,1.0,1.0,1.0,1.0,1.0,1.0,1.0,1.0,2.0,1.0,1.0,1.0,1.0,1.0,1.0,1.0,1.0,1.0,2.0,1.0,1.0,1.0,1.0,1.0,1.0,1.0,1.0,1.0,1.0,1.0,1.0,1.0,2.0,1.0,1.0,1.0,2.0,1.0,1.0,1.0,1.0,1.0,1.0,1.0,1.0,1.0,1.0,1.0,1.0,1.0,1.0,1.0,1.0,1.0,1.0,1.0,1.0,1.0,3.0,1.0,1.0,1.0,1.0,1.0,1.0,1.0,1.0,1.0,1.0,1.0,2.0,1.0,1.0,1.0,1.0,1.0,1.0,1.0,1.0,1.0,1.0,1.0,1.0,2.0,1.0,1.0,3.0,1.0,1.0,1.0,1.0,1.0,1.0,1.0,1.0,1.0,1.0,1.0,1.0,1.0,1.0,1.0,1.0,1.0,1.0,1.0,1.0,1.0,1.0,1.0,1.0,1.0,1.0,1.0,1.0,1.0,1.0,1.0,1.0,2.0,1.0,4.0,2.0,1.0,2.0,1.0,2.0,1.0,1.0,1.0,1.0,1.0,1.0,1.0,1.0,2.0,1.0,1.0,229.0,1.0,1.0,1.0,2.0,1.0,1.0,1.0,1.0,2.0,2.0,1.0,1.0,2.0,1.0,5.0,1.0,6.0,1.0,1.0,1.0,1.0,1.0,1.0,1.0
2023-11-30,1.0,1.0,1.0,1.0,1.0,2.0,2.0,93.0,2.0,1.0,1.0,1.0,2.0,1.0,1.0,1.0,1.0,1.0,1.0,1.0,1.0,1.0,1.0,1.0,1.0,1.0,2.0,1.0,1.0,1.0,1.0,1.0,1.0,1.0,1.0,1.0,1.0,1.0,1.0,1.0,1.0,1.0,1.0,1.0,1.0,1.0,2.0,1.0,1.0,1.0,1.0,1.0,1.0,1.0,1.0,1.0,1.0,2.0,1.0,1.0,2.0,1.0,1.0,1.0,1.0,3.0,2.0,1.0,1.0,1.0,1.0,1.0,1.0,2.0,1.0,1.0,2.0,1.0,1.0,1.0,1.0,1.0,1.0,2.0,1.0,3.0,1.0,1.0,1.0,1.0,2.0,1.0,1.0,1.0,1.0,1.0,2.0,2.0,3.0,2.0,1.0,6.0,1.0,1.0,2.0,4.0,3.0,4.0,2.0,5.0,1.0,1.0,1.0,1.0,1.0,1.0,2.0,2.0,1.0,1.0,1.0,1.0,1.0,1.0,1.0,5.0,1.0,1.0,1.0,1.0,1.0,1.0,1.0,1.0,1.0,1.0,1.0,2.0,1.0,2.0,1.0,2.0,1.0,2.0,1.0,1.0,1.0,1.0,1.0,1.0,1.0,1.0,1.0,1.0,1.0,1.0,1.0,1.0,1.0,2.0,1.0,4.0,1.0,1.0,1.0,1.0,2.0,1.0,2.0,1.0,4.0,1.0,6.0,1.0,1.0,1.0,1.0,1.0,1.0,1.0,1.0,1.0,1.0,1.0,1.0,1.0,1.0,1.0,1.0,1.0,2.0,1.0,1.0,1.0,1.0,1.0,1.0,1.0,1.0,1.0,1.0,1.0,1.0,2.0,1.0,1.0,1.0,1.0,1.0,1.0,1.0,1.0,1.0,1.0,1.0,1.0,1.0,1.0,2.0,1.0,3.0,8.0,2.0,1.0,1.0,1.0,1.0,1.0,1.0,1.0,1.0,1.0,1.0,1.0,553.0,1.0,1.0,2.0,3.0,4.0,2.0,38.0,1.0,1.0,1.0,1.0,1.0,1.0,1.0,1.0,1.0,3.0,1.0,1.0,1.0,1.0,1.0,1.0,2.0,3.0,1.0,1.0,1.0,9.0,1.0,2.0,2.0,1.0,1.0,1.0,2.0,2.0,2.0,1.0,1.0,3.0,2.0,1.0,1.0,1.0,1.0,1.0,1.0,1.0,2.0,1.0,1.0,2.0,2.0,1.0,5.0,2.0,1.0,2.0,1.0,2.0,1.0,1.0,1.0,1.0,1.0,1.0,3.0,1.0,1.0,1.0,1.0,2.0,1.0,1.0,2.0,1.0,1.0,163.0,1.0,1.0,1.0,1.0,1.0,1.0,1.0,1.0,1.0,1.0,1.0,1.0,1.0,2.0,1.0,2.0,1.0,1.0,2.0,1.0,1.0,1.0,2.0,1.0,1.0,1.0,1.0,2.0,1.0,1.0,3.0,6.0,1.0,4.0,1.0,3.0,7.0,6.0,1.0,1.0,7.0,7.0,6.0,1.0,1.0,1.0,4.0,1.0,1.0,1.0,1.0,2.0,3.0,1.0,2.0,1.0,2.0,5.0,3.0,1.0,2.0,4.0,1.0,1.0,1.0,1.0,1.0,1.0,1.0,1.0,2.0,1.0,1.0,1.0,1.0,1.0,1.0,1.0,1.0,1.0,1.0,1.0,1.0,2.0,1.0,1.0,1.0,1.0,1.0,1.0,1.0,2.0,1.0,1.0,3.0,1.0,1.0,1.0,1.0,1.0,1.0,1.0,1.0,1.0,1.0,1.0,3.0,1.0,293.0,1.0,1.0,3.0,1.0,2.0,1.0,1.0,4.0,1.0,1.0,1.0,4.0,1.0,1.0,1.0,1.0,1.0,1.0,1.0,2.0,1.0,1.0,1.0,1.0,1.0,1.0,1.0,1.0,1.0,1.0,1.0,1.0,1.0,1.0,1.0,4.0,1.0,3.0,1.0,2.0,1.0,1.0,1.0,1.0,1.0,2.0,1.0,1.0,1.0,1.0,1.0,1.0,1.0,1.0,1.0,1.0,1.0,1.0,2.0,1.0,3.0,2.0,2.0,1.0,1.0,2.0,1.0,1.0,1.0,1.0,1.0,2.0,1.0,1.0,1.0,1.0,1.0,2.0,1.0,1.0,1.0,1.0,1.0,1.0,1.0,1.0,1.0,1.0,1.0,1.0,1.0,1.0,1.0,1.0,1.0,1.0,1.0,2.0,62.0,1.0,3.0,1.0,1.0,2.0,2.0,3.0,1.0,1.0,1.0,1.0,1.0,1.0,1.0,2.0,1.0,1.0,1.0,1.0,1.0,1.0,1.0,1.0,1.0,1.0,1.0,1.0,1.0,1.0,1.0,1.0,1.0,1.0,2.0,1.0,1.0,1.0,2.0,1.0,2.0,2.0,1.0,1.0,1.0,1.0,1.0,1.0,1.0,2.0,1.0,1.0,1.0,1.0,240.0,1.0,1.0,1.0,1.0,1.0,1.0,1.0,1.0,1.0,1.0,2.0,3.0,1.0,2.0,3.0,1.0,5.0,1.0,1.0,1.0,1.0,1.0,1.0,1.0
2023-12-01,2.0,1.0,1.0,1.0,1.0,1.0,1.0,50.0,1.0,1.0,2.0,1.0,1.0,3.0,1.0,6.0,1.0,1.0,1.0,1.0,1.0,2.0,1.0,1.0,1.0,1.0,1.0,1.0,1.0,1.0,2.0,1.0,1.0,1.0,1.0,2.0,1.0,1.0,1.0,1.0,1.0,1.0,1.0,1.0,1.0,1.0,1.0,1.0,1.0,1.0,1.0,1.0,1.0,1.0,1.0,1.0,1.0,2.0,2.0,1.0,2.0,1.0,2.0,1.0,2.0,2.0,1.0,1.0,1.0,1.0,1.0,1.0,1.0,1.0,2.0,1.0,1.0,1.0,1.0,2.0,1.0,64.0,1.0,3.0,2.0,1.0,1.0,1.0,1.0,1.0,1.0,1.0,2.0,1.0,1.0,1.0,1.0,3.0,4.0,1.0,1.0,1.0,1.0,2.0,1.0,1.0,2.0,1.0,1.0,2.0,1.0,2.0,1.0,1.0,1.0,1.0,1.0,1.0,2.0,2.0,1.0,1.0,1.0,1.0,1.0,2.0,1.0,1.0,1.0,1.0,1.0,1.0,2.0,1.0,1.0,1.0,2.0,1.0,1.0,1.0,1.0,1.0,1.0,1.0,1.0,1.0,1.0,1.0,1.0,1.0,1.0,2.0,1.0,1.0,1.0,1.0,1.0,1.0,1.0,2.0,1.0,1.0,1.0,1.0,5.0,1.0,2.0,1.0,1.0,1.0,1.0,1.0,1.0,1.0,1.0,1.0,1.0,1.0,1.0,1.0,1.0,1.0,1.0,1.0,1.0,1.0,1.0,1.0,1.0,1.0,1.0,2.0,1.0,1.0,1.0,2.0,1.0,1.0,1.0,1.0,1.0,1.0,1.0,2.0,1.0,1.0,1.0,1.0,1.0,1.0,1.0,1.0,1.0,1.0,1.0,1.0,1.0,1.0,1.0,1.0,1.0,1.0,1.0,1.0,1.0,2.0,1.0,1.0,1.0,1.0,1.0,1.0,1.0,1.0,553.0,1.0,74.0,1.0,1.0,1.0,1.0,1.0,1.0,1.0,1.0,1.0,1.0,1.0,1.0,1.0,1.0,1.0,1.0,1.0,1.0,1.0,1.0,1.0,1.0,2.0,1.0,1.0,1.0,3.0,1.0,1.0,2.0,1.0,1.0,3.0,1.0,2.0,4.0,3.0,2.0,1.0,2.0,1.0,1.0,1.0,1.0,2.0,1.0,1.0,2.0,1.0,1.0,2.0,4.0,3.0,3.0,1.0,2.0,1.0,1.0,8.0,1.0,2.0,1.0,4.0,2.0,1.0,3.0,2.0,1.0,1.0,1.0,1.0,1.0,1.0,1.0,2.0,1.0,163.0,1.0,1.0,1.0,1.0,1.0,1.0,2.0,1.0,1.0,1.0,1.0,1.0,1.0,1.0,1.0,2.0,1.0,2.0,1.0,1.0,2.0,1.0,2.0,1.0,1.0,1.0,1.0,1.0,2.0,1.0,2.0,5.0,1.0,3.0,1.0,5.0,7.0,6.0,2.0,1.0,1.0,2.0,5.0,2.0,1.0,2.0,1.0,1.0,1.0,1.0,1.0,2.0,1.0,1.0,1.0,2.0,1.0,2.0,4.0,3.0,2.0,1.0,1.0,1.0,1.0,1.0,1.0,1.0,1.0,1.0,1.0,1.0,1.0,1.0,1.0,1.0,1.0,1.0,1.0,2.0,1.0,1.0,1.0,2.0,1.0,1.0,1.0,1.0,1.0,1.0,1.0,2.0,1.0,1.0,2.0,1.0,1.0,1.0,1.0,1.0,1.0,1.0,1.0,1.0,1.0,2.0,3.0,4.0,45.0,1.0,1.0,1.0,1.0,1.0,2.0,1.0,4.0,1.0,3.0,3.0,2.0,1.0,1.0,1.0,1.0,1.0,6.0,1.0,2.0,1.0,1.0,1.0,1.0,1.0,3.0,1.0,1.0,1.0,1.0,1.0,1.0,1.0,1.0,1.0,3.0,2.0,4.0,1.0,2.0,1.0,1.0,1.0,1.0,1.0,1.0,2.0,2.0,1.0,1.0,1.0,1.0,2.0,1.0,1.0,1.0,1.0,1.0,1.0,1.0,3.0,1.0,1.0,1.0,3.0,3.0,1.0,1.0,1.0,1.0,1.0,7.0,2.0,1.0,1.0,1.0,1.0,1.0,1.0,1.0,1.0,1.0,1.0,1.0,1.0,1.0,1.0,1.0,1.0,1.0,1.0,1.0,1.0,1.0,1.0,1.0,1.0,2.0,432.0,1.0,2.0,1.0,1.0,1.0,1.0,3.0,1.0,1.0,1.0,1.0,1.0,1.0,2.0,1.0,1.0,1.0,2.0,1.0,1.0,1.0,1.0,1.0,1.0,1.0,1.0,1.0,1.0,1.0,1.0,1.0,1.0,1.0,1.0,1.0,1.0,1.0,2.0,1.0,4.0,1.0,1.0,3.0,1.0,1.0,1.0,1.0,2.0,1.0,1.0,1.0,10.0,1.0,260.0,1.0,1.0,1.0,1.0,1.0,1.0,1.0,2.0,9.0,5.0,1.0,1.0,2.0,1.0,3.0,1.0,2.0,1.0,1.0,1.0,1.0,1.0,1.0,1.0
2023-12-02,1.0,1.0,1.0,1.0,1.0,1.0,1.0,13.0,1.0,1.0,1.0,1.0,1.0,1.0,1.0,134.0,1.0,1.0,1.0,1.0,1.0,2.0,1.0,1.0,1.0,1.0,1.0,1.0,1.0,1.0,3.0,4.0,1.0,2.0,2.0,2.0,1.0,1.0,1.0,1.0,1.0,3.0,1.0,1.0,1.0,1.0,1.0,1.0,1.0,1.0,1.0,1.0,2.0,1.0,1.0,1.0,1.0,1.0,1.0,1.0,3.0,1.0,2.0,1.0,4.0,1.0,2.0,1.0,1.0,1.0,1.0,1.0,1.0,2.0,1.0,1.0,1.0,1.0,1.0,1.0,1.0,3.0,1.0,1.0,3.0,1.0,1.0,1.0,2.0,1.0,1.0,1.0,1.0,1.0,1.0,1.0,2.0,3.0,4.0,2.0,1.0,1.0,1.0,1.0,2.0,3.0,1.0,1.0,1.0,2.0,1.0,2.0,1.0,2.0,1.0,1.0,1.0,1.0,2.0,1.0,1.0,1.0,1.0,1.0,1.0,1.0,2.0,1.0,1.0,1.0,1.0,1.0,1.0,1.0,1.0,2.0,2.0,1.0,2.0,1.0,1.0,1.0,2.0,2.0,1.0,1.0,1.0,2.0,3.0,1.0,1.0,1.0,1.0,1.0,1.0,1.0,1.0,1.0,1.0,2.0,2.0,5.0,1.0,1.0,1.0,1.0,2.0,1.0,1.0,1.0,1.0,1.0,1.0,1.0,1.0,1.0,1.0,2.0,1.0,1.0,1.0,1.0,1.0,1.0,1.0,1.0,1.0,1.0,1.0,1.0,1.0,2.0,1.0,1.0,1.0,2.0,1.0,1.0,1.0,2.0,1.0,1.0,1.0,2.0,1.0,1.0,1.0,1.0,1.0,1.0,1.0,1.0,1.0,1.0,1.0,1.0,1.0,1.0,2.0,1.0,2.0,1.0,1.0,1.0,1.0,1.0,1.0,1.0,1.0,1.0,1.0,1.0,1.0,1.0,553.0,1.0,563.0,1.0,1.0,1.0,3.0,1.0,1.0,1.0,1.0,1.0,1.0,5.0,1.0,1.0,4.0,4.0,2.0,1.0,1.0,2.0,2.0,5.0,8.0,1.0,1.0,1.0,2.0,5.0,1.0,1.0,1.0,3.0,1.0,1.0,2.0,2.0,4.0,4.0,1.0,1.0,1.0,2.0,1.0,1.0,1.0,1.0,1.0,2.0,1.0,1.0,2.0,3.0,1.0,2.0,5.0,5.0,2.0,1.0,1.0,2.0,1.0,4.0,3.0,1.0,1.0,1.0,5.0,1.0,1.0,2.0,1.0,1.0,1.0,1.0,2.0,2.0,2.0,163.0,1.0,1.0,1.0,3.0,3.0,1.0,1.0,2.0,1.0,1.0,1.0,1.0,1.0,1.0,2.0,1.0,2.0,2.0,1.0,1.0,1.0,1.0,1.0,1.0,1.0,1.0,1.0,2.0,3.0,1.0,4.0,10.0,3.0,3.0,1.0,1.0,1.0,1.0,1.0,1.0,3.0,1.0,1.0,1.0,1.0,2.0,3.0,1.0,1.0,2.0,2.0,2.0,1.0,1.0,2.0,1.0,1.0,6.0,4.0,2.0,1.0,1.0,1.0,1.0,1.0,1.0,1.0,1.0,1.0,1.0,1.0,1.0,1.0,1.0,1.0,1.0,1.0,1.0,1.0,2.0,2.0,1.0,1.0,2.0,1.0,1.0,1.0,1.0,1.0,1.0,1.0,1.0,1.0,1.0,3.0,3.0,1.0,1.0,1.0,1.0,1.0,1.0,1.0,1.0,1.0,4.0,2.0,1.0,4.0,1.0,1.0,2.0,1.0,2.0,1.0,1.0,4.0,1.0,1.0,1.0,2.0,1.0,1.0,1.0,1.0,1.0,1.0,1.0,1.0,2.0,1.0,1.0,1.0,1.0,3.0,2.0,1.0,1.0,1.0,1.0,1.0,1.0,2.0,1.0,3.0,1.0,3.0,1.0,1.0,1.0,1.0,1.0,1.0,1.0,2.0,1.0,95.0,1.0,1.0,2.0,1.0,1.0,1.0,2.0,1.0,1.0,1.0,2.0,1.0,1.0,1.0,2.0,1.0,4.0,10.0,1.0,1.0,2.0,1.0,1.0,1.0,2.0,1.0,1.0,1.0,1.0,1.0,1.0,1.0,1.0,1.0,1.0,1.0,1.0,1.0,1.0,1.0,1.0,1.0,1.0,1.0,1.0,1.0,1.0,2.0,2.0,2.0,1.0,1.0,4.0,1.0,1.0,1.0,2.0,1.0,1.0,1.0,2.0,1.0,1.0,1.0,1.0,1.0,1.0,1.0,1.0,1.0,1.0,1.0,1.0,1.0,1.0,222.0,1.0,1.0,1.0,1.0,1.0,1.0,1.0,1.0,3.0,1.0,1.0,1.0,1.0,1.0,2.0,1.0,1.0,1.0,1.0,1.0,1.0,1.0,1.0,1.0,1.0,2.0,5.0,3.0,292.0,2.0,1.0,40.0,2.0,6.0,10.0,11.0,62.0,8.0,7.0,16.0,17.0,7.0,1.0,2.0,1.0,4.0,3.0,2.0,1.0,1.0,1.0,17.0,1.0
2023-12-03,2.0,3.0,1.0,1.0,1.0,1.0,2.0,1.0,1.0,1.0,1.0,1.0,1.0,1.0,1.0,321.0,1.0,4.0,1.0,3.0,1.0,2.0,1.0,1.0,1.0,1.0,1.0,1.0,1.0,1.0,3.0,2.0,2.0,1.0,1.0,2.0,1.0,1.0,3.0,1.0,1.0,1.0,1.0,1.0,1.0,1.0,1.0,1.0,1.0,1.0,1.0,1.0,2.0,1.0,1.0,4.0,1.0,2.0,1.0,2.0,1.0,1.0,2.0,3.0,1.0,1.0,1.0,2.0,1.0,1.0,3.0,1.0,1.0,2.0,1.0,1.0,2.0,1.0,1.0,1.0,1.0,4.0,1.0,1.0,2.0,3.0,4.0,1.0,2.0,1.0,2.0,1.0,1.0,1.0,3.0,1.0,3.0,3.0,3.0,2.0,1.0,1.0,1.0,1.0,2.0,3.0,4.0,1.0,1.0,2.0,1.0,2.0,1.0,1.0,1.0,2.0,2.0,1.0,2.0,1.0,1.0,1.0,3.0,1.0,1.0,1.0,1.0,1.0,3.0,1.0,1.0,1.0,4.0,1.0,2.0,1.0,2.0,1.0,1.0,1.0,1.0,2.0,1.0,2.0,1.0,1.0,1.0,1.0,1.0,1.0,1.0,1.0,1.0,1.0,1.0,1.0,1.0,1.0,1.0,2.0,2.0,2.0,1.0,1.0,5.0,1.0,1.0,2.0,1.0,1.0,1.0,1.0,1.0,1.0,1.0,1.0,1.0,1.0,1.0,1.0,1.0,1.0,1.0,1.0,1.0,1.0,1.0,1.0,1.0,1.0,2.0,1.0,1.0,1.0,1.0,1.0,1.0,1.0,1.0,1.0,1.0,1.0,1.0,1.0,1.0,1.0,1.0,1.0,1.0,2.0,1.0,1.0,1.0,1.0,1.0,4.0,3.0,2.0,3.0,1.0,2.0,2.0,1.0,3.0,1.0,3.0,1.0,1.0,2.0,1.0,1.0,1.0,1.0,1.0,553.0,1.0,563.0,1.0,1.0,1.0,1.0,1.0,1.0,1.0,1.0,1.0,9.0,34.0,2.0,1.0,2.0,1.0,1.0,5.0,1.0,1.0,1.0,4.0,3.0,2.0,1.0,1.0,1.0,1.0,2.0,3.0,1.0,9.0,5.0,2.0,2.0,1.0,3.0,1.0,1.0,3.0,1.0,1.0,1.0,1.0,1.0,1.0,1.0,1.0,2.0,1.0,1.0,2.0,3.0,2.0,1.0,4.0,2.0,1.0,1.0,2.0,1.0,2.0,1.0,1.0,1.0,1.0,1.0,1.0,1.0,1.0,2.0,23.0,3.0,1.0,1.0,1.0,1.0,163.0,1.0,1.0,2.0,1.0,1.0,1.0,1.0,1.0,1.0,1.0,1.0,1.0,1.0,2.0,1.0,2.0,2.0,2.0,1.0,2.0,1.0,2.0,1.0,2.0,3.0,1.0,1.0,1.0,1.0,1.0,4.0,4.0,1.0,1.0,2.0,4.0,1.0,6.0,1.0,2.0,1.0,6.0,4.0,3.0,2.0,1.0,3.0,1.0,1.0,1.0,3.0,2.0,1.0,1.0,2.0,1.0,1.0,4.0,4.0,1.0,2.0,3.0,1.0,1.0,1.0,1.0,2.0,1.0,1.0,2.0,4.0,1.0,1.0,1.0,1.0,1.0,1.0,1.0,4.0,2.0,1.0,1.0,1.0,6.0,1.0,2.0,1.0,1.0,1.0,1.0,1.0,1.0,3.0,1.0,3.0,3.0,1.0,1.0,2.0,2.0,1.0,1.0,1.0,2.0,3.0,1.0,5.0,1.0,4.0,1.0,1.0,1.0,2.0,1.0,2.0,1.0,7.0,1.0,2.0,1.0,3.0,1.0,1.0,1.0,6.0,1.0,1.0,2.0,1.0,1.0,1.0,1.0,1.0,2.0,1.0,1.0,1.0,1.0,1.0,1.0,1.0,2.0,2.0,1.0,3.0,3.0,1.0,3.0,1.0,1.0,1.0,1.0,10.0,1.0,2.0,2.0,581.0,1.0,1.0,1.0,1.0,4.0,1.0,2.0,1.0,1.0,1.0,2.0,1.0,1.0,2.0,1.0,1.0,1.0,8.0,4.0,1.0,1.0,2.0,1.0,1.0,1.0,1.0,1.0,1.0,1.0,1.0,3.0,1.0,1.0,1.0,1.0,1.0,1.0,2.0,2.0,1.0,1.0,1.0,1.0,1.0,1.0,1.0,1.0,4.0,1.0,2.0,1.0,2.0,6.0,4.0,4.0,2.0,142.0,2.0,1.0,1.0,2.0,1.0,1.0,1.0,2.0,4.0,3.0,1.0,1.0,1.0,1.0,1.0,1.0,2.0,1.0,498.0,3.0,1.0,1.0,1.0,1.0,2.0,1.0,1.0,2.0,1.0,1.0,3.0,1.0,2.0,4.0,1.0,2.0,1.0,1.0,1.0,1.0,1.0,1.0,2.0,1.0,2.0,1.0,1.0,253.0,1.0,2.0,28.0,11.0,7.0,34.0,29.0,66.0,3.0,4.0,11.0,12.0,7.0,2.0,1.0,3.0,6.0,16.0,10.0,16.0,1.0,1.0,37.0,7.0
2023-12-04,1.0,1.0,1.0,1.0,1.0,1.0,1.0,1.0,1.0,1.0,1.0,1.0,2.0,1.0,1.0,293.0,1.0,1.0,1.0,1.0,1.0,2.0,2.0,1.0,1.0,1.0,1.0,1.0,1.0,1.0,1.0,3.0,1.0,1.0,1.0,1.0,1.0,1.0,1.0,1.0,1.0,1.0,1.0,1.0,1.0,1.0,1.0,1.0,1.0,1.0,1.0,1.0,1.0,1.0,1.0,1.0,1.0,1.0,2.0,1.0,1.0,1.0,1.0,1.0,1.0,1.0,2.0,1.0,1.0,1.0,1.0,1.0,1.0,1.0,1.0,1.0,1.0,1.0,1.0,1.0,1.0,1.0,1.0,2.0,1.0,1.0,1.0,1.0,2.0,1.0,3.0,1.0,1.0,1.0,1.0,1.0,1.0,2.0,1.0,1.0,4.0,1.0,1.0,2.0,1.0,2.0,1.0,2.0,1.0,1.0,1.0,1.0,1.0,1.0,1.0,1.0,1.0,1.0,2.0,1.0,1.0,11.0,1.0,1.0,1.0,1.0,1.0,1.0,1.0,1.0,1.0,1.0,1.0,1.0,1.0,1.0,1.0,1.0,1.0,1.0,1.0,1.0,1.0,1.0,2.0,1.0,1.0,1.0,1.0,1.0,1.0,1.0,1.0,1.0,1.0,1.0,1.0,1.0,2.0,1.0,1.0,3.0,1.0,1.0,1.0,1.0,1.0,1.0,1.0,1.0,1.0,1.0,1.0,1.0,1.0,1.0,1.0,1.0,1.0,1.0,1.0,1.0,1.0,1.0,2.0,1.0,2.0,1.0,1.0,1.0,1.0,2.0,1.0,1.0,1.0,2.0,1.0,1.0,1.0,1.0,1.0,1.0,1.0,2.0,1.0,1.0,1.0,1.0,1.0,1.0,1.0,1.0,1.0,1.0,1.0,1.0,1.0,1.0,2.0,1.0,1.0,1.0,1.0,1.0,1.0,1.0,1.0,1.0,1.0,1.0,1.0,1.0,1.0,1.0,553.0,1.0,563.0,1.0,1.0,1.0,1.0,1.0,1.0,1.0,1.0,1.0,1.0,1.0,1.0,1.0,1.0,1.0,1.0,1.0,176.0,1.0,1.0,1.0,1.0,2.0,1.0,1.0,1.0,1.0,1.0,1.0,1.0,2.0,1.0,1.0,3.0,2.0,1.0,4.0,1.0,1.0,1.0,1.0,1.0,1.0,1.0,1.0,1.0,2.0,1.0,1.0,2.0,4.0,1.0,2.0,3.0,2.0,1.0,2.0,1.0,2.0,1.0,3.0,1.0,1.0,1.0,1.0,1.0,1.0,1.0,2.0,1.0,1.0,1.0,1.0,1.0,1.0,1.0,163.0,1.0,1.0,1.0,1.0,1.0,1.0,1.0,1.0,1.0,1.0,1.0,1.0,1.0,1.0,1.0,1.0,1.0,2.0,1.0,1.0,1.0,2.0,2.0,1.0,1.0,1.0,1.0,1.0,1.0,1.0,1.0,1.0,2.0,2.0,3.0,4.0,5.0,7.0,1.0,2.0,1.0,1.0,2.0,2.0,1.0,2.0,1.0,1.0,1.0,1.0,1.0,2.0,1.0,1.0,2.0,1.0,1.0,2.0,2.0,1.0,3.0,4.0,1.0,1.0,1.0,1.0,1.0,1.0,1.0,1.0,1.0,1.0,1.0,2.0,1.0,1.0,1.0,1.0,1.0,2.0,1.0,1.0,1.0,1.0,2.0,167.0,1.0,1.0,1.0,1.0,1.0,1.0,1.0,1.0,3.0,1.0,2.0,2.0,2.0,1.0,1.0,1.0,1.0,1.0,1.0,1.0,1.0,1.0,2.0,1.0,2.0,1.0,7.0,2.0,1.0,1.0,1.0,1.0,1.0,2.0,1.0,1.0,1.0,2.0,1.0,1.0,1.0,1.0,1.0,2.0,1.0,1.0,1.0,1.0,1.0,2.0,1.0,1.0,1.0,1.0,2.0,1.0,1.0,1.0,1.0,1.0,2.0,2.0,4.0,2.0,1.0,2.0,1.0,1.0,1.0,1.0,128.0,1.0,1.0,1.0,1.0,1.0,1.0,1.0,1.0,1.0,1.0,1.0,2.0,1.0,1.0,3.0,1.0,1.0,1.0,1.0,1.0,1.0,1.0,1.0,1.0,1.0,1.0,1.0,1.0,1.0,1.0,3.0,1.0,1.0,1.0,1.0,1.0,1.0,1.0,2.0,1.0,1.0,1.0,2.0,1.0,1.0,1.0,1.0,3.0,1.0,1.0,3.0,7.0,2.0,2.0,1.0,4.0,334.0,1.0,1.0,1.0,2.0,1.0,1.0,1.0,3.0,1.0,1.0,1.0,1.0,1.0,1.0,1.0,1.0,1.0,1.0,1.0,1.0,1.0,1.0,1.0,1.0,1.0,1.0,1.0,1.0,1.0,1.0,1.0,1.0,1.0,1.0,1.0,1.0,1.0,1.0,1.0,1.0,1.0,1.0,2.0,1.0,1.0,1.0,2.0,230.0,1.0,1.0,1.0,2.0,1.0,1.0,1.0,1.0,1.0,4.0,1.0,2.0,1.0,3.0,4.0,1.0,5.0,1.0,1.0,1.0,1.0,1.0,1.0,1.0
2023-12-05,184.0,45.0,9.0,5.0,1.0,1.0,1.0,4.0,11.0,1.0,1.0,1.0,1.0,33.0,1.0,209.0,15.0,1.0,1.0,1.0,2.0,1.0,1.0,86.0,1.0,1.0,1.0,1.0,1.0,1.0,2.0,1.0,70.0,1.0,1.0,1.0,1.0,1.0,1.0,1.0,1.0,1.0,1.0,1.0,1.0,1.0,1.0,1.0,13.0,220.0,1.0,1.0,1.0,155.0,212.0,1.0,1.0,1.0,1.0,1.0,1.0,2.0,1.0,1.0,1.0,1.0,1.0,1.0,1.0,1.0,1.0,1.0,1.0,1.0,1.0,16.0,11.0,2.0,1.0,1.0,1.0,5.0,1.0,1.0,1.0,1.0,1.0,1.0,1.0,3.0,1.0,61.0,1.0,1.0,177.0,1.0,1.0,1.0,1.0,21.0,1.0,1.0,37.0,32.0,1.0,3.0,2.0,1.0,1.0,1.0,1.0,1.0,1.0,1.0,1.0,1.0,1.0,1.0,1.0,1.0,1.0,1.0,5.0,1.0,1.0,1.0,1.0,2.0,1.0,1.0,1.0,1.0,1.0,1.0,1.0,2.0,1.0,2.0,1.0,1.0,1.0,1.0,53.0,2.0,34.0,1.0,1.0,1.0,1.0,1.0,1.0,1.0,1.0,66.0,25.0,1.0,1.0,1.0,1.0,1.0,2.0,104.0,1.0,1.0,180.0,1.0,1.0,1.0,1.0,1.0,8.0,1.0,1.0,19.0,2.0,103.0,50.0,1.0,1.0,2.0,1.0,1.0,1.0,1.0,14.0,1.0,3.0,1.0,28.0,1.0,1.0,1.0,1.0,7.0,2.0,2.0,1.0,1.0,1.0,1.0,5.0,1.0,1.0,2.0,1.0,1.0,1.0,1.0,1.0,1.0,1.0,2.0,1.0,1.0,38.0,1.0,1.0,1.0,1.0,176.0,1.0,2.0,1.0,73.0,1.0,1.0,1.0,1.0,1.0,1.0,1.0,8.0,1.0,1.0,553.0,1.0,563.0,2.0,1.0,1.0,1.0,1.0,75.0,1.0,122.0,563.0,2.0,59.0,3.0,1.0,1.0,210.0,1.0,6.0,2.0,1.0,109.0,96.0,23.0,138.0,1.0,12.0,2.0,1.0,1.0,3.0,7.0,1.0,1.0,1.0,3.0,1.0,46.0,1.0,1.0,2.0,1.0,1.0,6.0,150.0,1.0,1.0,1.0,5.0,1.0,112.0,28.0,1.0,78.0,106.0,1.0,2.0,1.0,1.0,1.0,1.0,1.0,1.0,4.0,1.0,1.0,1.0,2.0,3.0,2.0,438.0,1.0,11.0,19.0,33.0,1.0,16.0,1.0,95.0,96.0,463.0,1.0,228.0,2.0,335.0,404.0,2.0,3.0,175.0,1.0,122.0,1.0,1.0,1.0,3.0,472.0,1.0,1.0,244.0,1.0,99.0,1.0,2.0,1.0,7.0,1.0,1.0,1.0,1.0,1.0,2.0,29.0,8.0,42.0,4.0,2.0,6.0,1.0,1.0,7.0,1.0,5.0,4.0,7.0,1.0,2.0,1.0,1.0,1.0,2.0,5.0,5.0,2.0,2.0,2.0,1.0,3.0,2.0,1.0,2.0,8.0,1.0,1.0,1.0,1.0,1.0,55.0,1.0,1.0,1.0,1.0,1.0,1.0,1.0,1.0,1.0,1.0,1.0,1.0,1.0,1.0,1.0,1.0,1.0,1.0,1.0,1.0,1.0,1.0,1.0,1.0,1.0,1.0,1.0,2.0,1.0,1.0,1.0,2.0,1.0,1.0,1.0,1.0,1.0,3.0,5.0,6.0,3.0,2.0,1.0,1.0,1.0,1.0,2.0,1.0,1.0,7.0,3.0,9.0,11.0,1.0,1.0,1.0,2.0,1.0,1.0,1.0,1.0,1.0,1.0,1.0,1.0,2.0,1.0,2.0,1.0,1.0,1.0,1.0,1.0,2.0,2.0,1.0,2.0,1.0,3.0,1.0,1.0,1.0,1.0,1.0,1.0,1.0,3.0,1.0,1.0,1.0,1.0,2.0,1.0,1.0,1.0,1.0,1.0,1.0,1.0,1.0,1.0,7.0,1.0,1.0,1.0,1.0,1.0,1.0,1.0,1.0,1.0,1.0,1.0,1.0,1.0,1.0,1.0,1.0,1.0,2.0,1.0,1.0,1.0,1.0,1.0,1.0,2.0,1.0,1.0,1.0,1.0,1.0,1.0,1.0,1.0,1.0,1.0,1.0,1.0,1.0,1.0,2.0,1.0,3.0,5.0,1.0,2.0,1.0,1.0,1.0,1.0,1.0,1.0,1.0,2.0,1.0,1.0,1.0,1.0,1.0,1.0,1.0,1.0,1.0,1.0,1.0,1.0,1.0,1.0,1.0,1.0,1.0,1.0,2.0,1.0,1.0,1.0,1.0,2.0,1.0,1.0,1.0,1.0,1.0,1.0,1.0,2.0,1.0,3.0,1.0,2.0,1.0,1.0,211.0,1.0,1.0,1.0,1.0,1.0,1.0,2.0,1.0,1.0,4.0,4.0,7.0,1.0,2.0,2.0,1.0,5.0,1.0,1.0,1.0,1.0,1.0,1.0,1.0
2023-12-06,359.0,81.0,1.0,1.0,93.0,1.0,1.0,47.0,1.0,1.0,1.0,1.0,1.0,1.0,1.0,237.0,41.0,18.0,1.0,1.0,1.0,1.0,118.0,18.0,1.0,1.0,23.0,1.0,1.0,1.0,2.0,1.0,185.0,1.0,1.0,58.0,51.0,1.0,1.0,1.0,1.0,1.0,38.0,1.0,32.0,1.0,1.0,1.0,3.0,173.0,1.0,1.0,1.0,162.0,420.0,1.0,1.0,1.0,1.0,1.0,1.0,1.0,2.0,1.0,1.0,2.0,3.0,1.0,1.0,1.0,1.0,1.0,1.0,1.0,2.0,1.0,1.0,1.0,1.0,1.0,1.0,109.0,1.0,1.0,1.0,1.0,1.0,1.0,1.0,3.0,1.0,1.0,1.0,1.0,96.0,1.0,1.0,121.0,96.0,1.0,1.0,1.0,6.0,8.0,4.0,2.0,1.0,1.0,1.0,3.0,24.0,1.0,1.0,1.0,1.0,1.0,28.0,1.0,1.0,1.0,1.0,1.0,1.0,1.0,1.0,13.0,1.0,1.0,1.0,1.0,1.0,1.0,1.0,1.0,1.0,1.0,1.0,1.0,3.0,208.0,1.0,1.0,1.0,1.0,1.0,1.0,1.0,1.0,1.0,11.0,1.0,1.0,1.0,1.0,43.0,1.0,1.0,1.0,1.0,1.0,1.0,1.0,1.0,1.0,221.0,1.0,1.0,1.0,1.0,1.0,35.0,1.0,1.0,1.0,1.0,174.0,2.0,1.0,1.0,1.0,1.0,1.0,1.0,1.0,3.0,1.0,1.0,1.0,1.0,1.0,1.0,1.0,1.0,1.0,1.0,2.0,1.0,1.0,1.0,1.0,40.0,3.0,1.0,2.0,1.0,25.0,1.0,1.0,1.0,1.0,1.0,1.0,1.0,1.0,1.0,1.0,1.0,1.0,1.0,123.0,1.0,1.0,1.0,29.0,4.0,1.0,1.0,1.0,1.0,1.0,1.0,77.0,1.0,1.0,553.0,4.0,563.0,1.0,1.0,1.0,1.0,1.0,46.0,5.0,1.0,458.0,45.0,1.0,146.0,1.0,1.0,272.0,1.0,151.0,2.0,295.0,434.0,2.0,1.0,12.0,1.0,482.0,1.0,1.0,1.0,3.0,8.0,1.0,1.0,1.0,5.0,6.0,2.0,1.0,1.0,2.0,1.0,4.0,2.0,59.0,1.0,2.0,1.0,391.0,2.0,141.0,2.0,1.0,34.0,1.0,2.0,2.0,351.0,1.0,4.0,3.0,1.0,157.0,1.0,1.0,2.0,3.0,2.0,2.0,5.0,406.0,2.0,1.0,14.0,3.0,4.0,13.0,5.0,128.0,20.0,1.0,40.0,3.0,7.0,2.0,155.0,2.0,1.0,209.0,1.0,117.0,1.0,1.0,1.0,2.0,354.0,217.0,2.0,3.0,1.0,162.0,2.0,5.0,3.0,2.0,1.0,2.0,1.0,1.0,12.0,7.0,2.0,5.0,54.0,3.0,3.0,3.0,1.0,2.0,1.0,4.0,5.0,1.0,10.0,1.0,3.0,1.0,3.0,1.0,4.0,1.0,1.0,1.0,2.0,2.0,3.0,1.0,4.0,3.0,2.0,1.0,1.0,1.0,1.0,1.0,1.0,6.0,1.0,1.0,1.0,1.0,1.0,1.0,1.0,1.0,1.0,1.0,1.0,2.0,3.0,1.0,1.0,2.0,1.0,3.0,1.0,1.0,2.0,1.0,1.0,2.0,2.0,1.0,3.0,1.0,2.0,1.0,3.0,1.0,1.0,1.0,1.0,1.0,1.0,1.0,1.0,2.0,3.0,1.0,1.0,2.0,1.0,1.0,1.0,1.0,1.0,1.0,1.0,1.0,1.0,1.0,1.0,1.0,1.0,1.0,1.0,1.0,1.0,1.0,1.0,2.0,1.0,1.0,2.0,1.0,2.0,1.0,1.0,1.0,1.0,1.0,1.0,2.0,1.0,1.0,2.0,1.0,1.0,1.0,1.0,1.0,1.0,1.0,1.0,2.0,3.0,2.0,1.0,3.0,62.0,1.0,1.0,1.0,1.0,1.0,1.0,2.0,1.0,1.0,1.0,1.0,1.0,1.0,1.0,1.0,1.0,2.0,1.0,1.0,1.0,1.0,1.0,1.0,1.0,1.0,1.0,2.0,1.0,1.0,1.0,1.0,1.0,1.0,1.0,1.0,1.0,1.0,1.0,1.0,1.0,1.0,1.0,1.0,1.0,1.0,1.0,1.0,2.0,3.0,1.0,1.0,1.0,2.0,1.0,1.0,1.0,1.0,1.0,1.0,1.0,1.0,1.0,1.0,1.0,1.0,1.0,1.0,1.0,1.0,1.0,1.0,1.0,1.0,1.0,1.0,1.0,1.0,1.0,1.0,1.0,2.0,1.0,1.0,3.0,3.0,3.0,1.0,1.0,1.0,1.0,1.0,1.0,2.0,1.0,1.0,2.0,1.0,1.0,1.0,1.0,231.0,1.0,2.0,1.0,1.0,1.0,1.0,1.0,1.0,2.0,3.0,1.0,3.0,1.0,5.0,1.0,1.0,3.0,1.0,1.0,1.0,1.0,1.0,1.0,1.0
2023-12-07,1.0,1.0,1.0,1.0,1.0,1.0,2.0,3.0,2.0,1.0,1.0,1.0,1.0,1.0,1.0,46.0,1.0,1.0,1.0,1.0,1.0,1.0,1.0,1.0,1.0,1.0,1.0,1.0,1.0,1.0,3.0,1.0,1.0,1.0,1.0,310.0,1.0,1.0,1.0,1.0,1.0,1.0,1.0,1.0,1.0,1.0,1.0,1.0,1.0,1.0,1.0,1.0,1.0,1.0,1.0,1.0,1.0,2.0,2.0,1.0,2.0,3.0,1.0,1.0,1.0,1.0,2.0,1.0,1.0,1.0,1.0,1.0,1.0,1.0,1.0,1.0,1.0,1.0,1.0,1.0,1.0,13.0,1.0,1.0,1.0,1.0,1.0,1.0,1.0,1.0,1.0,1.0,1.0,1.0,1.0,1.0,1.0,3.0,3.0,1.0,1.0,1.0,1.0,1.0,2.0,1.0,1.0,1.0,1.0,1.0,2.0,1.0,1.0,1.0,1.0,1.0,1.0,1.0,1.0,1.0,1.0,1.0,1.0,1.0,1.0,1.0,1.0,1.0,1.0,1.0,1.0,1.0,1.0,1.0,1.0,1.0,1.0,1.0,1.0,1.0,1.0,1.0,1.0,1.0,1.0,1.0,1.0,1.0,1.0,1.0,1.0,1.0,1.0,1.0,1.0,1.0,1.0,1.0,1.0,2.0,1.0,1.0,1.0,1.0,1.0,1.0,1.0,1.0,1.0,1.0,1.0,1.0,1.0,1.0,1.0,1.0,1.0,1.0,1.0,1.0,1.0,1.0,1.0,1.0,1.0,1.0,2.0,1.0,1.0,1.0,1.0,2.0,1.0,1.0,1.0,2.0,1.0,1.0,1.0,1.0,1.0,2.0,1.0,1.0,1.0,1.0,1.0,1.0,1.0,1.0,1.0,1.0,1.0,1.0,1.0,1.0,1.0,1.0,1.0,1.0,1.0,1.0,1.0,2.0,2.0,1.0,1.0,1.0,1.0,1.0,1.0,1.0,1.0,1.0,553.0,1.0,563.0,2.0,1.0,1.0,1.0,1.0,1.0,1.0,1.0,1.0,511.0,1.0,508.0,2.0,2.0,1.0,2.0,532.0,1.0,413.0,418.0,1.0,2.0,2.0,1.0,490.0,2.0,1.0,2.0,3.0,7.0,7.0,3.0,6.0,2.0,4.0,3.0,4.0,5.0,3.0,3.0,6.0,2.0,2.0,4.0,3.0,1.0,224.0,2.0,130.0,1.0,1.0,2.0,3.0,5.0,10.0,1.0,2.0,3.0,5.0,5.0,2.0,2.0,3.0,1.0,7.0,5.0,4.0,1.0,517.0,2.0,3.0,2.0,3.0,2.0,2.0,4.0,2.0,3.0,1.0,265.0,3.0,30.0,2.0,155.0,3.0,2.0,182.0,2.0,2.0,2.0,2.0,2.0,3.0,1.0,209.0,2.0,3.0,1.0,218.0,3.0,1.0,4.0,2.0,2.0,1.0,3.0,1.0,3.0,1.0,1.0,1.0,2.0,4.0,1.0,1.0,2.0,1.0,1.0,1.0,2.0,1.0,3.0,2.0,4.0,1.0,1.0,1.0,3.0,2.0,1.0,1.0,1.0,1.0,1.0,2.0,3.0,1.0,2.0,1.0,1.0,1.0,1.0,1.0,1.0,25.0,1.0,1.0,1.0,1.0,1.0,1.0,1.0,1.0,1.0,1.0,1.0,1.0,1.0,1.0,1.0,2.0,1.0,1.0,1.0,1.0,1.0,1.0,2.0,1.0,1.0,1.0,1.0,1.0,1.0,1.0,2.0,1.0,1.0,1.0,1.0,1.0,1.0,1.0,2.0,1.0,5.0,1.0,1.0,1.0,1.0,1.0,1.0,1.0,1.0,1.0,1.0,1.0,3.0,1.0,1.0,1.0,21.0,1.0,1.0,1.0,1.0,2.0,1.0,2.0,1.0,1.0,1.0,1.0,1.0,1.0,1.0,1.0,1.0,1.0,1.0,1.0,3.0,1.0,2.0,1.0,1.0,1.0,1.0,1.0,1.0,1.0,2.0,1.0,2.0,3.0,1.0,1.0,5.0,1.0,1.0,1.0,1.0,1.0,1.0,1.0,1.0,1.0,1.0,2.0,1.0,1.0,1.0,1.0,1.0,1.0,2.0,1.0,1.0,1.0,1.0,1.0,1.0,1.0,1.0,1.0,1.0,1.0,1.0,1.0,1.0,1.0,1.0,2.0,1.0,1.0,1.0,1.0,1.0,1.0,1.0,1.0,1.0,1.0,1.0,1.0,2.0,1.0,2.0,1.0,1.0,1.0,2.0,1.0,1.0,1.0,1.0,1.0,1.0,6.0,2.0,1.0,1.0,1.0,1.0,1.0,1.0,1.0,1.0,1.0,1.0,1.0,1.0,1.0,1.0,1.0,1.0,1.0,1.0,1.0,1.0,2.0,1.0,3.0,1.0,1.0,1.0,1.0,1.0,1.0,1.0,2.0,1.0,1.0,10.0,1.0,2.0,1.0,2.0,239.0,1.0,2.0,1.0,1.0,1.0,1.0,2.0,1.0,1.0,1.0,2.0,7.0,1.0,4.0,3.0,1.0,5.0,1.0,1.0,1.0,1.0,1.0,1.0,1.0
2023-12-08,1.0,1.0,1.0,1.0,1.0,1.0,1.0,4.0,1.0,1.0,1.0,1.0,1.0,1.0,1.0,1.0,1.0,2.0,1.0,1.0,1.0,1.0,1.0,1.0,1.0,1.0,1.0,1.0,1.0,1.0,1.0,2.0,2.0,1.0,1.0,310.0,1.0,1.0,1.0,1.0,1.0,1.0,1.0,1.0,1.0,1.0,1.0,1.0,1.0,1.0,1.0,1.0,2.0,1.0,1.0,1.0,1.0,1.0,2.0,1.0,2.0,2.0,1.0,1.0,1.0,1.0,2.0,1.0,1.0,1.0,1.0,1.0,1.0,1.0,1.0,1.0,1.0,1.0,1.0,1.0,1.0,5.0,1.0,1.0,1.0,1.0,1.0,1.0,1.0,1.0,1.0,1.0,1.0,1.0,1.0,1.0,1.0,2.0,1.0,1.0,1.0,1.0,1.0,2.0,1.0,2.0,1.0,1.0,1.0,1.0,2.0,1.0,1.0,1.0,6.0,1.0,3.0,2.0,1.0,1.0,1.0,1.0,1.0,1.0,1.0,1.0,1.0,1.0,1.0,1.0,1.0,1.0,1.0,1.0,1.0,1.0,1.0,1.0,1.0,1.0,1.0,1.0,1.0,2.0,1.0,1.0,1.0,1.0,1.0,1.0,1.0,1.0,1.0,1.0,1.0,1.0,1.0,1.0,1.0,1.0,3.0,1.0,1.0,1.0,1.0,1.0,1.0,1.0,1.0,1.0,1.0,1.0,1.0,1.0,1.0,1.0,1.0,1.0,1.0,1.0,1.0,1.0,1.0,1.0,1.0,1.0,1.0,1.0,1.0,1.0,1.0,2.0,1.0,1.0,1.0,1.0,2.0,1.0,1.0,1.0,1.0,1.0,1.0,2.0,1.0,1.0,1.0,1.0,1.0,1.0,1.0,1.0,1.0,1.0,1.0,1.0,1.0,2.0,1.0,1.0,2.0,4.0,2.0,2.0,1.0,1.0,1.0,1.0,1.0,1.0,1.0,1.0,1.0,1.0,553.0,1.0,563.0,1.0,1.0,1.0,1.0,1.0,1.0,1.0,1.0,1.0,511.0,1.0,508.0,1.0,2.0,1.0,1.0,532.0,1.0,413.0,428.0,1.0,6.0,8.0,1.0,500.0,2.0,2.0,2.0,4.0,1.0,3.0,5.0,3.0,2.0,1.0,7.0,6.0,2.0,5.0,4.0,5.0,2.0,7.0,5.0,2.0,3.0,240.0,2.0,121.0,2.0,2.0,2.0,4.0,5.0,4.0,3.0,1.0,3.0,5.0,3.0,1.0,1.0,2.0,1.0,7.0,3.0,3.0,1.0,519.0,1.0,3.0,2.0,2.0,3.0,2.0,5.0,2.0,2.0,1.0,265.0,3.0,62.0,2.0,155.0,2.0,4.0,214.0,7.0,1.0,2.0,2.0,2.0,2.0,1.0,209.0,2.0,3.0,2.0,221.0,3.0,4.0,4.0,4.0,2.0,1.0,5.0,1.0,1.0,1.0,4.0,2.0,1.0,3.0,1.0,2.0,2.0,1.0,1.0,1.0,1.0,1.0,1.0,1.0,2.0,1.0,1.0,1.0,1.0,1.0,1.0,1.0,2.0,1.0,1.0,1.0,2.0,1.0,3.0,1.0,1.0,1.0,1.0,1.0,1.0,28.0,1.0,1.0,1.0,1.0,1.0,2.0,1.0,1.0,1.0,1.0,1.0,1.0,1.0,1.0,1.0,1.0,1.0,1.0,1.0,1.0,1.0,1.0,1.0,1.0,2.0,1.0,1.0,1.0,1.0,1.0,1.0,1.0,1.0,1.0,1.0,1.0,1.0,1.0,1.0,1.0,1.0,1.0,1.0,1.0,1.0,1.0,1.0,1.0,1.0,1.0,1.0,1.0,1.0,1.0,1.0,1.0,1.0,1.0,1.0,1.0,1.0,1.0,1.0,1.0,1.0,2.0,1.0,2.0,1.0,1.0,1.0,1.0,1.0,1.0,1.0,1.0,1.0,1.0,2.0,1.0,2.0,1.0,1.0,1.0,1.0,1.0,1.0,1.0,364.0,1.0,1.0,1.0,1.0,1.0,1.0,1.0,1.0,1.0,1.0,1.0,1.0,1.0,1.0,2.0,1.0,1.0,1.0,1.0,1.0,1.0,1.0,1.0,1.0,3.0,1.0,1.0,1.0,1.0,1.0,2.0,1.0,1.0,1.0,1.0,1.0,1.0,1.0,1.0,1.0,1.0,1.0,1.0,1.0,1.0,1.0,1.0,3.0,1.0,1.0,1.0,1.0,1.0,3.0,1.0,1.0,1.0,2.0,1.0,1.0,1.0,1.0,1.0,1.0,1.0,1.0,1.0,1.0,1.0,1.0,1.0,1.0,1.0,1.0,1.0,1.0,1.0,1.0,1.0,1.0,1.0,1.0,1.0,1.0,3.0,1.0,1.0,2.0,1.0,1.0,1.0,1.0,1.0,1.0,1.0,1.0,2.0,1.0,1.0,7.0,1.0,1.0,1.0,1.0,245.0,1.0,2.0,1.0,1.0,1.0,1.0,2.0,1.0,1.0,3.0,2.0,1.0,3.0,2.0,1.0,1.0,3.0,1.0,1.0,1.0,1.0,1.0,1.0,1.0
2023-12-09,1.0,1.0,1.0,1.0,1.0,1.0,2.0,24.0,1.0,1.0,1.0,1.0,1.0,1.0,1.0,2.0,1.0,1.0,1.0,1.0,1.0,2.0,1.0,1.0,1.0,1.0,1.0,1.0,1.0,1.0,3.0,2.0,1.0,1.0,3.0,310.0,1.0,1.0,1.0,1.0,1.0,1.0,1.0,1.0,1.0,1.0,1.0,1.0,1.0,2.0,1.0,1.0,1.0,1.0,1.0,1.0,1.0,2.0,1.0,1.0,1.0,1.0,1.0,1.0,1.0,1.0,3.0,1.0,1.0,1.0,1.0,1.0,1.0,2.0,1.0,1.0,1.0,3.0,1.0,1.0,1.0,1.0,1.0,2.0,2.0,1.0,1.0,1.0,1.0,1.0,1.0,1.0,2.0,1.0,1.0,4.0,2.0,1.0,5.0,1.0,2.0,1.0,2.0,1.0,2.0,1.0,1.0,1.0,1.0,1.0,1.0,2.0,1.0,1.0,1.0,1.0,1.0,1.0,1.0,1.0,1.0,1.0,1.0,1.0,1.0,1.0,2.0,1.0,1.0,1.0,1.0,1.0,1.0,1.0,1.0,1.0,1.0,2.0,1.0,1.0,1.0,1.0,2.0,2.0,1.0,1.0,1.0,1.0,1.0,1.0,1.0,4.0,1.0,1.0,1.0,1.0,1.0,1.0,1.0,1.0,2.0,2.0,1.0,1.0,1.0,1.0,2.0,1.0,1.0,1.0,1.0,1.0,1.0,1.0,1.0,1.0,1.0,1.0,1.0,1.0,1.0,1.0,1.0,1.0,1.0,1.0,2.0,1.0,1.0,1.0,2.0,1.0,1.0,1.0,1.0,2.0,1.0,1.0,1.0,1.0,1.0,1.0,1.0,2.0,1.0,1.0,1.0,1.0,1.0,1.0,1.0,1.0,1.0,1.0,1.0,1.0,1.0,1.0,1.0,1.0,1.0,1.0,1.0,2.0,1.0,1.0,1.0,1.0,1.0,1.0,1.0,1.0,3.0,2.0,553.0,1.0,563.0,2.0,2.0,1.0,2.0,1.0,1.0,1.0,1.0,1.0,511.0,1.0,508.0,2.0,8.0,1.0,1.0,532.0,2.0,413.0,451.0,2.0,2.0,9.0,1.0,560.0,4.0,3.0,1.0,8.0,7.0,6.0,2.0,2.0,4.0,2.0,10.0,5.0,3.0,4.0,7.0,3.0,2.0,2.0,10.0,2.0,3.0,170.0,2.0,126.0,2.0,2.0,2.0,4.0,5.0,2.0,3.0,1.0,4.0,2.0,2.0,1.0,3.0,1.0,2.0,4.0,6.0,1.0,1.0,521.0,2.0,6.0,4.0,9.0,5.0,6.0,7.0,2.0,1.0,1.0,265.0,9.0,2.0,3.0,155.0,2.0,2.0,204.0,3.0,2.0,2.0,2.0,2.0,3.0,3.0,209.0,1.0,10.0,2.0,283.0,2.0,2.0,5.0,5.0,3.0,1.0,7.0,1.0,1.0,2.0,2.0,5.0,3.0,1.0,1.0,2.0,1.0,1.0,1.0,1.0,1.0,1.0,2.0,1.0,2.0,2.0,1.0,1.0,1.0,2.0,1.0,1.0,2.0,1.0,1.0,5.0,3.0,2.0,1.0,1.0,1.0,1.0,2.0,1.0,2.0,1.0,1.0,2.0,1.0,1.0,1.0,2.0,1.0,1.0,1.0,1.0,3.0,1.0,1.0,2.0,1.0,1.0,2.0,1.0,1.0,1.0,1.0,1.0,1.0,3.0,1.0,1.0,3.0,1.0,2.0,1.0,1.0,1.0,1.0,1.0,1.0,1.0,3.0,1.0,2.0,1.0,3.0,1.0,1.0,1.0,1.0,1.0,1.0,1.0,1.0,1.0,1.0,1.0,1.0,1.0,1.0,2.0,1.0,1.0,1.0,1.0,1.0,1.0,1.0,1.0,1.0,1.0,2.0,1.0,1.0,1.0,1.0,1.0,1.0,1.0,1.0,1.0,2.0,1.0,1.0,1.0,1.0,4.0,1.0,1.0,2.0,1.0,3.0,2.0,1.0,1.0,5.0,1.0,81.0,1.0,1.0,1.0,2.0,1.0,1.0,1.0,1.0,1.0,2.0,1.0,1.0,1.0,2.0,1.0,1.0,1.0,1.0,1.0,1.0,1.0,1.0,1.0,1.0,1.0,1.0,1.0,1.0,1.0,1.0,1.0,1.0,1.0,1.0,2.0,1.0,1.0,1.0,1.0,1.0,1.0,1.0,1.0,1.0,2.0,1.0,235.0,3.0,1.0,1.0,1.0,1.0,3.0,2.0,1.0,1.0,1.0,1.0,1.0,1.0,1.0,2.0,1.0,1.0,1.0,1.0,1.0,2.0,1.0,1.0,1.0,1.0,1.0,1.0,1.0,1.0,1.0,1.0,1.0,1.0,2.0,1.0,1.0,1.0,2.0,3.0,4.0,1.0,4.0,1.0,1.0,1.0,4.0,2.0,1.0,1.0,1.0,1.0,1.0,1.0,300.0,2.0,1.0,50.0,2.0,1.0,8.0,6.0,45.0,7.0,7.0,11.0,12.0,6.0,1.0,2.0,1.0,6.0,2.0,1.0,1.0,1.0,1.0,14.0,1.0
2023-12-10,2.0,1.0,1.0,1.0,1.0,1.0,2.0,1.0,1.0,1.0,2.0,1.0,12.0,1.0,1.0,1.0,1.0,1.0,2.0,1.0,1.0,2.0,3.0,6.0,1.0,2.0,1.0,1.0,6.0,2.0,3.0,1.0,1.0,1.0,10.0,310.0,2.0,2.0,1.0,1.0,2.0,1.0,1.0,1.0,1.0,1.0,1.0,1.0,3.0,1.0,1.0,2.0,9.0,1.0,1.0,17.0,7.0,7.0,2.0,1.0,1.0,4.0,3.0,1.0,1.0,1.0,2.0,1.0,4.0,5.0,2.0,10.0,1.0,5.0,3.0,1.0,20.0,8.0,1.0,4.0,1.0,1.0,1.0,1.0,3.0,1.0,3.0,1.0,1.0,4.0,3.0,1.0,1.0,1.0,4.0,2.0,1.0,3.0,1.0,2.0,1.0,2.0,1.0,1.0,2.0,3.0,4.0,1.0,1.0,2.0,1.0,2.0,1.0,1.0,1.0,1.0,1.0,1.0,2.0,1.0,1.0,2.0,3.0,1.0,1.0,1.0,1.0,3.0,4.0,1.0,1.0,2.0,1.0,7.0,3.0,1.0,4.0,8.0,1.0,1.0,1.0,3.0,3.0,3.0,1.0,1.0,2.0,1.0,1.0,1.0,4.0,11.0,1.0,1.0,1.0,1.0,1.0,1.0,3.0,12.0,1.0,3.0,1.0,1.0,7.0,1.0,1.0,1.0,3.0,1.0,2.0,1.0,6.0,16.0,13.0,1.0,2.0,1.0,1.0,1.0,1.0,1.0,3.0,9.0,1.0,1.0,2.0,1.0,13.0,1.0,1.0,2.0,1.0,9.0,1.0,1.0,2.0,1.0,1.0,1.0,1.0,3.0,1.0,2.0,1.0,1.0,1.0,1.0,1.0,1.0,1.0,1.0,1.0,1.0,1.0,2.0,1.0,1.0,1.0,1.0,1.0,1.0,1.0,3.0,2.0,2.0,1.0,1.0,7.0,1.0,1.0,3.0,14.0,1.0,553.0,5.0,563.0,10.0,10.0,9.0,53.0,1.0,2.0,2.0,1.0,18.0,511.0,16.0,508.0,29.0,32.0,1.0,15.0,532.0,3.0,413.0,458.0,7.0,4.0,5.0,5.0,418.0,3.0,5.0,1.0,4.0,7.0,4.0,2.0,4.0,1.0,5.0,7.0,5.0,3.0,5.0,3.0,7.0,1.0,8.0,19.0,1.0,3.0,156.0,2.0,124.0,2.0,3.0,1.0,4.0,10.0,2.0,3.0,1.0,5.0,10.0,6.0,1.0,4.0,3.0,1.0,6.0,4.0,3.0,2.0,525.0,2.0,7.0,6.0,30.0,15.0,4.0,4.0,8.0,10.0,6.0,265.0,19.0,86.0,8.0,155.0,3.0,6.0,209.0,8.0,7.0,2.0,5.0,1.0,12.0,12.0,209.0,1.0,79.0,2.0,328.0,57.0,39.0,35.0,114.0,3.0,2.0,6.0,1.0,2.0,1.0,4.0,1.0,3.0,5.0,5.0,2.0,1.0,2.0,2.0,1.0,5.0,3.0,1.0,1.0,2.0,1.0,1.0,2.0,3.0,2.0,1.0,1.0,1.0,2.0,1.0,6.0,4.0,1.0,1.0,1.0,3.0,1.0,2.0,1.0,2.0,2.0,1.0,2.0,1.0,1.0,3.0,1.0,1.0,1.0,1.0,1.0,2.0,1.0,3.0,5.0,3.0,3.0,1.0,1.0,63.0,1.0,1.0,1.0,2.0,2.0,1.0,1.0,4.0,3.0,3.0,1.0,5.0,1.0,1.0,1.0,1.0,1.0,6.0,1.0,2.0,1.0,3.0,1.0,1.0,1.0,3.0,1.0,2.0,1.0,4.0,5.0,5.0,5.0,22.0,1.0,1.0,1.0,1.0,1.0,1.0,1.0,1.0,4.0,1.0,2.0,4.0,1.0,508.0,1.0,2.0,4.0,1.0,1.0,5.0,6.0,13.0,8.0,2.0,1.0,3.0,1.0,5.0,7.0,3.0,1.0,17.0,1.0,1.0,2.0,15.0,3.0,6.0,1.0,5.0,1.0,1.0,1.0,1.0,1.0,1.0,7.0,1.0,2.0,2.0,3.0,1.0,1.0,1.0,1.0,2.0,1.0,2.0,36.0,1.0,1.0,1.0,1.0,1.0,1.0,1.0,202.0,1.0,1.0,1.0,1.0,1.0,1.0,1.0,2.0,1.0,1.0,1.0,1.0,1.0,1.0,1.0,2.0,5.0,1.0,2.0,492.0,7.0,1.0,6.0,1.0,1.0,4.0,4.0,1.0,1.0,1.0,1.0,1.0,8.0,2.0,7.0,12.0,3.0,5.0,2.0,1.0,1.0,1.0,2.0,1.0,1.0,8.0,3.0,1.0,1.0,1.0,3.0,13.0,1.0,3.0,2.0,1.0,2.0,1.0,2.0,8.0,1.0,1.0,1.0,2.0,1.0,2.0,1.0,1.0,1.0,1.0,1.0,1.0,1.0,252.0,1.0,2.0,35.0,8.0,12.0,24.0,43.0,67.0,4.0,3.0,11.0,11.0,6.0,2.0,1.0,3.0,5.0,8.0,1.0,4.0,1.0,1.0,31.0,14.0
2023-12-11,1.0,1.0,1.0,1.0,1.0,1.0,2.0,4.0,1.0,1.0,1.0,2.0,3.0,1.0,1.0,1.0,1.0,2.0,3.0,1.0,1.0,2.0,2.0,1.0,1.0,1.0,1.0,1.0,1.0,1.0,2.0,1.0,2.0,1.0,1.0,310.0,1.0,1.0,1.0,1.0,1.0,1.0,1.0,1.0,1.0,1.0,1.0,1.0,1.0,2.0,1.0,1.0,1.0,1.0,1.0,1.0,2.0,1.0,1.0,1.0,2.0,1.0,2.0,1.0,1.0,2.0,3.0,1.0,1.0,1.0,1.0,1.0,2.0,1.0,1.0,1.0,1.0,1.0,1.0,1.0,1.0,1.0,1.0,1.0,2.0,2.0,1.0,2.0,2.0,1.0,1.0,3.0,2.0,1.0,1.0,1.0,1.0,3.0,1.0,3.0,2.0,1.0,1.0,2.0,1.0,3.0,3.0,2.0,3.0,1.0,1.0,2.0,1.0,1.0,1.0,1.0,2.0,1.0,1.0,1.0,1.0,1.0,1.0,1.0,1.0,1.0,2.0,1.0,1.0,1.0,2.0,1.0,1.0,1.0,1.0,1.0,1.0,1.0,1.0,1.0,1.0,1.0,1.0,1.0,1.0,1.0,1.0,1.0,1.0,1.0,1.0,1.0,1.0,1.0,1.0,1.0,1.0,1.0,1.0,2.0,1.0,2.0,1.0,2.0,2.0,1.0,2.0,1.0,1.0,1.0,1.0,1.0,1.0,1.0,1.0,1.0,1.0,15.0,4.0,1.0,1.0,1.0,1.0,1.0,1.0,1.0,2.0,1.0,1.0,1.0,3.0,2.0,1.0,1.0,1.0,1.0,2.0,1.0,1.0,1.0,1.0,1.0,2.0,1.0,1.0,1.0,1.0,1.0,1.0,1.0,1.0,2.0,1.0,1.0,2.0,1.0,1.0,1.0,1.0,1.0,1.0,1.0,1.0,1.0,1.0,1.0,1.0,1.0,1.0,1.0,1.0,1.0,2.0,6.0,553.0,1.0,563.0,1.0,1.0,3.0,1.0,1.0,1.0,1.0,1.0,1.0,511.0,1.0,508.0,2.0,4.0,1.0,1.0,532.0,2.0,413.0,423.0,4.0,3.0,1.0,1.0,516.0,3.0,3.0,1.0,3.0,7.0,4.0,2.0,2.0,2.0,2.0,11.0,1.0,3.0,2.0,3.0,7.0,3.0,2.0,4.0,2.0,3.0,237.0,1.0,128.0,2.0,3.0,1.0,2.0,5.0,2.0,2.0,1.0,1.0,6.0,4.0,4.0,3.0,4.0,1.0,6.0,4.0,3.0,2.0,530.0,2.0,3.0,5.0,8.0,3.0,2.0,7.0,5.0,1.0,1.0,265.0,3.0,26.0,2.0,155.0,1.0,3.0,164.0,2.0,5.0,2.0,2.0,2.0,3.0,1.0,209.0,1.0,6.0,2.0,269.0,1.0,3.0,3.0,3.0,2.0,2.0,6.0,1.0,2.0,3.0,5.0,4.0,6.0,2.0,1.0,2.0,2.0,3.0,2.0,1.0,1.0,3.0,2.0,1.0,2.0,1.0,2.0,1.0,3.0,2.0,1.0,3.0,4.0,2.0,3.0,1.0,5.0,3.0,2.0,1.0,1.0,1.0,1.0,1.0,1.0,1.0,1.0,1.0,2.0,1.0,1.0,1.0,1.0,1.0,1.0,1.0,1.0,2.0,1.0,2.0,1.0,1.0,1.0,57.0,327.0,1.0,1.0,1.0,2.0,1.0,2.0,1.0,1.0,1.0,1.0,1.0,1.0,2.0,1.0,1.0,1.0,2.0,3.0,1.0,2.0,1.0,461.0,1.0,2.0,1.0,1.0,2.0,1.0,1.0,2.0,3.0,1.0,1.0,4.0,1.0,1.0,1.0,1.0,1.0,1.0,1.0,1.0,1.0,1.0,1.0,1.0,1.0,550.0,1.0,2.0,2.0,1.0,1.0,1.0,1.0,1.0,2.0,2.0,1.0,4.0,1.0,1.0,3.0,1.0,1.0,1.0,1.0,1.0,3.0,1.0,3.0,2.0,1.0,3.0,1.0,4.0,1.0,1.0,1.0,5.0,1.0,2.0,1.0,1.0,5.0,1.0,2.0,2.0,3.0,1.0,2.0,1.0,1.0,1.0,1.0,1.0,1.0,1.0,1.0,2.0,590.0,1.0,1.0,1.0,1.0,1.0,2.0,1.0,1.0,2.0,1.0,1.0,1.0,1.0,1.0,1.0,1.0,2.0,2.0,6.0,359.0,1.0,3.0,3.0,1.0,1.0,1.0,2.0,1.0,1.0,1.0,1.0,1.0,2.0,2.0,1.0,1.0,1.0,1.0,1.0,1.0,1.0,1.0,1.0,1.0,1.0,1.0,1.0,1.0,1.0,1.0,1.0,1.0,4.0,3.0,1.0,1.0,5.0,2.0,1.0,1.0,1.0,2.0,1.0,1.0,3.0,1.0,2.0,1.0,4.0,1.0,2.0,1.0,1.0,228.0,1.0,2.0,20.0,1.0,2.0,1.0,1.0,12.0,3.0,6.0,8.0,9.0,5.0,1.0,2.0,5.0,3.0,1.0,1.0,1.0,1.0,1.0,1.0,1.0
2023-12-12,1.0,1.0,1.0,1.0,1.0,1.0,2.0,6.0,1.0,1.0,1.0,1.0,1.0,1.0,1.0,1.0,1.0,2.0,1.0,1.0,1.0,2.0,1.0,1.0,1.0,1.0,1.0,1.0,1.0,1.0,1.0,1.0,2.0,1.0,1.0,310.0,1.0,1.0,1.0,1.0,1.0,1.0,1.0,2.0,1.0,1.0,1.0,1.0,1.0,1.0,1.0,1.0,1.0,1.0,1.0,1.0,1.0,2.0,1.0,1.0,1.0,1.0,1.0,1.0,1.0,1.0,1.0,1.0,1.0,1.0,1.0,1.0,1.0,1.0,1.0,1.0,2.0,1.0,1.0,1.0,1.0,1.0,1.0,1.0,1.0,1.0,1.0,1.0,2.0,1.0,1.0,1.0,1.0,1.0,1.0,1.0,1.0,3.0,3.0,3.0,2.0,1.0,1.0,1.0,2.0,4.0,2.0,1.0,2.0,2.0,2.0,1.0,1.0,1.0,1.0,1.0,3.0,1.0,1.0,1.0,1.0,1.0,1.0,1.0,1.0,1.0,1.0,1.0,1.0,1.0,1.0,1.0,1.0,1.0,1.0,1.0,1.0,1.0,1.0,1.0,1.0,1.0,1.0,1.0,1.0,1.0,1.0,1.0,1.0,1.0,1.0,1.0,1.0,1.0,1.0,1.0,1.0,1.0,1.0,2.0,1.0,1.0,1.0,1.0,1.0,1.0,1.0,1.0,1.0,1.0,3.0,1.0,1.0,1.0,1.0,1.0,1.0,1.0,1.0,1.0,1.0,1.0,1.0,1.0,1.0,1.0,1.0,1.0,1.0,1.0,1.0,2.0,1.0,1.0,1.0,2.0,1.0,1.0,1.0,1.0,1.0,1.0,1.0,2.0,1.0,1.0,1.0,1.0,1.0,1.0,2.0,1.0,1.0,1.0,1.0,1.0,1.0,1.0,1.0,1.0,1.0,1.0,1.0,1.0,1.0,1.0,1.0,1.0,1.0,1.0,1.0,1.0,1.0,2.0,553.0,1.0,563.0,1.0,1.0,1.0,1.0,1.0,1.0,1.0,1.0,1.0,511.0,1.0,508.0,2.0,3.0,1.0,1.0,532.0,1.0,413.0,433.0,2.0,1.0,5.0,1.0,489.0,2.0,2.0,7.0,3.0,4.0,3.0,2.0,4.0,5.0,6.0,8.0,2.0,6.0,1.0,3.0,6.0,5.0,3.0,4.0,2.0,2.0,240.0,2.0,139.0,2.0,1.0,4.0,4.0,5.0,2.0,3.0,2.0,5.0,6.0,3.0,1.0,2.0,3.0,1.0,5.0,2.0,2.0,1.0,519.0,2.0,3.0,1.0,3.0,3.0,2.0,6.0,2.0,3.0,1.0,265.0,3.0,34.0,3.0,155.0,1.0,2.0,174.0,2.0,2.0,2.0,2.0,2.0,3.0,1.0,209.0,1.0,3.0,1.0,252.0,2.0,2.0,5.0,5.0,2.0,1.0,3.0,1.0,1.0,1.0,2.0,2.0,2.0,2.0,1.0,1.0,1.0,2.0,1.0,1.0,2.0,1.0,2.0,3.0,2.0,1.0,1.0,1.0,1.0,1.0,1.0,1.0,1.0,1.0,1.0,1.0,2.0,1.0,3.0,1.0,1.0,1.0,1.0,1.0,2.0,1.0,1.0,1.0,1.0,1.0,1.0,1.0,1.0,1.0,1.0,1.0,1.0,1.0,1.0,1.0,1.0,2.0,1.0,1.0,1.0,1.0,1.0,1.0,2.0,1.0,2.0,1.0,1.0,1.0,1.0,1.0,2.0,1.0,1.0,1.0,1.0,1.0,1.0,1.0,2.0,1.0,50.0,1.0,1.0,1.0,1.0,1.0,2.0,1.0,1.0,1.0,1.0,1.0,1.0,1.0,1.0,1.0,1.0,1.0,1.0,1.0,1.0,1.0,1.0,1.0,1.0,1.0,1.0,1.0,1.0,1.0,1.0,1.0,1.0,1.0,1.0,2.0,1.0,1.0,3.0,2.0,1.0,2.0,1.0,1.0,1.0,1.0,1.0,2.0,2.0,1.0,1.0,1.0,1.0,1.0,1.0,1.0,2.0,1.0,1.0,1.0,1.0,1.0,1.0,1.0,1.0,1.0,1.0,1.0,1.0,2.0,1.0,1.0,1.0,1.0,1.0,1.0,1.0,1.0,1.0,2.0,1.0,1.0,1.0,240.0,1.0,1.0,2.0,1.0,1.0,1.0,1.0,1.0,1.0,1.0,1.0,1.0,1.0,2.0,1.0,1.0,1.0,2.0,1.0,2.0,2.0,1.0,3.0,2.0,1.0,1.0,1.0,1.0,1.0,2.0,1.0,1.0,1.0,1.0,1.0,1.0,1.0,1.0,1.0,1.0,1.0,1.0,1.0,1.0,1.0,1.0,1.0,1.0,1.0,1.0,1.0,1.0,3.0,1.0,1.0,1.0,1.0,1.0,1.0,1.0,1.0,1.0,1.0,2.0,44.0,1.0,1.0,1.0,2.0,218.0,1.0,1.0,1.0,2.0,1.0,1.0,1.0,2.0,1.0,3.0,2.0,1.0,1.0,3.0,1.0,1.0,4.0,1.0,1.0,1.0,1.0,1.0,1.0,1.0
2023-12-13,1.0,1.0,1.0,1.0,1.0,1.0,1.0,10.0,1.0,1.0,1.0,1.0,1.0,1.0,1.0,1.0,1.0,1.0,1.0,1.0,1.0,1.0,1.0,1.0,1.0,1.0,1.0,1.0,1.0,1.0,2.0,1.0,1.0,1.0,1.0,310.0,1.0,1.0,1.0,1.0,1.0,1.0,1.0,1.0,1.0,1.0,1.0,1.0,1.0,1.0,1.0,1.0,1.0,1.0,1.0,1.0,1.0,1.0,1.0,1.0,1.0,1.0,1.0,2.0,1.0,1.0,1.0,1.0,1.0,1.0,1.0,1.0,1.0,1.0,1.0,1.0,1.0,1.0,1.0,1.0,1.0,74.0,1.0,1.0,2.0,1.0,1.0,1.0,1.0,8.0,1.0,1.0,1.0,1.0,1.0,1.0,1.0,2.0,1.0,1.0,1.0,1.0,1.0,2.0,1.0,2.0,1.0,1.0,1.0,1.0,2.0,1.0,1.0,1.0,1.0,1.0,2.0,1.0,1.0,1.0,1.0,1.0,1.0,1.0,1.0,1.0,2.0,1.0,1.0,1.0,1.0,1.0,1.0,1.0,1.0,1.0,1.0,1.0,1.0,1.0,1.0,1.0,1.0,1.0,1.0,1.0,1.0,1.0,1.0,1.0,1.0,1.0,1.0,1.0,1.0,1.0,1.0,1.0,1.0,2.0,1.0,2.0,1.0,1.0,1.0,1.0,1.0,1.0,1.0,1.0,1.0,1.0,1.0,1.0,1.0,1.0,1.0,1.0,1.0,1.0,1.0,1.0,1.0,2.0,1.0,1.0,1.0,1.0,1.0,1.0,1.0,1.0,1.0,1.0,1.0,1.0,1.0,1.0,1.0,1.0,1.0,1.0,1.0,2.0,1.0,1.0,1.0,1.0,1.0,1.0,2.0,1.0,1.0,1.0,1.0,1.0,1.0,1.0,1.0,1.0,1.0,1.0,1.0,1.0,1.0,4.0,1.0,1.0,1.0,1.0,1.0,1.0,1.0,1.0,553.0,1.0,563.0,1.0,1.0,1.0,8.0,1.0,1.0,1.0,1.0,1.0,511.0,1.0,508.0,2.0,2.0,1.0,1.0,532.0,2.0,413.0,435.0,2.0,1.0,2.0,1.0,498.0,1.0,4.0,5.0,1.0,7.0,5.0,1.0,7.0,1.0,4.0,10.0,4.0,1.0,3.0,2.0,8.0,2.0,2.0,4.0,2.0,2.0,236.0,1.0,125.0,2.0,2.0,3.0,4.0,5.0,1.0,3.0,2.0,1.0,2.0,4.0,2.0,1.0,3.0,1.0,7.0,2.0,3.0,2.0,518.0,1.0,3.0,3.0,2.0,4.0,1.0,6.0,3.0,1.0,1.0,265.0,3.0,3.0,3.0,155.0,1.0,2.0,193.0,2.0,2.0,2.0,2.0,3.0,2.0,1.0,209.0,1.0,6.0,1.0,208.0,2.0,2.0,6.0,3.0,2.0,2.0,3.0,1.0,1.0,1.0,3.0,1.0,4.0,2.0,3.0,5.0,1.0,1.0,1.0,1.0,2.0,4.0,4.0,2.0,3.0,1.0,1.0,1.0,3.0,1.0,1.0,1.0,1.0,1.0,1.0,1.0,1.0,2.0,3.0,1.0,1.0,1.0,1.0,1.0,1.0,25.0,1.0,1.0,1.0,1.0,1.0,1.0,1.0,1.0,1.0,1.0,1.0,2.0,2.0,1.0,1.0,2.0,1.0,1.0,1.0,1.0,1.0,1.0,1.0,1.0,1.0,2.0,1.0,1.0,1.0,1.0,1.0,1.0,1.0,1.0,2.0,2.0,1.0,1.0,1.0,1.0,2.0,1.0,1.0,2.0,1.0,2.0,1.0,1.0,1.0,1.0,1.0,1.0,1.0,1.0,1.0,1.0,1.0,1.0,1.0,1.0,1.0,1.0,1.0,152.0,1.0,1.0,424.0,2.0,3.0,1.0,1.0,1.0,1.0,2.0,1.0,2.0,1.0,1.0,3.0,2.0,1.0,1.0,1.0,1.0,1.0,1.0,2.0,1.0,1.0,1.0,1.0,1.0,1.0,1.0,1.0,2.0,1.0,1.0,1.0,2.0,1.0,2.0,1.0,2.0,1.0,1.0,1.0,1.0,1.0,1.0,1.0,1.0,1.0,1.0,1.0,1.0,1.0,1.0,1.0,1.0,1.0,1.0,1.0,1.0,1.0,1.0,1.0,1.0,1.0,1.0,1.0,1.0,1.0,1.0,1.0,1.0,1.0,1.0,1.0,1.0,1.0,2.0,1.0,3.0,3.0,1.0,1.0,1.0,1.0,2.0,1.0,1.0,1.0,1.0,1.0,1.0,1.0,1.0,1.0,1.0,1.0,1.0,1.0,1.0,1.0,1.0,1.0,1.0,1.0,1.0,1.0,1.0,1.0,1.0,1.0,1.0,1.0,1.0,3.0,1.0,1.0,1.0,7.0,1.0,1.0,1.0,1.0,2.0,1.0,1.0,1.0,1.0,2.0,245.0,1.0,1.0,1.0,2.0,1.0,1.0,1.0,3.0,1.0,1.0,2.0,1.0,1.0,1.0,2.0,1.0,3.0,1.0,1.0,1.0,1.0,1.0,1.0,1.0
2023-12-14,1.0,1.0,1.0,1.0,1.0,1.0,1.0,4.0,1.0,1.0,1.0,1.0,1.0,1.0,1.0,1.0,1.0,4.0,3.0,4.0,2.0,1.0,1.0,1.0,1.0,1.0,1.0,1.0,1.0,1.0,1.0,1.0,1.0,1.0,1.0,310.0,1.0,1.0,1.0,1.0,1.0,1.0,1.0,1.0,1.0,1.0,1.0,1.0,1.0,1.0,1.0,1.0,1.0,1.0,1.0,1.0,1.0,1.0,1.0,1.0,2.0,1.0,1.0,1.0,1.0,2.0,3.0,1.0,1.0,1.0,1.0,1.0,1.0,1.0,1.0,1.0,1.0,1.0,1.0,1.0,1.0,1.0,1.0,1.0,2.0,1.0,2.0,1.0,1.0,1.0,1.0,1.0,1.0,1.0,1.0,1.0,1.0,3.0,4.0,2.0,1.0,2.0,1.0,1.0,1.0,1.0,1.0,1.0,1.0,2.0,1.0,1.0,1.0,1.0,1.0,1.0,2.0,1.0,1.0,1.0,1.0,1.0,1.0,1.0,1.0,1.0,1.0,1.0,1.0,1.0,1.0,1.0,1.0,1.0,1.0,1.0,1.0,1.0,1.0,1.0,1.0,1.0,2.0,1.0,1.0,1.0,1.0,1.0,1.0,1.0,1.0,1.0,1.0,1.0,1.0,1.0,1.0,1.0,1.0,2.0,2.0,1.0,1.0,1.0,3.0,1.0,1.0,1.0,1.0,1.0,1.0,1.0,1.0,1.0,1.0,1.0,1.0,1.0,1.0,1.0,1.0,1.0,1.0,1.0,1.0,1.0,1.0,1.0,1.0,1.0,1.0,2.0,1.0,1.0,1.0,2.0,1.0,1.0,1.0,1.0,1.0,1.0,1.0,2.0,1.0,1.0,1.0,1.0,1.0,1.0,1.0,1.0,1.0,1.0,1.0,1.0,1.0,1.0,1.0,1.0,1.0,1.0,1.0,1.0,2.0,2.0,1.0,1.0,1.0,1.0,1.0,1.0,1.0,1.0,553.0,1.0,563.0,1.0,2.0,1.0,1.0,1.0,1.0,1.0,1.0,1.0,511.0,1.0,508.0,2.0,2.0,1.0,1.0,532.0,2.0,413.0,423.0,2.0,2.0,5.0,1.0,474.0,2.0,3.0,3.0,3.0,5.0,3.0,1.0,3.0,1.0,5.0,8.0,3.0,2.0,3.0,2.0,7.0,3.0,2.0,4.0,2.0,3.0,243.0,1.0,144.0,1.0,2.0,3.0,4.0,5.0,1.0,3.0,1.0,4.0,4.0,1.0,1.0,1.0,2.0,2.0,1.0,2.0,2.0,1.0,528.0,1.0,3.0,4.0,2.0,3.0,2.0,4.0,3.0,4.0,2.0,265.0,3.0,4.0,2.0,155.0,1.0,2.0,189.0,1.0,1.0,2.0,2.0,1.0,2.0,1.0,209.0,1.0,3.0,1.0,206.0,1.0,2.0,4.0,3.0,2.0,1.0,3.0,1.0,5.0,6.0,1.0,1.0,2.0,4.0,2.0,1.0,1.0,1.0,1.0,4.0,3.0,2.0,1.0,2.0,3.0,4.0,1.0,1.0,3.0,1.0,1.0,1.0,2.0,1.0,1.0,1.0,3.0,4.0,3.0,1.0,1.0,1.0,1.0,1.0,1.0,1.0,1.0,1.0,1.0,1.0,1.0,2.0,1.0,1.0,1.0,1.0,1.0,1.0,2.0,1.0,1.0,2.0,1.0,1.0,2.0,1.0,1.0,1.0,1.0,2.0,2.0,1.0,2.0,1.0,1.0,1.0,1.0,1.0,1.0,1.0,1.0,1.0,1.0,1.0,1.0,1.0,1.0,1.0,1.0,1.0,2.0,2.0,1.0,1.0,1.0,1.0,1.0,1.0,2.0,1.0,1.0,2.0,1.0,1.0,1.0,1.0,2.0,1.0,1.0,86.0,1.0,1.0,552.0,1.0,1.0,1.0,1.0,1.0,1.0,1.0,1.0,2.0,1.0,1.0,4.0,3.0,1.0,2.0,1.0,1.0,1.0,1.0,2.0,1.0,1.0,1.0,1.0,1.0,1.0,2.0,1.0,2.0,1.0,1.0,1.0,1.0,2.0,1.0,1.0,1.0,1.0,1.0,1.0,1.0,1.0,2.0,1.0,1.0,2.0,1.0,1.0,1.0,1.0,1.0,1.0,1.0,1.0,1.0,1.0,1.0,1.0,1.0,2.0,1.0,1.0,1.0,1.0,1.0,1.0,1.0,1.0,1.0,1.0,2.0,1.0,1.0,1.0,1.0,1.0,3.0,1.0,1.0,3.0,2.0,1.0,1.0,1.0,1.0,1.0,1.0,1.0,1.0,1.0,1.0,1.0,1.0,1.0,1.0,1.0,1.0,1.0,1.0,1.0,1.0,1.0,1.0,1.0,1.0,1.0,1.0,1.0,1.0,2.0,1.0,1.0,4.0,1.0,2.0,1.0,1.0,1.0,2.0,1.0,1.0,2.0,1.0,1.0,1.0,1.0,246.0,1.0,2.0,1.0,1.0,1.0,1.0,1.0,2.0,1.0,6.0,1.0,1.0,1.0,3.0,2.0,1.0,2.0,1.0,1.0,1.0,1.0,1.0,1.0,1.0
2023-12-15,2.0,1.0,1.0,1.0,1.0,1.0,1.0,9.0,1.0,1.0,1.0,1.0,1.0,1.0,2.0,1.0,1.0,1.0,1.0,1.0,1.0,2.0,1.0,2.0,1.0,1.0,1.0,1.0,1.0,1.0,1.0,3.0,2.0,1.0,1.0,310.0,1.0,1.0,1.0,1.0,1.0,1.0,2.0,1.0,1.0,1.0,1.0,1.0,1.0,1.0,1.0,1.0,3.0,1.0,2.0,1.0,1.0,1.0,1.0,1.0,1.0,2.0,1.0,1.0,1.0,1.0,1.0,1.0,1.0,1.0,1.0,1.0,1.0,1.0,1.0,1.0,2.0,1.0,1.0,1.0,1.0,1.0,1.0,1.0,2.0,1.0,1.0,2.0,1.0,1.0,1.0,1.0,2.0,1.0,1.0,1.0,1.0,1.0,1.0,1.0,1.0,1.0,1.0,1.0,1.0,3.0,1.0,1.0,3.0,1.0,1.0,2.0,1.0,1.0,2.0,1.0,2.0,1.0,1.0,1.0,1.0,1.0,3.0,1.0,1.0,1.0,2.0,1.0,1.0,1.0,1.0,2.0,1.0,1.0,1.0,1.0,1.0,2.0,1.0,1.0,1.0,1.0,1.0,1.0,2.0,1.0,1.0,1.0,1.0,1.0,1.0,1.0,1.0,1.0,1.0,2.0,1.0,1.0,1.0,2.0,3.0,1.0,1.0,1.0,1.0,1.0,1.0,1.0,1.0,1.0,1.0,1.0,1.0,1.0,1.0,1.0,1.0,1.0,1.0,3.0,3.0,1.0,1.0,1.0,1.0,1.0,2.0,1.0,1.0,1.0,1.0,1.0,1.0,1.0,1.0,2.0,1.0,1.0,1.0,1.0,1.0,1.0,1.0,1.0,1.0,1.0,1.0,1.0,1.0,1.0,1.0,1.0,1.0,1.0,1.0,1.0,1.0,1.0,1.0,1.0,1.0,3.0,1.0,1.0,1.0,1.0,1.0,1.0,1.0,1.0,1.0,1.0,1.0,1.0,553.0,1.0,563.0,1.0,1.0,1.0,2.0,1.0,1.0,1.0,1.0,1.0,198.0,1.0,309.0,1.0,1.0,1.0,1.0,290.0,2.0,73.0,46.0,4.0,2.0,329.0,1.0,517.0,2.0,1.0,1.0,1.0,4.0,2.0,4.0,4.0,2.0,4.0,4.0,4.0,1.0,6.0,6.0,4.0,7.0,1.0,1.0,1.0,1.0,275.0,8.0,106.0,5.0,3.0,2.0,3.0,8.0,1.0,1.0,1.0,3.0,1.0,1.0,2.0,1.0,1.0,2.0,1.0,6.0,1.0,1.0,389.0,2.0,2.0,1.0,35.0,3.0,2.0,1.0,2.0,1.0,1.0,240.0,41.0,106.0,5.0,30.0,1.0,1.0,6.0,1.0,2.0,2.0,39.0,2.0,2.0,34.0,70.0,2.0,51.0,2.0,84.0,2.0,3.0,4.0,1.0,2.0,2.0,13.0,1.0,1.0,1.0,1.0,3.0,4.0,4.0,1.0,1.0,2.0,1.0,1.0,2.0,3.0,2.0,1.0,2.0,3.0,2.0,1.0,1.0,1.0,3.0,2.0,1.0,2.0,3.0,2.0,5.0,4.0,1.0,1.0,1.0,1.0,1.0,2.0,1.0,1.0,1.0,1.0,1.0,1.0,1.0,1.0,1.0,1.0,1.0,1.0,1.0,1.0,2.0,3.0,1.0,1.0,2.0,1.0,101.0,1.0,1.0,1.0,1.0,2.0,1.0,2.0,1.0,1.0,1.0,1.0,1.0,2.0,1.0,1.0,1.0,1.0,1.0,1.0,1.0,1.0,1.0,18.0,1.0,1.0,1.0,1.0,1.0,1.0,1.0,1.0,1.0,1.0,1.0,1.0,1.0,1.0,1.0,1.0,1.0,1.0,1.0,2.0,1.0,1.0,43.0,1.0,2.0,1.0,2.0,1.0,1.0,1.0,1.0,1.0,2.0,1.0,1.0,2.0,1.0,3.0,1.0,1.0,2.0,1.0,1.0,1.0,1.0,1.0,1.0,1.0,1.0,2.0,1.0,1.0,1.0,1.0,1.0,2.0,1.0,1.0,1.0,1.0,1.0,1.0,2.0,1.0,1.0,1.0,1.0,1.0,2.0,1.0,1.0,1.0,1.0,1.0,1.0,1.0,1.0,1.0,1.0,1.0,1.0,1.0,1.0,1.0,1.0,2.0,2.0,1.0,1.0,1.0,1.0,1.0,1.0,1.0,1.0,1.0,1.0,1.0,1.0,1.0,1.0,4.0,1.0,1.0,1.0,3.0,1.0,1.0,2.0,1.0,1.0,1.0,2.0,2.0,1.0,1.0,1.0,1.0,1.0,1.0,1.0,1.0,1.0,1.0,1.0,1.0,1.0,1.0,1.0,1.0,1.0,1.0,1.0,1.0,1.0,2.0,1.0,1.0,1.0,1.0,1.0,1.0,1.0,1.0,1.0,1.0,1.0,7.0,1.0,1.0,1.0,2.0,269.0,1.0,1.0,1.0,14.0,11.0,1.0,1.0,1.0,1.0,5.0,1.0,1.0,2.0,1.0,4.0,1.0,2.0,1.0,1.0,1.0,1.0,1.0,1.0,1.0
2023-12-16,4.0,2.0,1.0,1.0,1.0,1.0,2.0,19.0,1.0,1.0,2.0,1.0,1.0,2.0,1.0,3.0,1.0,2.0,2.0,1.0,1.0,2.0,1.0,1.0,1.0,1.0,1.0,1.0,2.0,1.0,7.0,6.0,1.0,5.0,1.0,310.0,1.0,1.0,1.0,1.0,2.0,1.0,2.0,1.0,2.0,1.0,1.0,1.0,1.0,2.0,1.0,1.0,2.0,1.0,1.0,1.0,1.0,2.0,2.0,1.0,2.0,2.0,1.0,1.0,1.0,1.0,3.0,1.0,1.0,1.0,1.0,1.0,1.0,2.0,1.0,1.0,2.0,1.0,1.0,1.0,1.0,159.0,1.0,1.0,1.0,1.0,1.0,4.0,1.0,13.0,2.0,5.0,1.0,1.0,1.0,1.0,1.0,2.0,1.0,3.0,3.0,1.0,1.0,1.0,2.0,3.0,3.0,3.0,1.0,1.0,1.0,2.0,1.0,1.0,1.0,1.0,2.0,1.0,1.0,1.0,1.0,1.0,1.0,1.0,1.0,1.0,1.0,1.0,2.0,1.0,1.0,1.0,1.0,1.0,1.0,1.0,1.0,2.0,1.0,2.0,1.0,1.0,2.0,1.0,2.0,1.0,1.0,1.0,1.0,1.0,1.0,1.0,1.0,2.0,1.0,1.0,1.0,1.0,1.0,1.0,2.0,7.0,1.0,1.0,4.0,3.0,1.0,2.0,1.0,1.0,1.0,1.0,1.0,1.0,4.0,1.0,3.0,1.0,1.0,1.0,1.0,1.0,1.0,1.0,1.0,2.0,1.0,1.0,1.0,1.0,1.0,1.0,1.0,1.0,1.0,2.0,1.0,1.0,1.0,1.0,1.0,1.0,2.0,1.0,1.0,1.0,1.0,1.0,1.0,1.0,1.0,1.0,1.0,1.0,1.0,1.0,2.0,1.0,1.0,1.0,3.0,1.0,2.0,6.0,3.0,2.0,1.0,1.0,1.0,1.0,1.0,3.0,1.0,1.0,553.0,2.0,563.0,2.0,8.0,1.0,1.0,1.0,1.0,1.0,2.0,1.0,1.0,1.0,1.0,1.0,1.0,1.0,2.0,17.0,1.0,1.0,1.0,1.0,2.0,2.0,2.0,1.0,1.0,2.0,3.0,1.0,1.0,1.0,1.0,1.0,1.0,3.0,5.0,2.0,1.0,4.0,1.0,1.0,1.0,1.0,2.0,1.0,1.0,3.0,1.0,1.0,1.0,2.0,1.0,4.0,2.0,1.0,2.0,1.0,1.0,2.0,1.0,2.0,1.0,1.0,1.0,1.0,3.0,1.0,1.0,5.0,1.0,1.0,1.0,1.0,1.0,1.0,17.0,1.0,1.0,1.0,2.0,3.0,1.0,1.0,2.0,2.0,5.0,1.0,3.0,1.0,1.0,1.0,1.0,3.0,1.0,1.0,1.0,1.0,2.0,1.0,4.0,1.0,3.0,1.0,2.0,1.0,1.0,1.0,5.0,2.0,2.0,2.0,4.0,2.0,1.0,6.0,2.0,1.0,1.0,2.0,1.0,1.0,1.0,2.0,1.0,4.0,1.0,1.0,1.0,1.0,1.0,1.0,3.0,1.0,1.0,5.0,3.0,1.0,1.0,1.0,1.0,1.0,1.0,1.0,1.0,52.0,1.0,1.0,177.0,1.0,2.0,1.0,1.0,1.0,1.0,1.0,1.0,1.0,1.0,1.0,1.0,2.0,1.0,1.0,1.0,1.0,1.0,1.0,2.0,1.0,2.0,1.0,3.0,1.0,1.0,1.0,1.0,1.0,1.0,2.0,1.0,1.0,2.0,1.0,3.0,1.0,389.0,1.0,1.0,1.0,1.0,9.0,15.0,1.0,1.0,2.0,1.0,1.0,2.0,8.0,1.0,1.0,1.0,1.0,1.0,1.0,2.0,1.0,1.0,2.0,1.0,1.0,2.0,1.0,2.0,1.0,1.0,1.0,1.0,2.0,1.0,2.0,2.0,1.0,5.0,1.0,2.0,3.0,1.0,1.0,3.0,1.0,2.0,2.0,1.0,1.0,3.0,2.0,2.0,2.0,1.0,2.0,1.0,1.0,1.0,1.0,1.0,1.0,3.0,3.0,1.0,1.0,11.0,1.0,2.0,1.0,1.0,1.0,2.0,1.0,1.0,1.0,1.0,1.0,1.0,1.0,1.0,1.0,1.0,2.0,1.0,1.0,4.0,1.0,2.0,1.0,1.0,1.0,1.0,1.0,1.0,4.0,1.0,2.0,1.0,1.0,3.0,2.0,1.0,1.0,3.0,2.0,2.0,1.0,1.0,2.0,1.0,2.0,1.0,1.0,2.0,1.0,1.0,1.0,1.0,1.0,1.0,1.0,1.0,1.0,1.0,1.0,1.0,1.0,1.0,1.0,1.0,1.0,1.0,2.0,1.0,4.0,1.0,1.0,3.0,4.0,1.0,1.0,1.0,1.0,1.0,2.0,1.0,1.0,1.0,1.0,1.0,1.0,3.0,315.0,2.0,1.0,54.0,10.0,5.0,2.0,3.0,57.0,3.0,2.0,9.0,12.0,7.0,2.0,1.0,3.0,3.0,7.0,1.0,2.0,1.0,1.0,31.0,3.0
2023-12-17,1.0,2.0,1.0,1.0,1.0,1.0,3.0,1.0,1.0,1.0,1.0,1.0,1.0,1.0,3.0,1.0,1.0,1.0,1.0,4.0,2.0,1.0,1.0,1.0,1.0,1.0,1.0,2.0,1.0,1.0,5.0,3.0,2.0,16.0,1.0,310.0,1.0,1.0,1.0,2.0,1.0,1.0,1.0,1.0,1.0,3.0,122.0,1.0,1.0,19.0,2.0,1.0,1.0,1.0,1.0,7.0,2.0,1.0,1.0,2.0,15.0,1.0,2.0,5.0,3.0,2.0,1.0,4.0,1.0,1.0,1.0,1.0,5.0,2.0,1.0,1.0,5.0,2.0,1.0,1.0,4.0,33.0,1.0,1.0,1.0,8.0,23.0,1.0,3.0,6.0,1.0,1.0,7.0,13.0,1.0,1.0,1.0,1.0,2.0,4.0,1.0,2.0,2.0,1.0,2.0,3.0,4.0,1.0,3.0,2.0,1.0,2.0,8.0,1.0,2.0,1.0,2.0,2.0,1.0,1.0,1.0,1.0,4.0,3.0,1.0,1.0,16.0,2.0,1.0,11.0,1.0,110.0,2.0,1.0,2.0,1.0,5.0,1.0,2.0,1.0,1.0,1.0,2.0,2.0,1.0,1.0,1.0,1.0,5.0,2.0,3.0,4.0,1.0,1.0,1.0,1.0,2.0,1.0,7.0,12.0,7.0,3.0,1.0,6.0,1.0,2.0,1.0,1.0,1.0,1.0,1.0,1.0,1.0,2.0,1.0,1.0,1.0,2.0,1.0,2.0,1.0,1.0,1.0,1.0,1.0,3.0,1.0,2.0,1.0,1.0,1.0,2.0,3.0,1.0,1.0,2.0,2.0,1.0,1.0,1.0,2.0,8.0,169.0,1.0,1.0,1.0,1.0,2.0,1.0,3.0,34.0,14.0,1.0,1.0,1.0,2.0,1.0,1.0,1.0,1.0,1.0,2.0,1.0,4.0,2.0,1.0,6.0,5.0,1.0,1.0,1.0,1.0,2.0,2.0,553.0,9.0,563.0,3.0,4.0,2.0,1.0,1.0,6.0,1.0,2.0,1.0,2.0,1.0,1.0,1.0,1.0,1.0,107.0,94.0,5.0,65.0,1.0,4.0,1.0,2.0,1.0,1.0,1.0,6.0,1.0,1.0,1.0,2.0,3.0,2.0,1.0,3.0,8.0,2.0,1.0,6.0,4.0,4.0,1.0,1.0,2.0,1.0,1.0,1.0,1.0,1.0,1.0,3.0,3.0,2.0,20.0,5.0,2.0,3.0,1.0,5.0,8.0,5.0,1.0,3.0,1.0,1.0,2.0,2.0,1.0,1.0,2.0,18.0,4.0,1.0,2.0,1.0,1.0,3.0,1.0,1.0,2.0,4.0,1.0,1.0,1.0,1.0,1.0,1.0,2.0,1.0,1.0,2.0,1.0,3.0,1.0,1.0,2.0,1.0,2.0,7.0,5.0,2.0,2.0,1.0,2.0,2.0,1.0,1.0,6.0,1.0,4.0,1.0,3.0,2.0,8.0,6.0,1.0,2.0,1.0,1.0,4.0,3.0,6.0,3.0,3.0,1.0,1.0,1.0,3.0,2.0,1.0,1.0,1.0,1.0,2.0,6.0,3.0,1.0,1.0,1.0,1.0,1.0,1.0,1.0,1.0,341.0,2.0,1.0,178.0,1.0,2.0,1.0,1.0,1.0,1.0,1.0,1.0,3.0,1.0,8.0,2.0,5.0,2.0,1.0,1.0,1.0,1.0,1.0,2.0,2.0,1.0,3.0,4.0,3.0,1.0,1.0,1.0,1.0,1.0,1.0,3.0,2.0,1.0,2.0,3.0,1.0,389.0,5.0,1.0,2.0,1.0,3.0,16.0,2.0,2.0,4.0,1.0,1.0,4.0,1.0,2.0,1.0,3.0,2.0,1.0,5.0,2.0,1.0,1.0,1.0,1.0,2.0,2.0,2.0,1.0,1.0,1.0,1.0,1.0,2.0,5.0,1.0,4.0,3.0,1.0,1.0,4.0,1.0,2.0,1.0,7.0,2.0,3.0,1.0,2.0,3.0,6.0,7.0,13.0,5.0,1.0,1.0,1.0,1.0,1.0,1.0,2.0,5.0,1.0,1.0,1.0,1.0,4.0,1.0,1.0,1.0,4.0,1.0,6.0,3.0,1.0,1.0,2.0,2.0,2.0,199.0,2.0,1.0,1.0,1.0,1.0,1.0,2.0,3.0,3.0,2.0,2.0,1.0,1.0,1.0,1.0,4.0,3.0,2.0,1.0,1.0,1.0,2.0,1.0,1.0,10.0,1.0,3.0,5.0,1.0,1.0,3.0,2.0,2.0,3.0,6.0,12.0,1.0,1.0,1.0,1.0,2.0,1.0,3.0,1.0,10.0,19.0,11.0,1.0,1.0,4.0,1.0,1.0,2.0,3.0,2.0,1.0,2.0,1.0,2.0,4.0,1.0,3.0,1.0,1.0,1.0,2.0,1.0,1.0,3.0,1.0,2.0,1.0,2.0,268.0,1.0,2.0,36.0,3.0,8.0,28.0,46.0,61.0,3.0,4.0,11.0,9.0,7.0,2.0,1.0,3.0,5.0,15.0,4.0,15.0,1.0,1.0,29.0,4.0
2023-12-18,1.0,1.0,1.0,1.0,1.0,1.0,1.0,1.0,1.0,1.0,1.0,2.0,3.0,1.0,1.0,1.0,1.0,1.0,3.0,3.0,1.0,11.0,2.0,1.0,1.0,5.0,18.0,13.0,1.0,1.0,2.0,1.0,3.0,1.0,1.0,310.0,1.0,1.0,1.0,1.0,1.0,1.0,1.0,1.0,1.0,3.0,1.0,1.0,1.0,1.0,1.0,1.0,1.0,1.0,1.0,1.0,2.0,1.0,1.0,2.0,3.0,1.0,2.0,2.0,1.0,2.0,1.0,2.0,1.0,1.0,1.0,1.0,1.0,1.0,1.0,1.0,1.0,1.0,1.0,1.0,1.0,1.0,1.0,1.0,2.0,1.0,1.0,1.0,3.0,1.0,2.0,1.0,1.0,2.0,1.0,1.0,1.0,2.0,3.0,2.0,1.0,1.0,1.0,4.0,1.0,1.0,1.0,3.0,1.0,1.0,1.0,1.0,1.0,1.0,1.0,1.0,3.0,1.0,1.0,1.0,1.0,1.0,1.0,1.0,1.0,1.0,1.0,1.0,1.0,1.0,1.0,1.0,1.0,1.0,1.0,1.0,2.0,1.0,2.0,2.0,1.0,1.0,1.0,2.0,1.0,1.0,1.0,1.0,1.0,1.0,1.0,1.0,1.0,1.0,1.0,1.0,1.0,1.0,1.0,2.0,1.0,2.0,1.0,1.0,1.0,1.0,1.0,1.0,1.0,1.0,1.0,1.0,1.0,1.0,1.0,1.0,1.0,1.0,1.0,1.0,1.0,1.0,1.0,1.0,1.0,1.0,1.0,1.0,1.0,1.0,1.0,1.0,1.0,1.0,1.0,2.0,1.0,1.0,1.0,1.0,1.0,1.0,1.0,1.0,1.0,1.0,1.0,1.0,1.0,1.0,1.0,1.0,1.0,1.0,2.0,1.0,1.0,1.0,2.0,1.0,1.0,1.0,1.0,1.0,1.0,2.0,2.0,1.0,2.0,1.0,1.0,1.0,1.0,1.0,553.0,1.0,563.0,2.0,1.0,1.0,1.0,1.0,1.0,1.0,1.0,1.0,1.0,1.0,1.0,1.0,1.0,1.0,1.0,5.0,1.0,1.0,1.0,3.0,1.0,2.0,1.0,1.0,2.0,4.0,1.0,1.0,2.0,1.0,6.0,1.0,3.0,1.0,1.0,5.0,4.0,4.0,4.0,3.0,1.0,1.0,1.0,2.0,2.0,3.0,2.0,1.0,1.0,4.0,1.0,2.0,4.0,2.0,1.0,2.0,1.0,2.0,1.0,3.0,1.0,2.0,2.0,1.0,2.0,1.0,1.0,2.0,1.0,1.0,1.0,1.0,3.0,1.0,1.0,2.0,1.0,2.0,1.0,1.0,1.0,1.0,1.0,2.0,1.0,1.0,1.0,1.0,1.0,2.0,2.0,1.0,1.0,1.0,1.0,1.0,1.0,2.0,1.0,1.0,2.0,1.0,1.0,1.0,1.0,1.0,5.0,11.0,7.0,3.0,7.0,4.0,1.0,2.0,1.0,2.0,3.0,1.0,1.0,3.0,4.0,2.0,1.0,1.0,1.0,1.0,1.0,1.0,1.0,2.0,1.0,2.0,1.0,1.0,3.0,2.0,2.0,4.0,1.0,1.0,1.0,1.0,1.0,139.0,1.0,2.0,219.0,1.0,1.0,2.0,1.0,1.0,1.0,1.0,1.0,1.0,3.0,1.0,1.0,2.0,1.0,1.0,1.0,1.0,1.0,1.0,1.0,2.0,1.0,1.0,1.0,1.0,1.0,1.0,1.0,1.0,1.0,1.0,1.0,2.0,1.0,1.0,1.0,1.0,71.0,2.0,1.0,1.0,1.0,1.0,2.0,1.0,2.0,1.0,1.0,1.0,6.0,1.0,1.0,1.0,1.0,1.0,1.0,1.0,1.0,1.0,1.0,69.0,17.0,1.0,315.0,2.0,3.0,1.0,1.0,1.0,1.0,2.0,2.0,1.0,6.0,2.0,2.0,2.0,2.0,1.0,1.0,1.0,1.0,1.0,3.0,1.0,1.0,1.0,1.0,1.0,1.0,1.0,1.0,1.0,1.0,1.0,1.0,2.0,1.0,2.0,1.0,2.0,1.0,1.0,1.0,1.0,1.0,1.0,1.0,1.0,1.0,1.0,1.0,1.0,1.0,1.0,1.0,535.0,1.0,1.0,1.0,1.0,1.0,1.0,2.0,1.0,2.0,1.0,1.0,1.0,1.0,2.0,1.0,1.0,1.0,2.0,1.0,1.0,1.0,1.0,1.0,1.0,2.0,2.0,1.0,1.0,1.0,1.0,1.0,1.0,1.0,1.0,1.0,1.0,1.0,1.0,1.0,1.0,1.0,1.0,1.0,1.0,1.0,1.0,1.0,1.0,1.0,1.0,1.0,1.0,1.0,1.0,2.0,1.0,3.0,1.0,2.0,1.0,1.0,1.0,1.0,1.0,1.0,1.0,2.0,2.0,3.0,1.0,1.0,1.0,1.0,217.0,1.0,1.0,2.0,1.0,2.0,1.0,1.0,9.0,7.0,4.0,5.0,9.0,3.0,2.0,1.0,2.0,4.0,2.0,1.0,1.0,1.0,1.0,1.0,1.0
2023-12-19,1.0,1.0,1.0,1.0,1.0,1.0,1.0,2.0,1.0,1.0,1.0,1.0,1.0,1.0,1.0,1.0,1.0,1.0,1.0,1.0,1.0,2.0,1.0,1.0,1.0,1.0,3.0,1.0,1.0,1.0,1.0,1.0,3.0,1.0,1.0,310.0,1.0,1.0,1.0,1.0,1.0,1.0,1.0,1.0,1.0,1.0,1.0,1.0,1.0,1.0,1.0,1.0,1.0,1.0,1.0,1.0,1.0,1.0,1.0,1.0,1.0,1.0,1.0,1.0,1.0,1.0,2.0,1.0,1.0,1.0,1.0,1.0,2.0,1.0,1.0,1.0,1.0,1.0,1.0,1.0,1.0,1.0,1.0,1.0,2.0,3.0,1.0,1.0,1.0,3.0,1.0,2.0,1.0,1.0,1.0,1.0,1.0,1.0,1.0,1.0,2.0,1.0,1.0,2.0,1.0,2.0,1.0,1.0,1.0,1.0,2.0,1.0,1.0,1.0,1.0,1.0,1.0,1.0,1.0,1.0,1.0,1.0,1.0,1.0,1.0,1.0,1.0,1.0,1.0,1.0,1.0,1.0,73.0,1.0,1.0,1.0,2.0,1.0,1.0,1.0,1.0,1.0,1.0,1.0,1.0,1.0,1.0,1.0,1.0,1.0,1.0,1.0,1.0,1.0,1.0,1.0,1.0,1.0,1.0,2.0,1.0,1.0,1.0,1.0,1.0,1.0,1.0,1.0,1.0,1.0,1.0,1.0,1.0,1.0,1.0,1.0,1.0,1.0,1.0,1.0,1.0,1.0,1.0,1.0,1.0,1.0,1.0,1.0,1.0,1.0,1.0,2.0,1.0,1.0,1.0,2.0,1.0,2.0,1.0,1.0,1.0,2.0,1.0,1.0,1.0,1.0,1.0,1.0,1.0,1.0,1.0,1.0,1.0,1.0,1.0,1.0,1.0,1.0,1.0,1.0,1.0,1.0,1.0,4.0,1.0,1.0,1.0,1.0,1.0,1.0,1.0,1.0,1.0,1.0,553.0,1.0,563.0,1.0,1.0,1.0,1.0,1.0,1.0,1.0,1.0,1.0,1.0,1.0,1.0,1.0,1.0,1.0,1.0,1.0,1.0,1.0,1.0,1.0,1.0,2.0,1.0,1.0,1.0,2.0,1.0,1.0,1.0,4.0,1.0,2.0,1.0,3.0,5.0,3.0,1.0,4.0,1.0,3.0,1.0,1.0,1.0,1.0,1.0,3.0,1.0,1.0,1.0,1.0,4.0,1.0,1.0,1.0,3.0,1.0,1.0,1.0,1.0,1.0,1.0,2.0,1.0,1.0,1.0,1.0,1.0,2.0,1.0,1.0,1.0,1.0,2.0,1.0,1.0,2.0,1.0,2.0,1.0,1.0,1.0,1.0,1.0,1.0,1.0,1.0,1.0,1.0,1.0,1.0,1.0,1.0,1.0,1.0,1.0,1.0,2.0,1.0,1.0,1.0,1.0,1.0,2.0,1.0,2.0,1.0,6.0,6.0,6.0,4.0,4.0,3.0,1.0,2.0,2.0,1.0,4.0,3.0,1.0,2.0,1.0,1.0,2.0,1.0,1.0,1.0,1.0,1.0,1.0,1.0,1.0,1.0,1.0,1.0,3.0,4.0,3.0,1.0,1.0,1.0,1.0,1.0,1.0,246.0,1.0,2.0,275.0,1.0,1.0,1.0,1.0,1.0,1.0,1.0,1.0,2.0,3.0,1.0,1.0,1.0,1.0,1.0,1.0,1.0,1.0,2.0,2.0,1.0,1.0,1.0,1.0,1.0,2.0,1.0,1.0,1.0,1.0,1.0,1.0,2.0,1.0,2.0,1.0,1.0,77.0,1.0,1.0,1.0,1.0,1.0,1.0,1.0,1.0,1.0,1.0,1.0,1.0,1.0,1.0,1.0,1.0,1.0,1.0,1.0,2.0,1.0,1.0,2.0,5.0,1.0,577.0,1.0,1.0,1.0,1.0,1.0,1.0,1.0,2.0,1.0,4.0,1.0,1.0,1.0,1.0,1.0,1.0,1.0,1.0,1.0,3.0,2.0,1.0,1.0,1.0,1.0,1.0,1.0,1.0,1.0,1.0,1.0,1.0,1.0,1.0,2.0,2.0,1.0,1.0,1.0,1.0,1.0,1.0,2.0,1.0,1.0,1.0,2.0,1.0,1.0,1.0,1.0,1.0,1.0,1.0,1.0,1.0,1.0,1.0,1.0,2.0,1.0,1.0,1.0,1.0,1.0,1.0,1.0,1.0,1.0,1.0,1.0,2.0,1.0,1.0,3.0,1.0,1.0,2.0,1.0,2.0,2.0,1.0,1.0,1.0,1.0,2.0,1.0,1.0,1.0,1.0,1.0,1.0,1.0,1.0,1.0,1.0,1.0,497.0,1.0,1.0,1.0,1.0,1.0,1.0,1.0,1.0,2.0,2.0,1.0,2.0,1.0,1.0,1.0,1.0,1.0,1.0,1.0,1.0,1.0,1.0,1.0,1.0,1.0,1.0,1.0,1.0,224.0,1.0,1.0,1.0,1.0,1.0,1.0,1.0,1.0,3.0,9.0,6.0,13.0,4.0,3.0,2.0,6.0,1.0,1.0,1.0,1.0,1.0,1.0,1.0,1.0
2023-12-20,1.0,1.0,1.0,1.0,1.0,2.0,2.0,1.0,1.0,1.0,2.0,1.0,1.0,1.0,2.0,1.0,1.0,1.0,1.0,1.0,1.0,1.0,1.0,1.0,1.0,1.0,1.0,1.0,2.0,1.0,2.0,1.0,2.0,1.0,1.0,310.0,2.0,1.0,1.0,1.0,1.0,1.0,1.0,2.0,1.0,1.0,1.0,1.0,1.0,1.0,2.0,4.0,3.0,1.0,85.0,5.0,1.0,1.0,1.0,1.0,2.0,1.0,1.0,1.0,1.0,2.0,1.0,1.0,1.0,1.0,1.0,1.0,1.0,1.0,1.0,1.0,2.0,1.0,1.0,1.0,1.0,1.0,1.0,1.0,2.0,2.0,1.0,3.0,2.0,1.0,2.0,1.0,1.0,1.0,1.0,1.0,1.0,1.0,1.0,1.0,2.0,1.0,1.0,1.0,2.0,4.0,2.0,1.0,1.0,1.0,1.0,2.0,1.0,1.0,1.0,1.0,3.0,3.0,1.0,1.0,1.0,1.0,9.0,1.0,1.0,1.0,1.0,1.0,1.0,1.0,1.0,1.0,1.0,1.0,1.0,1.0,1.0,1.0,1.0,6.0,1.0,1.0,1.0,1.0,2.0,1.0,1.0,1.0,1.0,1.0,1.0,1.0,1.0,1.0,1.0,1.0,1.0,1.0,1.0,2.0,1.0,1.0,1.0,2.0,1.0,1.0,1.0,1.0,1.0,1.0,1.0,1.0,1.0,1.0,1.0,1.0,1.0,1.0,1.0,1.0,1.0,1.0,1.0,1.0,1.0,1.0,1.0,1.0,1.0,2.0,1.0,1.0,1.0,1.0,1.0,2.0,1.0,1.0,1.0,1.0,1.0,2.0,1.0,2.0,1.0,1.0,1.0,1.0,1.0,1.0,1.0,1.0,1.0,1.0,1.0,1.0,1.0,1.0,1.0,1.0,1.0,1.0,1.0,2.0,2.0,3.0,1.0,2.0,1.0,1.0,1.0,1.0,2.0,1.0,553.0,1.0,563.0,1.0,1.0,1.0,2.0,1.0,1.0,1.0,1.0,1.0,1.0,1.0,1.0,1.0,2.0,1.0,1.0,1.0,1.0,1.0,2.0,1.0,1.0,2.0,1.0,1.0,1.0,1.0,1.0,1.0,1.0,2.0,1.0,3.0,1.0,1.0,4.0,2.0,1.0,2.0,1.0,1.0,4.0,1.0,1.0,1.0,1.0,2.0,1.0,1.0,1.0,2.0,1.0,3.0,2.0,1.0,2.0,2.0,1.0,6.0,1.0,1.0,1.0,1.0,1.0,1.0,5.0,1.0,1.0,2.0,1.0,1.0,1.0,1.0,2.0,1.0,1.0,2.0,1.0,1.0,1.0,1.0,1.0,1.0,1.0,1.0,1.0,1.0,1.0,1.0,1.0,2.0,1.0,1.0,1.0,1.0,2.0,2.0,1.0,2.0,1.0,1.0,1.0,1.0,2.0,1.0,1.0,1.0,6.0,4.0,6.0,1.0,2.0,8.0,2.0,5.0,1.0,2.0,2.0,1.0,3.0,3.0,2.0,2.0,1.0,1.0,1.0,1.0,1.0,2.0,1.0,1.0,1.0,2.0,1.0,6.0,4.0,2.0,1.0,5.0,1.0,1.0,1.0,2.0,2.0,272.0,3.0,1.0,245.0,1.0,1.0,1.0,1.0,1.0,1.0,1.0,1.0,2.0,2.0,2.0,1.0,2.0,1.0,1.0,1.0,1.0,1.0,1.0,1.0,1.0,1.0,1.0,1.0,1.0,2.0,1.0,1.0,1.0,1.0,1.0,1.0,2.0,1.0,1.0,1.0,1.0,2.0,1.0,1.0,1.0,1.0,1.0,1.0,1.0,1.0,1.0,1.0,1.0,4.0,1.0,1.0,1.0,1.0,1.0,1.0,1.0,2.0,1.0,1.0,1.0,11.0,1.0,2.0,3.0,1.0,1.0,1.0,1.0,1.0,2.0,1.0,1.0,4.0,2.0,2.0,1.0,1.0,1.0,1.0,1.0,1.0,1.0,3.0,1.0,1.0,1.0,1.0,1.0,1.0,1.0,1.0,1.0,2.0,1.0,1.0,2.0,2.0,1.0,1.0,2.0,1.0,1.0,1.0,1.0,1.0,1.0,1.0,1.0,1.0,1.0,1.0,1.0,1.0,1.0,1.0,1.0,1.0,1.0,1.0,1.0,1.0,1.0,2.0,1.0,1.0,1.0,1.0,1.0,1.0,1.0,1.0,1.0,1.0,2.0,1.0,1.0,1.0,4.0,2.0,1.0,1.0,1.0,2.0,1.0,1.0,1.0,1.0,1.0,1.0,2.0,2.0,1.0,1.0,1.0,1.0,1.0,1.0,1.0,1.0,1.0,1.0,1.0,1.0,1.0,1.0,1.0,1.0,1.0,1.0,1.0,2.0,2.0,1.0,2.0,2.0,1.0,1.0,2.0,1.0,1.0,1.0,1.0,1.0,1.0,2.0,1.0,1.0,2.0,1.0,226.0,1.0,1.0,1.0,1.0,1.0,2.0,1.0,3.0,6.0,2.0,2.0,8.0,3.0,2.0,1.0,1.0,2.0,1.0,1.0,1.0,1.0,1.0,1.0,1.0
2023-12-21,1.0,1.0,1.0,1.0,1.0,1.0,1.0,1.0,1.0,1.0,2.0,1.0,1.0,1.0,1.0,173.0,1.0,1.0,1.0,1.0,1.0,1.0,1.0,1.0,1.0,1.0,1.0,1.0,1.0,1.0,2.0,1.0,1.0,1.0,1.0,310.0,1.0,1.0,1.0,1.0,1.0,1.0,1.0,2.0,1.0,1.0,1.0,1.0,1.0,1.0,1.0,1.0,1.0,1.0,1.0,1.0,2.0,1.0,1.0,1.0,2.0,1.0,1.0,1.0,1.0,2.0,2.0,1.0,1.0,1.0,1.0,1.0,1.0,1.0,1.0,1.0,1.0,1.0,1.0,1.0,1.0,10.0,1.0,1.0,3.0,1.0,1.0,3.0,1.0,2.0,1.0,2.0,1.0,1.0,1.0,1.0,1.0,2.0,3.0,1.0,1.0,1.0,1.0,2.0,1.0,2.0,2.0,1.0,3.0,1.0,1.0,1.0,1.0,1.0,1.0,1.0,3.0,1.0,2.0,1.0,1.0,1.0,1.0,1.0,1.0,1.0,2.0,1.0,1.0,1.0,1.0,1.0,1.0,1.0,2.0,1.0,2.0,1.0,1.0,3.0,1.0,1.0,1.0,1.0,2.0,1.0,1.0,1.0,1.0,1.0,1.0,1.0,1.0,1.0,1.0,1.0,1.0,1.0,1.0,2.0,2.0,1.0,1.0,1.0,1.0,1.0,1.0,1.0,1.0,1.0,1.0,1.0,1.0,1.0,1.0,2.0,1.0,2.0,1.0,1.0,1.0,1.0,1.0,1.0,1.0,2.0,1.0,3.0,1.0,1.0,1.0,2.0,1.0,1.0,1.0,1.0,1.0,1.0,1.0,1.0,1.0,1.0,1.0,2.0,1.0,1.0,1.0,1.0,1.0,1.0,1.0,1.0,1.0,1.0,1.0,1.0,2.0,1.0,1.0,1.0,1.0,1.0,1.0,2.0,2.0,1.0,1.0,1.0,1.0,1.0,1.0,1.0,1.0,1.0,553.0,1.0,563.0,1.0,1.0,1.0,1.0,1.0,1.0,1.0,2.0,1.0,1.0,1.0,1.0,1.0,1.0,1.0,1.0,1.0,1.0,1.0,1.0,1.0,1.0,2.0,1.0,1.0,11.0,9.0,2.0,1.0,1.0,4.0,5.0,1.0,3.0,1.0,1.0,4.0,3.0,1.0,1.0,2.0,1.0,2.0,1.0,1.0,1.0,1.0,2.0,1.0,1.0,2.0,3.0,3.0,2.0,1.0,2.0,2.0,1.0,2.0,1.0,1.0,1.0,3.0,1.0,1.0,3.0,1.0,1.0,1.0,1.0,1.0,1.0,1.0,4.0,1.0,3.0,2.0,1.0,1.0,1.0,1.0,1.0,1.0,1.0,1.0,1.0,1.0,1.0,1.0,1.0,3.0,1.0,1.0,1.0,1.0,1.0,1.0,2.0,3.0,1.0,1.0,1.0,1.0,1.0,1.0,5.0,1.0,6.0,12.0,1.0,5.0,3.0,3.0,1.0,2.0,1.0,1.0,1.0,3.0,1.0,2.0,1.0,3.0,2.0,2.0,1.0,1.0,2.0,1.0,1.0,2.0,2.0,3.0,3.0,1.0,5.0,4.0,2.0,1.0,1.0,1.0,1.0,1.0,1.0,294.0,1.0,1.0,226.0,1.0,1.0,2.0,1.0,1.0,1.0,1.0,1.0,2.0,3.0,1.0,1.0,2.0,1.0,1.0,12.0,1.0,2.0,1.0,2.0,3.0,1.0,1.0,2.0,2.0,4.0,1.0,1.0,516.0,1.0,1.0,1.0,2.0,2.0,1.0,2.0,1.0,1.0,1.0,1.0,2.0,2.0,1.0,2.0,1.0,5.0,3.0,1.0,1.0,4.0,1.0,1.0,1.0,1.0,1.0,1.0,1.0,2.0,1.0,1.0,1.0,15.0,2.0,2.0,1.0,1.0,1.0,1.0,1.0,2.0,1.0,2.0,1.0,1.0,2.0,2.0,1.0,1.0,1.0,1.0,1.0,1.0,1.0,2.0,2.0,1.0,1.0,3.0,2.0,1.0,3.0,1.0,1.0,2.0,1.0,1.0,3.0,1.0,2.0,1.0,3.0,1.0,2.0,4.0,1.0,1.0,2.0,1.0,1.0,1.0,1.0,1.0,1.0,2.0,1.0,1.0,1.0,1.0,1.0,1.0,1.0,1.0,1.0,2.0,1.0,2.0,1.0,1.0,1.0,1.0,1.0,1.0,1.0,1.0,4.0,5.0,1.0,1.0,2.0,1.0,3.0,1.0,1.0,2.0,3.0,1.0,1.0,1.0,1.0,1.0,3.0,1.0,1.0,1.0,1.0,1.0,1.0,1.0,1.0,1.0,1.0,1.0,1.0,1.0,1.0,1.0,1.0,1.0,1.0,1.0,1.0,2.0,1.0,1.0,1.0,3.0,1.0,1.0,2.0,1.0,1.0,1.0,1.0,1.0,2.0,2.0,1.0,2.0,1.0,1.0,252.0,2.0,1.0,3.0,1.0,2.0,1.0,1.0,10.0,3.0,6.0,8.0,10.0,5.0,1.0,4.0,1.0,3.0,2.0,1.0,1.0,3.0,1.0,1.0,1.0
2023-12-22,1.0,1.0,1.0,1.0,2.0,1.0,1.0,1.0,1.0,1.0,1.0,2.0,3.0,1.0,2.0,213.0,1.0,1.0,2.0,1.0,1.0,1.0,1.0,1.0,1.0,1.0,1.0,1.0,1.0,1.0,2.0,1.0,1.0,1.0,1.0,310.0,1.0,1.0,2.0,4.0,1.0,1.0,1.0,1.0,1.0,1.0,1.0,1.0,1.0,1.0,1.0,10.0,2.0,1.0,1.0,1.0,2.0,1.0,1.0,1.0,6.0,1.0,2.0,1.0,1.0,1.0,3.0,1.0,1.0,1.0,1.0,1.0,1.0,2.0,1.0,1.0,1.0,1.0,1.0,1.0,1.0,38.0,1.0,1.0,2.0,3.0,1.0,2.0,3.0,1.0,1.0,1.0,1.0,1.0,1.0,1.0,1.0,1.0,2.0,3.0,5.0,1.0,1.0,4.0,2.0,1.0,2.0,1.0,2.0,1.0,2.0,1.0,1.0,1.0,1.0,1.0,2.0,1.0,3.0,1.0,1.0,1.0,1.0,1.0,1.0,1.0,2.0,1.0,2.0,1.0,1.0,1.0,5.0,1.0,1.0,1.0,2.0,1.0,4.0,3.0,1.0,1.0,1.0,1.0,1.0,3.0,3.0,1.0,1.0,1.0,1.0,1.0,1.0,1.0,1.0,5.0,1.0,1.0,2.0,1.0,5.0,1.0,4.0,2.0,1.0,6.0,2.0,1.0,1.0,1.0,2.0,1.0,1.0,1.0,1.0,1.0,1.0,2.0,1.0,2.0,1.0,1.0,1.0,2.0,1.0,3.0,1.0,2.0,1.0,1.0,1.0,2.0,5.0,1.0,1.0,1.0,2.0,1.0,1.0,1.0,1.0,5.0,1.0,2.0,2.0,1.0,1.0,1.0,1.0,3.0,2.0,1.0,1.0,1.0,1.0,1.0,1.0,1.0,1.0,4.0,1.0,1.0,1.0,4.0,5.0,1.0,1.0,1.0,1.0,1.0,1.0,1.0,1.0,1.0,553.0,1.0,563.0,1.0,1.0,1.0,1.0,1.0,1.0,1.0,1.0,1.0,1.0,1.0,1.0,1.0,1.0,1.0,1.0,2.0,2.0,1.0,2.0,1.0,3.0,2.0,1.0,2.0,1.0,1.0,1.0,1.0,1.0,3.0,1.0,1.0,5.0,2.0,1.0,1.0,3.0,1.0,1.0,1.0,1.0,2.0,1.0,1.0,1.0,1.0,3.0,5.0,1.0,2.0,1.0,4.0,4.0,1.0,3.0,1.0,9.0,2.0,1.0,1.0,2.0,1.0,2.0,1.0,2.0,1.0,1.0,3.0,1.0,1.0,1.0,1.0,3.0,1.0,2.0,3.0,1.0,1.0,1.0,1.0,1.0,1.0,1.0,1.0,1.0,1.0,1.0,1.0,1.0,1.0,1.0,1.0,3.0,1.0,2.0,1.0,2.0,3.0,1.0,2.0,1.0,1.0,1.0,1.0,2.0,1.0,4.0,2.0,8.0,5.0,1.0,2.0,2.0,4.0,3.0,2.0,1.0,1.0,1.0,4.0,5.0,6.0,1.0,1.0,4.0,1.0,3.0,1.0,2.0,1.0,2.0,4.0,2.0,2.0,4.0,4.0,3.0,1.0,1.0,1.0,1.0,5.0,1.0,452.0,4.0,2.0,185.0,1.0,1.0,1.0,1.0,1.0,1.0,1.0,1.0,3.0,1.0,1.0,1.0,2.0,1.0,1.0,1.0,2.0,1.0,1.0,3.0,2.0,1.0,2.0,2.0,1.0,2.0,3.0,5.0,570.0,1.0,1.0,2.0,2.0,1.0,2.0,1.0,1.0,1.0,1.0,1.0,2.0,1.0,2.0,1.0,1.0,1.0,1.0,1.0,3.0,3.0,1.0,1.0,1.0,1.0,1.0,1.0,1.0,2.0,3.0,1.0,1.0,42.0,2.0,1.0,2.0,2.0,1.0,1.0,1.0,2.0,1.0,1.0,2.0,1.0,1.0,2.0,2.0,1.0,2.0,1.0,1.0,1.0,1.0,1.0,3.0,2.0,1.0,4.0,3.0,1.0,1.0,1.0,2.0,1.0,1.0,1.0,1.0,4.0,6.0,1.0,1.0,1.0,1.0,1.0,1.0,3.0,3.0,1.0,1.0,1.0,1.0,1.0,1.0,1.0,1.0,2.0,1.0,1.0,1.0,1.0,1.0,1.0,1.0,2.0,1.0,1.0,1.0,1.0,1.0,1.0,4.0,1.0,2.0,3.0,3.0,2.0,1.0,7.0,1.0,15.0,3.0,2.0,4.0,1.0,2.0,2.0,1.0,8.0,1.0,1.0,5.0,6.0,2.0,1.0,1.0,1.0,19.0,1.0,1.0,1.0,2.0,1.0,1.0,1.0,1.0,1.0,1.0,4.0,1.0,1.0,1.0,1.0,4.0,4.0,1.0,2.0,1.0,1.0,2.0,1.0,2.0,1.0,1.0,1.0,2.0,2.0,1.0,3.0,1.0,1.0,247.0,2.0,1.0,13.0,1.0,3.0,2.0,1.0,16.0,4.0,5.0,9.0,10.0,4.0,1.0,2.0,5.0,3.0,11.0,1.0,1.0,1.0,1.0,5.0,1.0
2023-12-23,1.0,2.0,1.0,1.0,1.0,1.0,3.0,1.0,1.0,1.0,2.0,1.0,7.0,1.0,3.0,290.0,1.0,3.0,1.0,2.0,1.0,2.0,1.0,1.0,1.0,1.0,2.0,2.0,3.0,1.0,2.0,3.0,3.0,1.0,1.0,310.0,3.0,1.0,3.0,1.0,1.0,4.0,1.0,2.0,3.0,1.0,1.0,1.0,1.0,1.0,3.0,1.0,1.0,1.0,1.0,1.0,2.0,1.0,1.0,1.0,1.0,1.0,3.0,2.0,1.0,2.0,1.0,1.0,1.0,3.0,1.0,2.0,1.0,1.0,3.0,1.0,1.0,2.0,1.0,1.0,1.0,94.0,1.0,1.0,3.0,2.0,13.0,2.0,3.0,1.0,2.0,2.0,3.0,3.0,2.0,1.0,1.0,1.0,2.0,2.0,1.0,5.0,1.0,1.0,2.0,1.0,1.0,1.0,3.0,4.0,2.0,1.0,1.0,2.0,1.0,1.0,1.0,2.0,2.0,3.0,1.0,1.0,1.0,1.0,1.0,1.0,2.0,1.0,1.0,1.0,3.0,1.0,2.0,1.0,1.0,2.0,1.0,2.0,1.0,2.0,1.0,1.0,1.0,2.0,2.0,1.0,1.0,1.0,1.0,1.0,1.0,1.0,1.0,1.0,1.0,1.0,1.0,1.0,1.0,2.0,1.0,1.0,1.0,2.0,1.0,2.0,1.0,1.0,1.0,1.0,1.0,1.0,1.0,1.0,1.0,1.0,1.0,1.0,1.0,1.0,1.0,1.0,1.0,4.0,1.0,1.0,2.0,1.0,9.0,9.0,2.0,1.0,1.0,2.0,2.0,2.0,1.0,1.0,1.0,1.0,1.0,1.0,1.0,2.0,2.0,1.0,1.0,1.0,2.0,1.0,1.0,1.0,1.0,1.0,1.0,1.0,2.0,1.0,1.0,1.0,1.0,1.0,3.0,1.0,1.0,2.0,1.0,1.0,4.0,3.0,4.0,1.0,1.0,7.0,553.0,1.0,563.0,2.0,1.0,4.0,1.0,1.0,9.0,1.0,2.0,6.0,1.0,1.0,1.0,1.0,1.0,1.0,1.0,1.0,2.0,1.0,2.0,2.0,5.0,2.0,1.0,1.0,2.0,2.0,1.0,2.0,1.0,1.0,2.0,1.0,2.0,3.0,1.0,1.0,1.0,3.0,4.0,1.0,1.0,1.0,1.0,1.0,1.0,1.0,2.0,1.0,1.0,4.0,2.0,4.0,2.0,1.0,2.0,1.0,1.0,3.0,2.0,1.0,1.0,2.0,1.0,1.0,2.0,1.0,1.0,1.0,2.0,1.0,1.0,1.0,6.0,7.0,4.0,16.0,2.0,1.0,1.0,1.0,1.0,1.0,2.0,6.0,1.0,2.0,5.0,1.0,1.0,9.0,4.0,1.0,1.0,1.0,1.0,1.0,2.0,4.0,2.0,1.0,1.0,1.0,1.0,1.0,8.0,1.0,5.0,1.0,5.0,3.0,8.0,5.0,1.0,2.0,5.0,4.0,8.0,7.0,1.0,4.0,5.0,1.0,1.0,1.0,4.0,1.0,3.0,4.0,1.0,10.0,6.0,8.0,1.0,4.0,4.0,3.0,2.0,2.0,1.0,1.0,1.0,1.0,1.0,4.0,8.0,1.0,190.0,1.0,1.0,2.0,1.0,1.0,1.0,2.0,4.0,2.0,2.0,1.0,1.0,2.0,1.0,514.0,1.0,1.0,1.0,1.0,3.0,1.0,1.0,1.0,1.0,5.0,1.0,1.0,3.0,484.0,1.0,1.0,1.0,1.0,1.0,1.0,1.0,2.0,1.0,2.0,1.0,1.0,1.0,7.0,2.0,1.0,1.0,1.0,8.0,1.0,1.0,1.0,1.0,1.0,1.0,1.0,1.0,1.0,1.0,4.0,1.0,1.0,53.0,2.0,1.0,2.0,3.0,1.0,4.0,1.0,1.0,2.0,1.0,1.0,4.0,4.0,4.0,3.0,2.0,1.0,1.0,1.0,1.0,1.0,1.0,1.0,3.0,1.0,2.0,2.0,3.0,2.0,4.0,3.0,1.0,1.0,1.0,6.0,4.0,2.0,1.0,2.0,1.0,4.0,1.0,1.0,14.0,7.0,1.0,211.0,1.0,1.0,1.0,2.0,1.0,1.0,1.0,2.0,2.0,2.0,1.0,1.0,1.0,2.0,1.0,1.0,1.0,1.0,1.0,1.0,1.0,1.0,1.0,1.0,1.0,2.0,4.0,1.0,2.0,3.0,4.0,1.0,1.0,3.0,2.0,2.0,1.0,2.0,1.0,1.0,1.0,3.0,2.0,1.0,1.0,1.0,1.0,1.0,1.0,3.0,1.0,1.0,1.0,1.0,1.0,1.0,1.0,1.0,1.0,1.0,1.0,1.0,2.0,5.0,4.0,1.0,1.0,2.0,1.0,2.0,1.0,1.0,3.0,2.0,1.0,1.0,1.0,1.0,3.0,1.0,1.0,212.0,1.0,1.0,32.0,1.0,3.0,1.0,1.0,53.0,3.0,3.0,10.0,15.0,5.0,1.0,1.0,4.0,6.0,15.0,4.0,15.0,1.0,1.0,14.0,1.0
2023-12-24,1.0,1.0,1.0,1.0,2.0,2.0,1.0,7.0,1.0,1.0,1.0,2.0,5.0,6.0,5.0,1.0,1.0,3.0,2.0,1.0,1.0,2.0,1.0,1.0,1.0,3.0,2.0,1.0,1.0,3.0,3.0,1.0,1.0,3.0,1.0,310.0,1.0,1.0,1.0,1.0,1.0,1.0,1.0,1.0,1.0,2.0,1.0,1.0,6.0,5.0,1.0,1.0,2.0,1.0,8.0,9.0,1.0,2.0,3.0,1.0,1.0,2.0,6.0,1.0,1.0,1.0,2.0,1.0,16.0,33.0,2.0,13.0,2.0,1.0,5.0,1.0,10.0,44.0,1.0,1.0,1.0,76.0,1.0,1.0,1.0,3.0,5.0,1.0,1.0,4.0,2.0,1.0,3.0,1.0,1.0,1.0,2.0,2.0,1.0,1.0,1.0,3.0,2.0,1.0,1.0,3.0,4.0,2.0,1.0,1.0,1.0,2.0,1.0,3.0,1.0,1.0,2.0,3.0,1.0,2.0,1.0,2.0,2.0,1.0,1.0,3.0,1.0,3.0,1.0,1.0,1.0,1.0,1.0,2.0,1.0,1.0,2.0,1.0,2.0,1.0,1.0,3.0,5.0,1.0,2.0,1.0,1.0,1.0,1.0,1.0,1.0,1.0,1.0,1.0,3.0,1.0,1.0,1.0,1.0,1.0,4.0,1.0,3.0,3.0,1.0,1.0,1.0,2.0,1.0,1.0,1.0,2.0,1.0,1.0,1.0,1.0,1.0,1.0,1.0,1.0,1.0,1.0,2.0,1.0,1.0,2.0,1.0,1.0,1.0,1.0,1.0,2.0,2.0,4.0,1.0,2.0,1.0,2.0,1.0,1.0,1.0,2.0,1.0,2.0,1.0,1.0,1.0,1.0,8.0,2.0,1.0,1.0,1.0,1.0,2.0,1.0,1.0,2.0,2.0,1.0,2.0,14.0,4.0,3.0,2.0,6.0,1.0,1.0,1.0,1.0,3.0,1.0,1.0,1.0,553.0,3.0,563.0,1.0,2.0,1.0,2.0,1.0,1.0,1.0,1.0,1.0,1.0,2.0,1.0,1.0,1.0,3.0,2.0,1.0,5.0,3.0,1.0,2.0,1.0,3.0,1.0,1.0,2.0,3.0,3.0,2.0,4.0,1.0,1.0,2.0,5.0,1.0,2.0,1.0,2.0,4.0,1.0,1.0,2.0,2.0,2.0,1.0,1.0,2.0,1.0,3.0,2.0,1.0,2.0,3.0,1.0,2.0,2.0,5.0,1.0,4.0,2.0,1.0,3.0,2.0,1.0,3.0,1.0,1.0,1.0,5.0,3.0,34.0,4.0,2.0,1.0,1.0,1.0,4.0,1.0,1.0,2.0,17.0,2.0,4.0,1.0,1.0,1.0,5.0,1.0,1.0,1.0,1.0,3.0,2.0,1.0,1.0,1.0,3.0,1.0,2.0,3.0,2.0,1.0,1.0,1.0,3.0,1.0,1.0,3.0,4.0,1.0,2.0,8.0,3.0,6.0,7.0,1.0,2.0,12.0,1.0,5.0,3.0,5.0,2.0,1.0,17.0,1.0,9.0,9.0,6.0,1.0,1.0,3.0,2.0,1.0,8.0,4.0,1.0,1.0,4.0,1.0,1.0,1.0,2.0,1.0,3.0,1.0,1.0,168.0,1.0,7.0,2.0,1.0,3.0,2.0,2.0,1.0,2.0,1.0,8.0,1.0,6.0,3.0,3.0,1.0,1.0,1.0,3.0,1.0,2.0,1.0,2.0,1.0,1.0,1.0,1.0,1.0,580.0,1.0,2.0,1.0,2.0,1.0,1.0,4.0,5.0,3.0,1.0,1.0,1.0,7.0,1.0,4.0,1.0,3.0,1.0,3.0,1.0,1.0,1.0,1.0,3.0,1.0,1.0,4.0,1.0,1.0,2.0,1.0,2.0,80.0,1.0,1.0,3.0,4.0,1.0,1.0,2.0,1.0,1.0,1.0,2.0,5.0,1.0,1.0,1.0,1.0,1.0,1.0,1.0,14.0,1.0,3.0,1.0,60.0,2.0,1.0,1.0,1.0,3.0,1.0,1.0,1.0,1.0,1.0,1.0,5.0,1.0,1.0,1.0,2.0,1.0,1.0,1.0,1.0,1.0,2.0,1.0,1.0,2.0,1.0,1.0,2.0,1.0,1.0,1.0,1.0,1.0,1.0,3.0,1.0,2.0,1.0,3.0,1.0,1.0,1.0,1.0,1.0,1.0,8.0,1.0,3.0,3.0,1.0,1.0,2.0,1.0,1.0,7.0,2.0,1.0,4.0,1.0,3.0,6.0,1.0,1.0,2.0,1.0,2.0,7.0,1.0,1.0,1.0,1.0,2.0,1.0,1.0,2.0,580.0,26.0,3.0,1.0,59.0,3.0,1.0,5.0,4.0,2.0,3.0,1.0,4.0,2.0,2.0,1.0,1.0,1.0,1.0,1.0,1.0,1.0,2.0,1.0,1.0,1.0,2.0,5.0,3.0,257.0,1.0,2.0,23.0,11.0,14.0,16.0,20.0,53.0,3.0,4.0,9.0,11.0,7.0,2.0,1.0,9.0,5.0,18.0,29.0,54.0,1.0,1.0,23.0,11.0
2023-12-25,1.0,3.0,1.0,1.0,1.0,1.0,1.0,15.0,1.0,1.0,1.0,1.0,11.0,5.0,4.0,2.0,1.0,8.0,8.0,1.0,2.0,1.0,1.0,1.0,1.0,2.0,1.0,1.0,1.0,1.0,2.0,1.0,1.0,1.0,4.0,310.0,1.0,1.0,1.0,2.0,1.0,1.0,1.0,1.0,1.0,1.0,1.0,1.0,1.0,21.0,3.0,2.0,1.0,13.0,15.0,6.0,1.0,3.0,4.0,4.0,2.0,1.0,5.0,1.0,1.0,1.0,2.0,4.0,1.0,1.0,1.0,1.0,2.0,1.0,2.0,2.0,3.0,2.0,9.0,2.0,1.0,49.0,1.0,1.0,1.0,71.0,12.0,3.0,1.0,6.0,1.0,2.0,1.0,1.0,1.0,1.0,3.0,2.0,4.0,1.0,1.0,3.0,3.0,4.0,1.0,3.0,1.0,3.0,1.0,1.0,1.0,1.0,1.0,3.0,2.0,1.0,1.0,1.0,2.0,1.0,1.0,1.0,3.0,1.0,1.0,2.0,2.0,1.0,2.0,1.0,1.0,1.0,1.0,2.0,8.0,4.0,1.0,2.0,2.0,1.0,2.0,3.0,10.0,3.0,1.0,1.0,2.0,1.0,1.0,1.0,1.0,1.0,1.0,1.0,7.0,1.0,1.0,1.0,5.0,3.0,4.0,1.0,1.0,3.0,1.0,1.0,1.0,1.0,1.0,1.0,7.0,2.0,6.0,1.0,1.0,4.0,1.0,1.0,1.0,1.0,1.0,1.0,1.0,1.0,2.0,1.0,1.0,1.0,1.0,1.0,2.0,3.0,1.0,12.0,1.0,2.0,1.0,1.0,2.0,1.0,1.0,1.0,2.0,1.0,1.0,1.0,1.0,1.0,7.0,1.0,4.0,1.0,1.0,1.0,2.0,11.0,2.0,5.0,2.0,1.0,1.0,5.0,5.0,1.0,1.0,1.0,1.0,4.0,1.0,1.0,7.0,6.0,1.0,2.0,553.0,2.0,563.0,2.0,2.0,3.0,3.0,1.0,2.0,2.0,3.0,1.0,1.0,1.0,1.0,1.0,1.0,3.0,1.0,1.0,5.0,1.0,1.0,1.0,1.0,3.0,1.0,1.0,4.0,2.0,9.0,4.0,8.0,2.0,1.0,2.0,5.0,4.0,1.0,1.0,5.0,4.0,2.0,7.0,4.0,1.0,3.0,1.0,1.0,2.0,1.0,3.0,5.0,7.0,1.0,6.0,6.0,4.0,1.0,1.0,2.0,2.0,1.0,2.0,3.0,1.0,1.0,1.0,2.0,4.0,2.0,1.0,2.0,47.0,8.0,2.0,1.0,1.0,3.0,7.0,1.0,3.0,1.0,21.0,2.0,1.0,1.0,2.0,1.0,2.0,1.0,1.0,1.0,6.0,2.0,2.0,3.0,1.0,2.0,2.0,1.0,2.0,3.0,1.0,1.0,1.0,2.0,1.0,1.0,3.0,15.0,16.0,12.0,8.0,14.0,11.0,11.0,9.0,1.0,2.0,7.0,5.0,5.0,4.0,3.0,1.0,1.0,2.0,1.0,3.0,2.0,4.0,1.0,1.0,1.0,1.0,1.0,7.0,4.0,1.0,3.0,1.0,1.0,4.0,2.0,2.0,1.0,5.0,1.0,1.0,150.0,7.0,10.0,1.0,1.0,1.0,11.0,12.0,1.0,1.0,3.0,5.0,1.0,7.0,2.0,2.0,1.0,1.0,30.0,4.0,1.0,2.0,1.0,1.0,1.0,1.0,1.0,1.0,1.0,580.0,1.0,2.0,1.0,1.0,4.0,1.0,2.0,1.0,6.0,1.0,1.0,1.0,6.0,1.0,2.0,1.0,1.0,1.0,1.0,1.0,1.0,1.0,1.0,1.0,1.0,1.0,4.0,1.0,1.0,2.0,1.0,3.0,101.0,2.0,1.0,2.0,3.0,1.0,1.0,1.0,2.0,1.0,1.0,2.0,3.0,1.0,5.0,1.0,1.0,1.0,1.0,1.0,21.0,1.0,2.0,1.0,581.0,1.0,1.0,1.0,1.0,2.0,3.0,1.0,2.0,1.0,1.0,3.0,5.0,1.0,1.0,3.0,1.0,1.0,1.0,1.0,2.0,1.0,12.0,1.0,7.0,28.0,1.0,1.0,1.0,1.0,1.0,2.0,1.0,1.0,2.0,1.0,1.0,1.0,1.0,1.0,1.0,1.0,1.0,1.0,1.0,1.0,1.0,1.0,1.0,1.0,1.0,3.0,2.0,2.0,1.0,2.0,1.0,2.0,1.0,1.0,2.0,2.0,1.0,1.0,4.0,1.0,3.0,5.0,1.0,1.0,13.0,1.0,3.0,1.0,1.0,9.0,7.0,3.0,3.0,1.0,3.0,1.0,1.0,2.0,5.0,1.0,3.0,1.0,4.0,3.0,2.0,1.0,1.0,4.0,1.0,2.0,2.0,1.0,2.0,2.0,3.0,1.0,2.0,1.0,1.0,279.0,1.0,2.0,24.0,14.0,20.0,38.0,61.0,57.0,3.0,4.0,9.0,14.0,6.0,2.0,1.0,7.0,6.0,19.0,16.0,48.0,1.0,1.0,23.0,17.0
2023-12-26,1.0,1.0,1.0,1.0,1.0,1.0,3.0,1.0,3.0,1.0,1.0,2.0,9.0,2.0,1.0,1.0,1.0,1.0,1.0,3.0,1.0,2.0,1.0,2.0,1.0,2.0,1.0,1.0,2.0,1.0,3.0,1.0,2.0,1.0,1.0,310.0,1.0,1.0,1.0,1.0,2.0,1.0,1.0,1.0,1.0,1.0,1.0,1.0,1.0,37.0,2.0,2.0,1.0,9.0,11.0,12.0,1.0,2.0,1.0,2.0,1.0,1.0,1.0,1.0,1.0,2.0,1.0,1.0,1.0,1.0,1.0,1.0,1.0,1.0,2.0,3.0,2.0,1.0,6.0,5.0,1.0,63.0,1.0,1.0,1.0,117.0,6.0,3.0,1.0,4.0,1.0,2.0,1.0,1.0,1.0,1.0,2.0,1.0,4.0,1.0,2.0,2.0,1.0,2.0,1.0,1.0,4.0,1.0,1.0,3.0,2.0,1.0,1.0,1.0,1.0,1.0,1.0,1.0,2.0,3.0,1.0,1.0,6.0,1.0,1.0,2.0,1.0,1.0,1.0,1.0,1.0,1.0,1.0,1.0,2.0,1.0,2.0,1.0,3.0,1.0,2.0,3.0,4.0,3.0,2.0,1.0,1.0,1.0,1.0,1.0,1.0,1.0,1.0,1.0,6.0,1.0,1.0,1.0,3.0,5.0,14.0,2.0,1.0,1.0,1.0,2.0,1.0,1.0,1.0,1.0,2.0,2.0,1.0,1.0,1.0,1.0,1.0,1.0,1.0,1.0,1.0,1.0,1.0,1.0,2.0,2.0,1.0,2.0,2.0,2.0,2.0,2.0,1.0,2.0,1.0,1.0,2.0,1.0,1.0,1.0,1.0,4.0,1.0,1.0,1.0,1.0,1.0,3.0,6.0,1.0,1.0,1.0,1.0,1.0,6.0,2.0,1.0,5.0,5.0,1.0,1.0,1.0,4.0,2.0,2.0,1.0,1.0,2.0,1.0,1.0,1.0,1.0,1.0,1.0,553.0,3.0,563.0,1.0,2.0,1.0,1.0,1.0,1.0,2.0,7.0,1.0,1.0,1.0,1.0,1.0,1.0,1.0,1.0,1.0,2.0,1.0,1.0,1.0,2.0,2.0,1.0,1.0,5.0,1.0,2.0,6.0,1.0,4.0,5.0,2.0,2.0,1.0,1.0,1.0,3.0,3.0,2.0,2.0,1.0,2.0,1.0,3.0,1.0,2.0,1.0,1.0,3.0,2.0,1.0,4.0,5.0,4.0,2.0,1.0,1.0,2.0,1.0,2.0,1.0,3.0,4.0,1.0,2.0,5.0,1.0,2.0,1.0,46.0,6.0,1.0,1.0,1.0,1.0,1.0,1.0,1.0,1.0,7.0,1.0,1.0,1.0,1.0,1.0,1.0,1.0,1.0,1.0,1.0,1.0,1.0,4.0,1.0,2.0,3.0,2.0,4.0,3.0,1.0,3.0,1.0,2.0,1.0,1.0,1.0,2.0,1.0,1.0,3.0,6.0,6.0,1.0,6.0,2.0,1.0,1.0,2.0,5.0,1.0,2.0,1.0,4.0,2.0,1.0,1.0,1.0,2.0,1.0,1.0,10.0,3.0,3.0,5.0,2.0,1.0,2.0,2.0,1.0,1.0,1.0,1.0,1.0,11.0,1.0,1.0,186.0,3.0,1.0,1.0,1.0,1.0,9.0,6.0,2.0,1.0,2.0,1.0,2.0,3.0,1.0,1.0,2.0,143.0,1.0,4.0,1.0,2.0,1.0,1.0,3.0,2.0,1.0,1.0,2.0,580.0,1.0,2.0,2.0,1.0,1.0,1.0,2.0,2.0,18.0,1.0,1.0,2.0,1.0,1.0,2.0,2.0,1.0,1.0,1.0,1.0,1.0,1.0,1.0,2.0,3.0,1.0,1.0,1.0,1.0,1.0,1.0,2.0,21.0,1.0,3.0,2.0,3.0,1.0,1.0,1.0,2.0,1.0,2.0,1.0,6.0,1.0,6.0,5.0,2.0,1.0,1.0,1.0,4.0,4.0,2.0,1.0,581.0,1.0,1.0,2.0,1.0,2.0,1.0,1.0,2.0,1.0,1.0,1.0,5.0,1.0,2.0,1.0,3.0,1.0,6.0,1.0,1.0,1.0,2.0,5.0,1.0,3.0,1.0,1.0,1.0,1.0,1.0,324.0,1.0,1.0,1.0,3.0,1.0,1.0,1.0,1.0,2.0,17.0,1.0,1.0,1.0,1.0,1.0,1.0,1.0,1.0,1.0,1.0,1.0,1.0,1.0,3.0,16.0,3.0,1.0,1.0,1.0,2.0,1.0,1.0,32.0,3.0,5.0,6.0,1.0,1.0,1.0,2.0,1.0,1.0,1.0,2.0,1.0,2.0,1.0,1.0,1.0,1.0,1.0,1.0,2.0,1.0,2.0,2.0,3.0,1.0,1.0,1.0,1.0,2.0,1.0,1.0,1.0,2.0,2.0,1.0,1.0,1.0,1.0,1.0,1.0,254.0,1.0,2.0,36.0,13.0,20.0,37.0,34.0,52.0,3.0,4.0,10.0,13.0,6.0,2.0,1.0,9.0,5.0,11.0,17.0,34.0,1.0,1.0,17.0,1.0
2023-12-27,1.0,1.0,1.0,1.0,1.0,1.0,2.0,6.0,1.0,1.0,2.0,1.0,4.0,1.0,2.0,1.0,6.0,5.0,1.0,33.0,4.0,2.0,2.0,1.0,1.0,41.0,14.0,2.0,8.0,1.0,2.0,3.0,4.0,28.0,10.0,310.0,2.0,5.0,1.0,1.0,6.0,11.0,5.0,3.0,1.0,1.0,1.0,1.0,1.0,11.0,2.0,6.0,5.0,4.0,2.0,41.0,32.0,15.0,35.0,25.0,8.0,2.0,9.0,1.0,55.0,14.0,20.0,15.0,26.0,58.0,5.0,30.0,20.0,44.0,50.0,37.0,108.0,74.0,40.0,128.0,2.0,17.0,1.0,2.0,1.0,171.0,1.0,13.0,2.0,5.0,2.0,22.0,1.0,2.0,1.0,1.0,2.0,12.0,37.0,1.0,26.0,9.0,2.0,2.0,1.0,4.0,5.0,2.0,3.0,1.0,1.0,2.0,1.0,1.0,2.0,1.0,4.0,1.0,2.0,1.0,1.0,2.0,8.0,1.0,1.0,6.0,6.0,1.0,2.0,3.0,4.0,9.0,2.0,1.0,2.0,1.0,2.0,1.0,16.0,25.0,26.0,12.0,14.0,30.0,26.0,6.0,7.0,5.0,2.0,2.0,2.0,3.0,4.0,20.0,1.0,1.0,2.0,1.0,1.0,2.0,18.0,3.0,5.0,10.0,1.0,1.0,37.0,15.0,2.0,1.0,1.0,5.0,4.0,1.0,3.0,8.0,1.0,1.0,2.0,5.0,9.0,1.0,15.0,8.0,6.0,14.0,2.0,2.0,1.0,1.0,1.0,2.0,1.0,2.0,1.0,2.0,1.0,1.0,1.0,1.0,1.0,2.0,1.0,10.0,23.0,3.0,1.0,2.0,8.0,34.0,13.0,9.0,2.0,1.0,8.0,12.0,9.0,28.0,7.0,16.0,1.0,5.0,26.0,10.0,5.0,3.0,2.0,20.0,10.0,4.0,17.0,3.0,1.0,7.0,553.0,1.0,563.0,2.0,2.0,6.0,9.0,12.0,2.0,4.0,18.0,2.0,1.0,8.0,1.0,2.0,5.0,5.0,1.0,5.0,3.0,1.0,19.0,9.0,1.0,2.0,1.0,21.0,14.0,11.0,8.0,3.0,4.0,4.0,3.0,1.0,3.0,1.0,1.0,8.0,7.0,3.0,1.0,1.0,1.0,2.0,1.0,2.0,2.0,1.0,2.0,2.0,16.0,12.0,17.0,13.0,17.0,21.0,10.0,13.0,1.0,4.0,4.0,3.0,1.0,5.0,5.0,2.0,3.0,5.0,1.0,3.0,2.0,1.0,1.0,5.0,10.0,8.0,20.0,14.0,9.0,2.0,1.0,3.0,37.0,20.0,59.0,78.0,39.0,101.0,1.0,1.0,3.0,76.0,122.0,91.0,12.0,3.0,3.0,2.0,1.0,46.0,90.0,64.0,59.0,6.0,100.0,83.0,53.0,1.0,12.0,1.0,5.0,4.0,7.0,9.0,1.0,4.0,2.0,1.0,8.0,11.0,5.0,4.0,3.0,2.0,1.0,1.0,1.0,1.0,4.0,6.0,1.0,4.0,6.0,5.0,7.0,15.0,14.0,4.0,7.0,2.0,1.0,1.0,1.0,1.0,10.0,9.0,1.0,1.0,188.0,1.0,1.0,3.0,1.0,1.0,1.0,1.0,2.0,1.0,1.0,1.0,1.0,1.0,1.0,1.0,4.0,136.0,1.0,3.0,2.0,1.0,1.0,1.0,2.0,1.0,1.0,1.0,1.0,55.0,1.0,1.0,1.0,2.0,1.0,1.0,2.0,1.0,55.0,1.0,1.0,1.0,2.0,1.0,1.0,1.0,5.0,3.0,1.0,1.0,3.0,1.0,1.0,1.0,1.0,1.0,1.0,1.0,1.0,1.0,1.0,2.0,65.0,1.0,4.0,1.0,1.0,1.0,1.0,1.0,2.0,1.0,2.0,1.0,6.0,2.0,2.0,6.0,2.0,1.0,1.0,1.0,1.0,1.0,2.0,1.0,206.0,2.0,1.0,1.0,1.0,3.0,1.0,1.0,2.0,1.0,1.0,1.0,2.0,1.0,1.0,4.0,1.0,2.0,1.0,1.0,1.0,2.0,1.0,2.0,1.0,2.0,1.0,2.0,1.0,1.0,1.0,587.0,1.0,1.0,1.0,1.0,1.0,2.0,1.0,1.0,2.0,1.0,1.0,1.0,1.0,1.0,1.0,1.0,1.0,4.0,1.0,1.0,1.0,3.0,1.0,1.0,1.0,1.0,2.0,3.0,1.0,1.0,1.0,1.0,1.0,1.0,3.0,1.0,2.0,1.0,1.0,1.0,1.0,1.0,1.0,1.0,1.0,1.0,1.0,1.0,1.0,1.0,1.0,1.0,2.0,1.0,1.0,1.0,2.0,2.0,4.0,2.0,1.0,2.0,1.0,1.0,1.0,2.0,1.0,1.0,2.0,2.0,1.0,1.0,2.0,220.0,1.0,2.0,30.0,1.0,3.0,2.0,1.0,16.0,3.0,5.0,8.0,10.0,4.0,1.0,2.0,5.0,3.0,5.0,1.0,2.0,1.0,1.0,5.0,1.0
2023-12-28,1.0,2.0,2.0,1.0,1.0,3.0,1.0,1.0,1.0,1.0,2.0,1.0,1.0,1.0,1.0,1.0,1.0,3.0,1.0,1.0,1.0,2.0,1.0,2.0,1.0,1.0,3.0,1.0,1.0,1.0,2.0,1.0,2.0,1.0,1.0,310.0,1.0,1.0,1.0,1.0,1.0,1.0,1.0,2.0,1.0,1.0,2.0,1.0,2.0,1.0,2.0,2.0,1.0,1.0,1.0,1.0,2.0,1.0,1.0,14.0,2.0,1.0,2.0,1.0,3.0,1.0,2.0,4.0,1.0,1.0,1.0,1.0,2.0,1.0,2.0,1.0,1.0,2.0,1.0,1.0,1.0,8.0,1.0,1.0,1.0,1.0,1.0,3.0,1.0,1.0,1.0,2.0,1.0,1.0,1.0,2.0,1.0,2.0,1.0,2.0,1.0,1.0,1.0,2.0,1.0,2.0,3.0,2.0,1.0,1.0,2.0,1.0,1.0,1.0,1.0,1.0,1.0,1.0,3.0,1.0,1.0,1.0,1.0,1.0,1.0,1.0,2.0,1.0,1.0,1.0,2.0,1.0,1.0,3.0,1.0,1.0,1.0,1.0,1.0,1.0,1.0,2.0,1.0,2.0,1.0,16.0,1.0,1.0,2.0,3.0,2.0,1.0,1.0,1.0,1.0,1.0,1.0,1.0,2.0,1.0,1.0,1.0,1.0,1.0,1.0,1.0,1.0,1.0,1.0,2.0,1.0,1.0,1.0,1.0,1.0,1.0,1.0,1.0,1.0,1.0,1.0,1.0,2.0,1.0,1.0,1.0,1.0,1.0,1.0,1.0,3.0,1.0,1.0,1.0,1.0,2.0,1.0,1.0,1.0,1.0,1.0,1.0,1.0,1.0,3.0,1.0,1.0,1.0,1.0,1.0,1.0,1.0,1.0,1.0,1.0,1.0,1.0,1.0,2.0,1.0,1.0,2.0,4.0,1.0,2.0,1.0,4.0,2.0,1.0,1.0,1.0,1.0,4.0,2.0,553.0,2.0,563.0,2.0,1.0,1.0,1.0,1.0,1.0,1.0,3.0,1.0,1.0,1.0,1.0,1.0,1.0,2.0,1.0,1.0,1.0,1.0,1.0,1.0,1.0,2.0,1.0,1.0,2.0,1.0,1.0,1.0,1.0,2.0,3.0,1.0,3.0,2.0,1.0,2.0,2.0,2.0,3.0,3.0,1.0,2.0,1.0,1.0,1.0,1.0,1.0,1.0,1.0,2.0,3.0,4.0,7.0,2.0,3.0,1.0,1.0,3.0,2.0,2.0,1.0,1.0,2.0,1.0,1.0,1.0,1.0,1.0,1.0,2.0,1.0,2.0,1.0,1.0,1.0,1.0,1.0,2.0,1.0,10.0,1.0,1.0,1.0,1.0,6.0,1.0,1.0,1.0,1.0,1.0,1.0,1.0,1.0,2.0,1.0,2.0,1.0,3.0,1.0,1.0,1.0,1.0,1.0,1.0,1.0,1.0,1.0,1.0,7.0,3.0,6.0,2.0,1.0,2.0,1.0,2.0,1.0,1.0,1.0,3.0,4.0,1.0,2.0,1.0,1.0,1.0,1.0,2.0,1.0,1.0,1.0,1.0,2.0,2.0,3.0,2.0,1.0,1.0,1.0,1.0,1.0,1.0,5.0,35.0,1.0,1.0,222.0,2.0,3.0,1.0,1.0,1.0,1.0,1.0,2.0,1.0,2.0,1.0,1.0,2.0,1.0,1.0,1.0,1.0,1.0,1.0,2.0,2.0,1.0,1.0,1.0,1.0,1.0,1.0,1.0,1.0,1.0,2.0,1.0,1.0,5.0,1.0,2.0,1.0,2.0,1.0,1.0,1.0,2.0,1.0,2.0,1.0,2.0,2.0,1.0,1.0,3.0,1.0,1.0,1.0,1.0,1.0,1.0,1.0,1.0,1.0,1.0,1.0,17.0,1.0,3.0,2.0,1.0,1.0,1.0,1.0,2.0,1.0,2.0,1.0,3.0,1.0,1.0,2.0,1.0,1.0,1.0,1.0,1.0,1.0,3.0,2.0,1.0,1.0,1.0,1.0,1.0,1.0,1.0,1.0,2.0,1.0,1.0,1.0,4.0,1.0,1.0,5.0,2.0,4.0,1.0,1.0,1.0,1.0,1.0,1.0,1.0,4.0,49.0,1.0,1.0,1.0,2.0,1.0,1.0,1.0,1.0,1.0,1.0,3.0,2.0,1.0,1.0,1.0,1.0,1.0,1.0,1.0,1.0,3.0,1.0,1.0,1.0,1.0,1.0,2.0,3.0,1.0,1.0,1.0,2.0,1.0,1.0,1.0,1.0,1.0,1.0,1.0,1.0,1.0,1.0,1.0,1.0,1.0,1.0,1.0,1.0,1.0,1.0,1.0,1.0,1.0,1.0,1.0,1.0,1.0,1.0,2.0,1.0,1.0,6.0,3.0,2.0,1.0,1.0,1.0,1.0,1.0,1.0,1.0,1.0,2.0,1.0,1.0,1.0,1.0,1.0,201.0,1.0,2.0,15.0,1.0,2.0,1.0,1.0,18.0,3.0,4.0,8.0,12.0,4.0,1.0,2.0,3.0,3.0,5.0,1.0,1.0,1.0,1.0,5.0,1.0
2023-12-29,1.0,1.0,1.0,1.0,1.0,2.0,1.0,1.0,1.0,1.0,1.0,1.0,1.0,1.0,1.0,1.0,1.0,1.0,2.0,1.0,1.0,2.0,1.0,1.0,1.0,7.0,3.0,1.0,2.0,1.0,2.0,1.0,3.0,5.0,1.0,310.0,1.0,4.0,1.0,1.0,1.0,1.0,1.0,2.0,1.0,1.0,1.0,1.0,1.0,1.0,1.0,1.0,1.0,1.0,1.0,1.0,3.0,1.0,1.0,1.0,1.0,1.0,1.0,3.0,1.0,1.0,1.0,2.0,1.0,1.0,1.0,1.0,1.0,1.0,1.0,1.0,1.0,2.0,1.0,1.0,1.0,22.0,1.0,2.0,3.0,1.0,1.0,4.0,1.0,1.0,1.0,1.0,1.0,1.0,1.0,1.0,1.0,3.0,1.0,1.0,1.0,1.0,1.0,3.0,1.0,1.0,2.0,3.0,1.0,1.0,1.0,1.0,1.0,2.0,1.0,1.0,1.0,1.0,1.0,1.0,1.0,1.0,3.0,1.0,1.0,1.0,2.0,1.0,1.0,2.0,1.0,1.0,1.0,1.0,1.0,1.0,1.0,1.0,4.0,1.0,1.0,1.0,1.0,1.0,2.0,3.0,1.0,1.0,1.0,1.0,1.0,1.0,1.0,1.0,2.0,1.0,1.0,1.0,1.0,1.0,1.0,1.0,2.0,1.0,1.0,1.0,1.0,1.0,1.0,1.0,1.0,1.0,1.0,1.0,1.0,1.0,1.0,1.0,1.0,1.0,1.0,1.0,1.0,1.0,1.0,1.0,1.0,1.0,1.0,1.0,1.0,1.0,1.0,1.0,1.0,2.0,1.0,2.0,1.0,1.0,1.0,1.0,1.0,2.0,1.0,1.0,1.0,1.0,1.0,2.0,1.0,1.0,1.0,1.0,1.0,2.0,1.0,1.0,1.0,1.0,1.0,1.0,2.0,3.0,2.0,1.0,1.0,1.0,1.0,1.0,1.0,1.0,3.0,4.0,553.0,1.0,563.0,1.0,1.0,1.0,1.0,1.0,1.0,1.0,1.0,2.0,1.0,1.0,1.0,1.0,1.0,1.0,1.0,1.0,1.0,1.0,1.0,1.0,1.0,2.0,1.0,1.0,2.0,2.0,1.0,1.0,1.0,1.0,1.0,1.0,3.0,1.0,4.0,2.0,3.0,4.0,4.0,1.0,1.0,1.0,1.0,1.0,1.0,1.0,2.0,1.0,3.0,2.0,1.0,2.0,4.0,4.0,2.0,1.0,1.0,3.0,1.0,2.0,1.0,1.0,2.0,1.0,2.0,1.0,1.0,1.0,1.0,3.0,1.0,1.0,1.0,1.0,1.0,2.0,1.0,2.0,1.0,1.0,1.0,1.0,1.0,1.0,9.0,1.0,1.0,1.0,1.0,3.0,2.0,2.0,1.0,1.0,1.0,1.0,1.0,4.0,1.0,1.0,1.0,1.0,1.0,2.0,1.0,1.0,1.0,1.0,7.0,4.0,5.0,2.0,1.0,2.0,2.0,1.0,2.0,1.0,1.0,2.0,2.0,1.0,1.0,1.0,2.0,1.0,1.0,1.0,1.0,2.0,4.0,1.0,1.0,1.0,5.0,2.0,2.0,1.0,39.0,77.0,75.0,219.0,248.0,457.0,403.0,79.0,234.0,58.0,27.0,49.0,92.0,8.0,62.0,17.0,3.0,2.0,1.0,1.0,1.0,2.0,1.0,227.0,115.0,29.0,148.0,1.0,2.0,1.0,3.0,2.0,1.0,13.0,22.0,10.0,23.0,110.0,14.0,3.0,18.0,1.0,35.0,1.0,15.0,22.0,58.0,18.0,62.0,25.0,12.0,12.0,22.0,65.0,31.0,49.0,63.0,17.0,35.0,1.0,1.0,1.0,1.0,1.0,35.0,8.0,1.0,4.0,1.0,2.0,7.0,1.0,455.0,1.0,1.0,1.0,1.0,276.0,105.0,135.0,224.0,226.0,142.0,125.0,71.0,108.0,205.0,91.0,36.0,52.0,24.0,76.0,24.0,47.0,93.0,294.0,232.0,333.0,80.0,385.0,186.0,190.0,242.0,93.0,49.0,1.0,75.0,40.0,67.0,58.0,27.0,71.0,37.0,81.0,86.0,92.0,101.0,182.0,81.0,63.0,112.0,2.0,18.0,1.0,1.0,1.0,1.0,2.0,1.0,1.0,1.0,1.0,1.0,1.0,2.0,1.0,1.0,1.0,1.0,1.0,1.0,1.0,3.0,1.0,1.0,30.0,70.0,54.0,47.0,55.0,33.0,79.0,43.0,36.0,61.0,13.0,54.0,106.0,175.0,98.0,13.0,1.0,1.0,1.0,1.0,1.0,1.0,1.0,1.0,1.0,1.0,1.0,1.0,1.0,1.0,1.0,1.0,1.0,43.0,19.0,43.0,16.0,27.0,41.0,59.0,127.0,1.0,39.0,90.0,215.0,1.0,2.0,1.0,1.0,1.0,1.0,2.0,1.0,1.0,244.0,1.0,2.0,24.0,97.0,189.0,42.0,54.0,19.0,3.0,4.0,8.0,16.0,5.0,2.0,1.0,3.0,3.0,5.0,1.0,1.0,1.0,1.0,31.0,18.0
2023-12-30,1.0,1.0,1.0,1.0,1.0,1.0,2.0,1.0,1.0,1.0,1.0,1.0,1.0,2.0,1.0,1.0,1.0,1.0,1.0,1.0,1.0,2.0,1.0,1.0,1.0,1.0,2.0,1.0,1.0,1.0,3.0,2.0,1.0,1.0,1.0,310.0,1.0,1.0,3.0,1.0,1.0,1.0,1.0,1.0,1.0,1.0,1.0,1.0,1.0,1.0,1.0,1.0,1.0,1.0,1.0,1.0,1.0,1.0,1.0,2.0,2.0,1.0,2.0,1.0,1.0,2.0,2.0,1.0,1.0,1.0,3.0,1.0,2.0,1.0,2.0,1.0,1.0,2.0,1.0,1.0,1.0,17.0,1.0,1.0,4.0,1.0,1.0,2.0,2.0,3.0,5.0,1.0,1.0,1.0,1.0,1.0,1.0,2.0,1.0,3.0,5.0,1.0,1.0,1.0,2.0,1.0,1.0,1.0,2.0,1.0,2.0,1.0,1.0,2.0,1.0,1.0,2.0,1.0,1.0,1.0,1.0,1.0,1.0,1.0,1.0,1.0,1.0,1.0,1.0,1.0,1.0,1.0,2.0,1.0,1.0,2.0,1.0,2.0,1.0,1.0,1.0,1.0,1.0,2.0,1.0,2.0,1.0,1.0,1.0,1.0,1.0,1.0,1.0,1.0,1.0,1.0,1.0,1.0,2.0,1.0,1.0,5.0,1.0,1.0,20.0,12.0,1.0,1.0,1.0,1.0,1.0,1.0,1.0,1.0,1.0,1.0,2.0,1.0,1.0,1.0,1.0,1.0,1.0,1.0,1.0,1.0,2.0,1.0,1.0,1.0,1.0,2.0,1.0,1.0,1.0,2.0,1.0,1.0,1.0,1.0,1.0,1.0,1.0,2.0,4.0,1.0,1.0,3.0,1.0,5.0,1.0,1.0,1.0,1.0,1.0,8.0,1.0,1.0,1.0,1.0,1.0,1.0,4.0,3.0,4.0,1.0,1.0,1.0,1.0,1.0,1.0,1.0,1.0,1.0,553.0,7.0,563.0,2.0,3.0,1.0,1.0,1.0,1.0,1.0,1.0,1.0,1.0,1.0,1.0,1.0,2.0,1.0,1.0,1.0,1.0,1.0,1.0,2.0,1.0,1.0,1.0,1.0,6.0,8.0,1.0,3.0,1.0,2.0,3.0,3.0,4.0,2.0,5.0,2.0,1.0,2.0,3.0,3.0,1.0,2.0,1.0,1.0,1.0,1.0,2.0,1.0,1.0,1.0,3.0,3.0,1.0,3.0,9.0,1.0,6.0,3.0,4.0,1.0,1.0,1.0,1.0,1.0,3.0,1.0,1.0,1.0,1.0,3.0,1.0,1.0,1.0,1.0,1.0,1.0,1.0,2.0,1.0,1.0,1.0,1.0,2.0,1.0,1.0,1.0,1.0,1.0,1.0,1.0,3.0,1.0,1.0,2.0,1.0,2.0,1.0,3.0,2.0,2.0,2.0,1.0,2.0,1.0,2.0,1.0,5.0,1.0,2.0,1.0,2.0,1.0,2.0,3.0,1.0,1.0,1.0,1.0,2.0,2.0,1.0,1.0,2.0,1.0,1.0,1.0,1.0,3.0,1.0,1.0,2.0,6.0,1.0,5.0,4.0,3.0,2.0,1.0,1.0,1.0,1.0,1.0,2.0,1.0,1.0,1.0,229.0,1.0,2.0,2.0,1.0,1.0,1.0,1.0,1.0,1.0,4.0,1.0,1.0,1.0,2.0,1.0,1.0,1.0,1.0,1.0,1.0,1.0,1.0,2.0,17.0,1.0,1.0,1.0,1.0,2.0,1.0,1.0,1.0,1.0,1.0,5.0,4.0,1.0,1.0,1.0,1.0,1.0,2.0,1.0,1.0,4.0,1.0,1.0,1.0,1.0,1.0,1.0,1.0,1.0,1.0,1.0,1.0,2.0,1.0,1.0,1.0,2.0,110.0,1.0,598.0,1.0,2.0,1.0,1.0,1.0,1.0,1.0,1.0,2.0,2.0,1.0,3.0,2.0,1.0,1.0,1.0,1.0,1.0,1.0,1.0,1.0,1.0,1.0,3.0,2.0,1.0,4.0,2.0,2.0,1.0,1.0,1.0,1.0,1.0,1.0,1.0,2.0,2.0,2.0,1.0,1.0,1.0,1.0,1.0,2.0,1.0,1.0,1.0,1.0,1.0,1.0,2.0,1.0,1.0,1.0,1.0,1.0,1.0,2.0,1.0,1.0,3.0,1.0,1.0,1.0,1.0,1.0,1.0,1.0,1.0,2.0,1.0,1.0,1.0,1.0,1.0,1.0,1.0,7.0,3.0,1.0,1.0,1.0,1.0,1.0,1.0,1.0,1.0,1.0,1.0,1.0,1.0,1.0,1.0,1.0,1.0,1.0,1.0,1.0,1.0,1.0,1.0,1.0,1.0,1.0,1.0,2.0,1.0,1.0,2.0,1.0,1.0,2.0,1.0,2.0,1.0,1.0,1.0,1.0,1.0,2.0,1.0,2.0,1.0,1.0,1.0,253.0,1.0,1.0,30.0,1.0,6.0,5.0,5.0,50.0,1.0,1.0,8.0,10.0,5.0,1.0,1.0,3.0,5.0,10.0,1.0,5.0,1.0,1.0,23.0,1.0
2023-12-31,1.0,2.0,1.0,1.0,2.0,1.0,2.0,7.0,1.0,1.0,1.0,2.0,1.0,8.0,60.0,1.0,3.0,3.0,1.0,1.0,1.0,2.0,1.0,3.0,1.0,8.0,3.0,1.0,2.0,4.0,1.0,1.0,4.0,1.0,1.0,310.0,1.0,1.0,1.0,2.0,1.0,1.0,1.0,1.0,1.0,1.0,1.0,1.0,3.0,1.0,1.0,2.0,1.0,1.0,3.0,1.0,4.0,4.0,1.0,1.0,5.0,1.0,8.0,3.0,2.0,4.0,2.0,3.0,8.0,12.0,1.0,7.0,1.0,3.0,1.0,1.0,1.0,4.0,4.0,1.0,1.0,2.0,1.0,2.0,1.0,23.0,3.0,5.0,1.0,3.0,7.0,1.0,1.0,1.0,1.0,1.0,1.0,3.0,1.0,2.0,7.0,1.0,3.0,4.0,2.0,2.0,1.0,3.0,1.0,2.0,1.0,2.0,1.0,3.0,2.0,2.0,3.0,1.0,4.0,1.0,1.0,1.0,2.0,1.0,1.0,1.0,2.0,3.0,2.0,1.0,1.0,1.0,1.0,1.0,1.0,2.0,2.0,1.0,2.0,1.0,1.0,1.0,2.0,2.0,1.0,1.0,1.0,1.0,1.0,1.0,1.0,1.0,1.0,1.0,3.0,1.0,9.0,4.0,2.0,3.0,9.0,1.0,1.0,1.0,1.0,1.0,1.0,1.0,1.0,1.0,1.0,1.0,1.0,1.0,1.0,1.0,1.0,1.0,1.0,1.0,2.0,1.0,1.0,1.0,1.0,1.0,1.0,1.0,1.0,1.0,2.0,1.0,1.0,3.0,1.0,2.0,1.0,2.0,1.0,1.0,1.0,4.0,1.0,1.0,3.0,1.0,2.0,1.0,6.0,1.0,2.0,3.0,1.0,1.0,1.0,2.0,3.0,10.0,8.0,1.0,3.0,1.0,5.0,2.0,5.0,2.0,1.0,3.0,2.0,9.0,2.0,1.0,1.0,1.0,553.0,3.0,563.0,1.0,2.0,1.0,1.0,1.0,1.0,1.0,2.0,1.0,1.0,1.0,1.0,1.0,1.0,2.0,2.0,1.0,5.0,1.0,1.0,3.0,1.0,61.0,15.0,1.0,2.0,1.0,2.0,1.0,1.0,2.0,1.0,1.0,2.0,2.0,1.0,6.0,1.0,3.0,3.0,1.0,2.0,1.0,1.0,1.0,1.0,1.0,2.0,3.0,4.0,3.0,3.0,2.0,1.0,1.0,2.0,5.0,1.0,4.0,4.0,3.0,1.0,2.0,3.0,1.0,1.0,1.0,1.0,1.0,2.0,24.0,5.0,2.0,1.0,2.0,1.0,4.0,1.0,1.0,1.0,14.0,1.0,1.0,2.0,1.0,10.0,1.0,1.0,1.0,1.0,6.0,1.0,1.0,2.0,13.0,1.0,4.0,4.0,2.0,3.0,1.0,1.0,1.0,2.0,4.0,1.0,1.0,5.0,4.0,12.0,3.0,5.0,4.0,6.0,2.0,1.0,1.0,2.0,1.0,3.0,6.0,7.0,3.0,2.0,2.0,1.0,5.0,4.0,4.0,1.0,1.0,1.0,1.0,2.0,5.0,6.0,2.0,9.0,6.0,1.0,1.0,1.0,1.0,2.0,2.0,1.0,1.0,223.0,3.0,2.0,2.0,1.0,1.0,9.0,1.0,1.0,1.0,1.0,21.0,3.0,5.0,3.0,1.0,1.0,1.0,1.0,1.0,1.0,2.0,1.0,4.0,178.0,1.0,1.0,1.0,1.0,1.0,1.0,1.0,1.0,3.0,6.0,1.0,9.0,11.0,4.0,1.0,1.0,1.0,9.0,2.0,1.0,1.0,5.0,1.0,2.0,1.0,1.0,1.0,1.0,3.0,1.0,2.0,3.0,1.0,1.0,3.0,1.0,1.0,131.0,1.0,598.0,9.0,5.0,2.0,5.0,1.0,12.0,2.0,3.0,1.0,4.0,6.0,15.0,1.0,1.0,1.0,2.0,1.0,6.0,2.0,1.0,5.0,1.0,2.0,15.0,1.0,4.0,9.0,3.0,1.0,1.0,1.0,10.0,1.0,3.0,8.0,3.0,2.0,1.0,1.0,14.0,1.0,1.0,2.0,16.0,1.0,7.0,25.0,2.0,1.0,1.0,1.0,1.0,4.0,1.0,1.0,1.0,2.0,1.0,3.0,5.0,1.0,1.0,1.0,1.0,1.0,1.0,1.0,1.0,1.0,3.0,1.0,1.0,3.0,1.0,2.0,1.0,3.0,1.0,7.0,2.0,1.0,1.0,4.0,1.0,1.0,1.0,1.0,1.0,1.0,1.0,1.0,4.0,1.0,2.0,1.0,1.0,2.0,5.0,49.0,18.0,1.0,1.0,8.0,1.0,5.0,3.0,3.0,2.0,4.0,3.0,2.0,1.0,6.0,1.0,1.0,1.0,3.0,16.0,1.0,3.0,1.0,7.0,1.0,2.0,1.0,1.0,243.0,1.0,2.0,18.0,39.0,17.0,35.0,40.0,66.0,3.0,3.0,13.0,19.0,7.0,2.0,1.0,5.0,5.0,13.0,14.0,18.0,1.0,2.0,89.0,40.0
2024-01-01,41.0,92.0,28.0,32.0,3.0,2.0,4.0,82.0,1.0,1.0,1.0,1.0,1.0,3.0,1.0,1.0,1.0,1.0,1.0,11.0,2.0,1.0,1.0,1.0,1.0,1.0,2.0,1.0,2.0,1.0,1.0,1.0,6.0,1.0,1.0,310.0,2.0,1.0,1.0,7.0,1.0,1.0,1.0,2.0,1.0,1.0,9.0,1.0,64.0,283.0,46.0,6.0,1.0,350.0,321.0,94.0,1.0,2.0,1.0,2.0,1.0,1.0,1.0,1.0,1.0,2.0,1.0,1.0,11.0,4.0,1.0,1.0,1.0,1.0,5.0,1.0,2.0,12.0,68.0,1.0,73.0,92.0,34.0,1.0,3.0,204.0,2.0,1.0,1.0,2.0,1.0,52.0,1.0,1.0,17.0,1.0,1.0,5.0,1.0,9.0,1.0,87.0,11.0,5.0,1.0,3.0,1.0,4.0,1.0,1.0,6.0,1.0,1.0,1.0,4.0,1.0,4.0,1.0,3.0,1.0,63.0,68.0,9.0,1.0,25.0,1.0,1.0,166.0,1.0,1.0,177.0,1.0,1.0,309.0,8.0,14.0,6.0,7.0,3.0,1.0,1.0,7.0,22.0,10.0,1.0,2.0,17.0,1.0,1.0,1.0,1.0,1.0,1.0,279.0,13.0,10.0,1.0,9.0,5.0,19.0,10.0,2.0,5.0,31.0,1.0,1.0,1.0,3.0,1.0,1.0,1.0,7.0,1.0,1.0,127.0,37.0,1.0,1.0,15.0,3.0,70.0,16.0,1.0,1.0,13.0,3.0,1.0,1.0,1.0,1.0,2.0,5.0,3.0,27.0,2.0,1.0,3.0,1.0,2.0,2.0,2.0,22.0,1.0,2.0,1.0,1.0,1.0,3.0,53.0,1.0,20.0,2.0,1.0,1.0,9.0,1.0,1.0,1.0,1.0,1.0,1.0,3.0,2.0,2.0,1.0,1.0,32.0,1.0,1.0,66.0,43.0,2.0,3.0,1.0,553.0,13.0,563.0,1.0,1.0,1.0,68.0,1.0,1.0,1.0,7.0,23.0,1.0,1.0,97.0,5.0,2.0,1.0,76.0,20.0,1.0,6.0,12.0,2.0,3.0,186.0,12.0,1.0,1.0,1.0,1.0,1.0,1.0,1.0,3.0,12.0,3.0,2.0,1.0,1.0,1.0,2.0,2.0,1.0,43.0,8.0,1.0,1.0,2.0,1.0,2.0,1.0,3.0,2.0,3.0,4.0,1.0,3.0,2.0,4.0,1.0,2.0,3.0,1.0,4.0,1.0,2.0,1.0,1.0,1.0,1.0,21.0,27.0,132.0,12.0,2.0,2.0,19.0,6.0,58.0,4.0,3.0,2.0,65.0,1.0,7.0,1.0,15.0,91.0,157.0,159.0,23.0,1.0,57.0,49.0,1.0,1.0,4.0,27.0,6.0,5.0,2.0,1.0,117.0,1.0,4.0,1.0,1.0,1.0,1.0,2.0,1.0,3.0,1.0,2.0,6.0,9.0,7.0,2.0,1.0,2.0,1.0,4.0,2.0,4.0,1.0,3.0,2.0,1.0,3.0,3.0,5.0,1.0,4.0,2.0,1.0,1.0,5.0,4.0,1.0,2.0,3.0,1.0,1.0,39.0,1.0,1.0,1.0,1.0,146.0,146.0,36.0,2.0,1.0,1.0,174.0,1.0,1.0,1.0,4.0,3.0,27.0,4.0,8.0,6.0,1.0,15.0,1.0,1.0,38.0,5.0,12.0,1.0,61.0,178.0,1.0,1.0,1.0,1.0,52.0,218.0,1.0,1.0,24.0,2.0,1.0,1.0,1.0,2.0,7.0,13.0,1.0,22.0,1.0,1.0,16.0,1.0,1.0,1.0,1.0,8.0,1.0,5.0,1.0,1.0,1.0,1.0,1.0,1.0,1.0,1.0,1.0,290.0,19.0,598.0,2.0,1.0,159.0,24.0,32.0,112.0,1.0,69.0,1.0,66.0,1.0,3.0,39.0,1.0,3.0,179.0,86.0,130.0,1.0,3.0,2.0,1.0,7.0,6.0,53.0,45.0,1.0,2.0,15.0,7.0,1.0,9.0,1.0,1.0,33.0,25.0,1.0,1.0,1.0,1.0,1.0,14.0,1.0,6.0,1.0,2.0,1.0,1.0,1.0,1.0,1.0,1.0,2.0,1.0,1.0,1.0,1.0,2.0,1.0,1.0,1.0,1.0,1.0,167.0,1.0,1.0,89.0,64.0,1.0,1.0,44.0,1.0,1.0,33.0,2.0,2.0,14.0,1.0,2.0,2.0,1.0,10.0,442.0,153.0,1.0,1.0,1.0,1.0,24.0,3.0,1.0,1.0,1.0,1.0,1.0,1.0,1.0,65.0,51.0,16.0,1.0,1.0,7.0,9.0,33.0,4.0,1.0,2.0,10.0,15.0,1.0,3.0,2.0,1.0,1.0,34.0,1.0,4.0,49.0,2.0,225.0,4.0,4.0,14.0,66.0,155.0,343.0,7.0,10.0,44.0,94.0,93.0,212.0,178.0,47.0,3.0,4.0,9.0,13.0,5.0,2.0,1.0,7.0,7.0,17.0,24.0,39.0,1.0,2.0,65.0,69.0
2024-01-02,1.0,2.0,1.0,1.0,1.0,1.0,3.0,1.0,1.0,1.0,3.0,1.0,2.0,3.0,1.0,1.0,1.0,5.0,1.0,3.0,2.0,3.0,1.0,1.0,1.0,1.0,6.0,1.0,1.0,1.0,2.0,1.0,3.0,1.0,1.0,310.0,2.0,1.0,2.0,1.0,1.0,1.0,1.0,2.0,2.0,1.0,1.0,1.0,1.0,1.0,1.0,3.0,1.0,1.0,1.0,1.0,1.0,2.0,1.0,1.0,2.0,1.0,1.0,1.0,3.0,3.0,1.0,1.0,1.0,1.0,1.0,1.0,1.0,1.0,1.0,1.0,1.0,1.0,1.0,1.0,1.0,25.0,1.0,2.0,1.0,2.0,1.0,1.0,1.0,1.0,1.0,2.0,1.0,1.0,14.0,1.0,1.0,2.0,1.0,1.0,1.0,1.0,1.0,3.0,1.0,1.0,1.0,3.0,1.0,1.0,2.0,1.0,1.0,1.0,1.0,1.0,1.0,1.0,1.0,1.0,1.0,1.0,1.0,1.0,1.0,1.0,2.0,2.0,1.0,1.0,1.0,1.0,1.0,1.0,2.0,1.0,1.0,2.0,1.0,1.0,1.0,2.0,1.0,1.0,2.0,1.0,1.0,1.0,1.0,1.0,1.0,1.0,1.0,1.0,1.0,1.0,1.0,1.0,1.0,2.0,2.0,1.0,1.0,2.0,1.0,1.0,1.0,1.0,1.0,1.0,1.0,1.0,1.0,1.0,1.0,1.0,1.0,1.0,1.0,1.0,1.0,1.0,1.0,1.0,2.0,1.0,1.0,1.0,1.0,1.0,2.0,2.0,1.0,1.0,1.0,2.0,1.0,1.0,1.0,1.0,1.0,1.0,1.0,1.0,1.0,1.0,1.0,1.0,4.0,1.0,1.0,1.0,1.0,1.0,1.0,2.0,1.0,3.0,2.0,2.0,1.0,1.0,7.0,3.0,2.0,1.0,1.0,2.0,1.0,1.0,1.0,1.0,1.0,1.0,553.0,1.0,563.0,1.0,2.0,1.0,1.0,3.0,1.0,1.0,1.0,1.0,1.0,1.0,1.0,1.0,2.0,2.0,1.0,1.0,1.0,1.0,1.0,1.0,2.0,186.0,1.0,1.0,1.0,3.0,2.0,3.0,1.0,1.0,4.0,5.0,2.0,5.0,1.0,6.0,1.0,3.0,3.0,1.0,1.0,6.0,2.0,1.0,3.0,1.0,1.0,1.0,1.0,2.0,4.0,2.0,2.0,4.0,2.0,4.0,1.0,4.0,3.0,3.0,1.0,2.0,1.0,1.0,1.0,3.0,1.0,1.0,1.0,2.0,1.0,1.0,1.0,1.0,1.0,1.0,1.0,2.0,1.0,1.0,1.0,1.0,1.0,1.0,1.0,1.0,1.0,1.0,1.0,1.0,1.0,1.0,1.0,2.0,1.0,1.0,3.0,2.0,2.0,6.0,1.0,1.0,2.0,1.0,1.0,1.0,3.0,1.0,8.0,3.0,5.0,2.0,1.0,2.0,1.0,2.0,3.0,1.0,2.0,5.0,4.0,1.0,2.0,1.0,1.0,4.0,3.0,5.0,1.0,1.0,2.0,1.0,1.0,4.0,5.0,3.0,1.0,1.0,1.0,1.0,1.0,1.0,1.0,1.0,1.0,1.0,222.0,1.0,2.0,1.0,1.0,1.0,1.0,1.0,4.0,2.0,2.0,1.0,1.0,2.0,1.0,165.0,1.0,1.0,1.0,1.0,1.0,2.0,4.0,1.0,1.0,1.0,2.0,1.0,1.0,1.0,1.0,2.0,1.0,1.0,1.0,2.0,2.0,1.0,80.0,1.0,1.0,1.0,1.0,1.0,2.0,1.0,4.0,1.0,1.0,1.0,243.0,1.0,1.0,1.0,1.0,1.0,1.0,1.0,1.0,1.0,1.0,1.0,45.0,1.0,578.0,1.0,1.0,1.0,1.0,1.0,1.0,1.0,1.0,1.0,1.0,2.0,3.0,2.0,1.0,2.0,1.0,1.0,1.0,1.0,2.0,2.0,1.0,1.0,1.0,1.0,1.0,1.0,2.0,1.0,2.0,1.0,1.0,1.0,1.0,2.0,1.0,4.0,2.0,3.0,1.0,1.0,1.0,1.0,1.0,1.0,1.0,1.0,2.0,1.0,1.0,1.0,2.0,1.0,1.0,1.0,1.0,1.0,1.0,1.0,1.0,1.0,2.0,1.0,1.0,1.0,1.0,1.0,1.0,1.0,1.0,8.0,4.0,1.0,1.0,3.0,4.0,2.0,1.0,1.0,2.0,1.0,1.0,1.0,1.0,1.0,1.0,1.0,1.0,1.0,1.0,1.0,1.0,1.0,1.0,1.0,1.0,1.0,1.0,1.0,1.0,1.0,1.0,1.0,1.0,1.0,1.0,2.0,2.0,1.0,3.0,1.0,2.0,1.0,1.0,1.0,1.0,1.0,1.0,1.0,1.0,2.0,1.0,1.0,1.0,1.0,1.0,199.0,1.0,2.0,2.0,1.0,2.0,2.0,1.0,9.0,1.0,3.0,6.0,9.0,3.0,2.0,1.0,2.0,3.0,5.0,1.0,1.0,1.0,1.0,2.0,1.0
2024-01-03,1.0,1.0,1.0,1.0,1.0,1.0,1.0,1.0,1.0,1.0,1.0,1.0,1.0,2.0,1.0,1.0,1.0,2.0,1.0,1.0,1.0,2.0,1.0,1.0,1.0,1.0,1.0,1.0,1.0,1.0,1.0,1.0,3.0,1.0,1.0,310.0,1.0,1.0,1.0,1.0,1.0,1.0,1.0,1.0,1.0,1.0,1.0,1.0,1.0,1.0,1.0,2.0,1.0,1.0,1.0,1.0,1.0,1.0,1.0,2.0,1.0,1.0,2.0,1.0,1.0,1.0,1.0,2.0,1.0,1.0,1.0,1.0,1.0,1.0,1.0,1.0,1.0,1.0,1.0,1.0,1.0,42.0,1.0,1.0,1.0,3.0,1.0,2.0,1.0,1.0,1.0,1.0,1.0,1.0,1.0,1.0,1.0,1.0,1.0,1.0,3.0,1.0,1.0,2.0,1.0,1.0,1.0,3.0,1.0,1.0,2.0,1.0,1.0,1.0,1.0,1.0,4.0,1.0,1.0,1.0,1.0,1.0,1.0,1.0,1.0,1.0,2.0,1.0,1.0,1.0,1.0,1.0,1.0,1.0,1.0,1.0,1.0,1.0,1.0,1.0,2.0,1.0,1.0,2.0,1.0,1.0,1.0,1.0,1.0,1.0,1.0,1.0,1.0,1.0,1.0,1.0,1.0,1.0,1.0,1.0,1.0,2.0,2.0,3.0,1.0,1.0,1.0,1.0,1.0,1.0,1.0,1.0,1.0,1.0,1.0,1.0,1.0,1.0,1.0,1.0,1.0,1.0,1.0,1.0,1.0,2.0,1.0,1.0,1.0,1.0,1.0,1.0,1.0,1.0,1.0,2.0,1.0,1.0,1.0,1.0,1.0,1.0,1.0,2.0,1.0,1.0,1.0,1.0,1.0,1.0,1.0,1.0,1.0,1.0,1.0,1.0,1.0,1.0,1.0,1.0,1.0,2.0,1.0,2.0,2.0,1.0,2.0,2.0,1.0,1.0,1.0,1.0,1.0,1.0,553.0,1.0,563.0,1.0,1.0,1.0,1.0,1.0,1.0,1.0,1.0,1.0,1.0,1.0,1.0,1.0,1.0,1.0,1.0,1.0,1.0,1.0,1.0,1.0,2.0,186.0,1.0,1.0,1.0,1.0,1.0,2.0,1.0,2.0,3.0,2.0,4.0,4.0,1.0,4.0,2.0,3.0,3.0,1.0,1.0,2.0,1.0,1.0,1.0,2.0,1.0,1.0,1.0,3.0,4.0,1.0,1.0,2.0,1.0,1.0,1.0,1.0,2.0,3.0,1.0,3.0,2.0,1.0,1.0,1.0,1.0,1.0,1.0,2.0,1.0,1.0,1.0,1.0,1.0,1.0,1.0,2.0,1.0,1.0,1.0,1.0,1.0,1.0,1.0,1.0,1.0,1.0,1.0,1.0,1.0,1.0,1.0,1.0,1.0,1.0,1.0,2.0,2.0,1.0,1.0,1.0,1.0,1.0,1.0,1.0,7.0,1.0,7.0,1.0,5.0,3.0,1.0,1.0,1.0,1.0,5.0,1.0,1.0,1.0,3.0,1.0,2.0,1.0,1.0,2.0,2.0,2.0,1.0,1.0,2.0,1.0,1.0,1.0,4.0,2.0,1.0,1.0,1.0,1.0,1.0,1.0,1.0,1.0,1.0,1.0,216.0,1.0,1.0,1.0,1.0,1.0,1.0,1.0,1.0,3.0,1.0,1.0,1.0,2.0,1.0,1.0,1.0,14.0,1.0,1.0,1.0,1.0,1.0,1.0,1.0,1.0,1.0,1.0,1.0,2.0,1.0,1.0,1.0,1.0,2.0,2.0,2.0,1.0,474.0,1.0,1.0,1.0,1.0,1.0,1.0,1.0,1.0,2.0,1.0,1.0,104.0,1.0,1.0,2.0,1.0,1.0,1.0,1.0,2.0,1.0,1.0,2.0,7.0,1.0,1.0,2.0,1.0,1.0,1.0,1.0,2.0,1.0,2.0,1.0,3.0,1.0,3.0,3.0,1.0,1.0,1.0,1.0,1.0,1.0,3.0,2.0,1.0,1.0,1.0,1.0,1.0,1.0,1.0,2.0,1.0,1.0,1.0,2.0,6.0,1.0,1.0,3.0,1.0,11.0,1.0,1.0,1.0,1.0,1.0,49.0,1.0,1.0,1.0,1.0,1.0,1.0,2.0,1.0,1.0,1.0,1.0,1.0,1.0,1.0,1.0,1.0,1.0,1.0,1.0,1.0,1.0,1.0,1.0,12.0,1.0,3.0,4.0,1.0,1.0,3.0,1.0,1.0,1.0,1.0,2.0,1.0,1.0,1.0,1.0,1.0,1.0,1.0,1.0,1.0,1.0,1.0,1.0,1.0,1.0,1.0,1.0,1.0,1.0,1.0,1.0,1.0,1.0,1.0,1.0,1.0,1.0,1.0,1.0,1.0,1.0,3.0,2.0,1.0,1.0,1.0,1.0,1.0,1.0,1.0,1.0,1.0,1.0,2.0,1.0,1.0,1.0,215.0,1.0,2.0,1.0,1.0,1.0,1.0,1.0,3.0,1.0,1.0,3.0,4.0,1.0,1.0,1.0,2.0,3.0,1.0,1.0,1.0,1.0,1.0,1.0,1.0
2024-01-04,1.0,1.0,1.0,1.0,1.0,1.0,1.0,1.0,1.0,1.0,1.0,2.0,1.0,1.0,1.0,1.0,1.0,1.0,1.0,1.0,1.0,2.0,1.0,1.0,1.0,1.0,1.0,1.0,1.0,1.0,2.0,1.0,1.0,1.0,1.0,310.0,1.0,1.0,1.0,1.0,1.0,1.0,1.0,2.0,1.0,1.0,1.0,1.0,1.0,1.0,1.0,2.0,1.0,1.0,1.0,1.0,1.0,1.0,1.0,1.0,1.0,1.0,1.0,1.0,1.0,2.0,2.0,1.0,1.0,1.0,1.0,1.0,1.0,1.0,1.0,1.0,1.0,1.0,1.0,1.0,1.0,38.0,1.0,2.0,1.0,1.0,1.0,2.0,1.0,1.0,1.0,1.0,1.0,1.0,1.0,1.0,1.0,2.0,1.0,1.0,1.0,2.0,1.0,4.0,2.0,1.0,2.0,3.0,2.0,1.0,2.0,1.0,1.0,1.0,1.0,1.0,1.0,1.0,1.0,1.0,1.0,1.0,1.0,1.0,1.0,1.0,1.0,1.0,1.0,1.0,1.0,1.0,1.0,1.0,2.0,1.0,2.0,1.0,1.0,1.0,1.0,1.0,1.0,1.0,1.0,1.0,1.0,1.0,1.0,1.0,1.0,1.0,1.0,1.0,1.0,1.0,1.0,1.0,1.0,1.0,1.0,2.0,1.0,3.0,1.0,1.0,1.0,1.0,1.0,1.0,1.0,1.0,1.0,1.0,1.0,1.0,1.0,1.0,1.0,1.0,1.0,1.0,1.0,1.0,1.0,2.0,1.0,1.0,1.0,1.0,1.0,1.0,1.0,1.0,1.0,2.0,1.0,1.0,1.0,1.0,1.0,1.0,1.0,1.0,1.0,1.0,1.0,1.0,1.0,1.0,1.0,1.0,1.0,1.0,1.0,1.0,1.0,1.0,1.0,1.0,1.0,1.0,1.0,1.0,2.0,1.0,1.0,1.0,1.0,1.0,1.0,1.0,1.0,1.0,18.0,1.0,563.0,1.0,1.0,1.0,1.0,1.0,1.0,1.0,1.0,1.0,1.0,1.0,1.0,1.0,1.0,1.0,1.0,1.0,1.0,1.0,1.0,1.0,1.0,186.0,1.0,1.0,1.0,1.0,2.0,5.0,1.0,4.0,5.0,2.0,1.0,1.0,1.0,3.0,2.0,2.0,3.0,1.0,1.0,3.0,1.0,3.0,1.0,2.0,1.0,1.0,4.0,3.0,3.0,1.0,4.0,3.0,2.0,1.0,1.0,1.0,1.0,1.0,1.0,2.0,1.0,1.0,1.0,1.0,1.0,1.0,1.0,1.0,1.0,1.0,1.0,1.0,1.0,1.0,1.0,1.0,1.0,1.0,1.0,1.0,1.0,1.0,1.0,1.0,1.0,1.0,1.0,1.0,1.0,1.0,3.0,2.0,1.0,1.0,1.0,1.0,1.0,1.0,1.0,1.0,1.0,1.0,1.0,1.0,3.0,1.0,7.0,1.0,1.0,1.0,1.0,2.0,1.0,1.0,1.0,1.0,1.0,1.0,1.0,1.0,1.0,1.0,1.0,1.0,1.0,1.0,1.0,1.0,1.0,1.0,1.0,1.0,3.0,1.0,1.0,1.0,1.0,1.0,1.0,1.0,1.0,1.0,2.0,2.0,252.0,1.0,1.0,1.0,1.0,1.0,1.0,1.0,1.0,1.0,1.0,1.0,1.0,2.0,1.0,193.0,1.0,49.0,1.0,1.0,1.0,2.0,2.0,1.0,2.0,1.0,1.0,1.0,1.0,1.0,1.0,1.0,1.0,1.0,1.0,1.0,1.0,1.0,59.0,1.0,1.0,1.0,1.0,1.0,2.0,1.0,1.0,2.0,1.0,1.0,2.0,1.0,1.0,1.0,1.0,1.0,1.0,1.0,1.0,1.0,1.0,1.0,41.0,1.0,3.0,2.0,1.0,1.0,1.0,1.0,2.0,1.0,2.0,1.0,1.0,3.0,2.0,3.0,1.0,1.0,1.0,1.0,1.0,1.0,3.0,2.0,1.0,1.0,1.0,1.0,1.0,1.0,1.0,2.0,1.0,1.0,1.0,1.0,1.0,1.0,1.0,3.0,1.0,1.0,1.0,1.0,1.0,1.0,1.0,500.0,1.0,1.0,1.0,1.0,1.0,1.0,2.0,1.0,1.0,1.0,1.0,1.0,1.0,2.0,2.0,1.0,1.0,1.0,1.0,1.0,1.0,1.0,1.0,1.0,1.0,2.0,1.0,1.0,1.0,2.0,2.0,1.0,1.0,1.0,1.0,1.0,1.0,1.0,1.0,1.0,1.0,1.0,1.0,1.0,1.0,1.0,1.0,1.0,1.0,1.0,1.0,1.0,145.0,1.0,1.0,1.0,1.0,1.0,1.0,1.0,1.0,1.0,2.0,1.0,4.0,3.0,1.0,1.0,1.0,1.0,1.0,1.0,1.0,1.0,1.0,1.0,1.0,1.0,1.0,1.0,1.0,211.0,1.0,2.0,1.0,1.0,1.0,1.0,1.0,1.0,1.0,3.0,3.0,10.0,1.0,3.0,2.0,1.0,4.0,2.0,1.0,1.0,1.0,1.0,1.0,1.0
2024-01-05,1.0,1.0,1.0,1.0,1.0,1.0,1.0,1.0,1.0,1.0,9.0,1.0,1.0,1.0,1.0,1.0,1.0,1.0,1.0,1.0,1.0,2.0,1.0,1.0,1.0,1.0,1.0,1.0,1.0,1.0,2.0,1.0,1.0,1.0,1.0,310.0,1.0,1.0,1.0,1.0,1.0,1.0,1.0,1.0,1.0,1.0,1.0,1.0,1.0,1.0,1.0,1.0,1.0,1.0,1.0,1.0,1.0,1.0,1.0,3.0,2.0,1.0,2.0,1.0,1.0,1.0,2.0,3.0,1.0,1.0,1.0,1.0,1.0,1.0,1.0,1.0,1.0,1.0,1.0,1.0,1.0,31.0,1.0,1.0,2.0,70.0,1.0,1.0,1.0,1.0,1.0,1.0,1.0,1.0,1.0,1.0,1.0,1.0,1.0,1.0,1.0,1.0,1.0,2.0,1.0,1.0,1.0,1.0,1.0,1.0,1.0,2.0,1.0,1.0,1.0,1.0,1.0,1.0,1.0,1.0,1.0,1.0,1.0,1.0,1.0,1.0,1.0,1.0,1.0,1.0,1.0,1.0,1.0,1.0,1.0,1.0,1.0,1.0,1.0,1.0,1.0,1.0,1.0,2.0,1.0,1.0,1.0,1.0,1.0,1.0,1.0,1.0,1.0,1.0,1.0,1.0,1.0,1.0,1.0,1.0,1.0,1.0,1.0,1.0,1.0,1.0,1.0,1.0,1.0,1.0,1.0,1.0,1.0,1.0,1.0,1.0,1.0,1.0,1.0,1.0,1.0,1.0,1.0,1.0,1.0,1.0,1.0,1.0,1.0,1.0,1.0,2.0,1.0,1.0,1.0,2.0,1.0,1.0,1.0,1.0,1.0,1.0,1.0,1.0,1.0,1.0,1.0,1.0,1.0,1.0,1.0,1.0,1.0,1.0,1.0,2.0,1.0,1.0,1.0,1.0,1.0,1.0,1.0,1.0,1.0,1.0,1.0,1.0,1.0,1.0,1.0,1.0,1.0,1.0,1.0,1.0,563.0,1.0,1.0,1.0,1.0,1.0,1.0,1.0,2.0,2.0,1.0,1.0,1.0,1.0,1.0,1.0,1.0,1.0,1.0,1.0,1.0,1.0,1.0,186.0,1.0,1.0,2.0,1.0,2.0,9.0,1.0,6.0,1.0,3.0,2.0,1.0,1.0,4.0,1.0,2.0,3.0,1.0,1.0,3.0,1.0,3.0,1.0,2.0,1.0,1.0,1.0,2.0,1.0,1.0,4.0,3.0,2.0,1.0,1.0,1.0,4.0,1.0,1.0,3.0,1.0,1.0,1.0,1.0,1.0,1.0,1.0,1.0,1.0,1.0,2.0,1.0,1.0,1.0,1.0,1.0,1.0,1.0,1.0,1.0,1.0,1.0,1.0,1.0,1.0,1.0,1.0,1.0,1.0,1.0,1.0,1.0,1.0,1.0,2.0,1.0,1.0,1.0,1.0,1.0,1.0,1.0,1.0,1.0,2.0,1.0,6.0,3.0,1.0,1.0,1.0,4.0,2.0,1.0,1.0,1.0,1.0,1.0,2.0,1.0,3.0,1.0,1.0,2.0,3.0,2.0,1.0,1.0,2.0,2.0,2.0,3.0,3.0,1.0,2.0,1.0,1.0,1.0,1.0,1.0,2.0,21.0,1.0,2.0,1.0,1.0,1.0,1.0,1.0,1.0,1.0,1.0,1.0,1.0,1.0,1.0,1.0,2.0,1.0,1.0,1.0,1.0,1.0,1.0,1.0,1.0,2.0,1.0,1.0,1.0,1.0,1.0,1.0,580.0,1.0,1.0,1.0,1.0,1.0,1.0,1.0,1.0,51.0,1.0,1.0,1.0,1.0,1.0,1.0,1.0,1.0,1.0,1.0,1.0,1.0,1.0,1.0,1.0,1.0,1.0,1.0,1.0,1.0,1.0,1.0,1.0,52.0,1.0,423.0,2.0,1.0,1.0,1.0,1.0,2.0,1.0,2.0,1.0,4.0,1.0,2.0,1.0,2.0,1.0,1.0,1.0,1.0,1.0,1.0,3.0,2.0,1.0,1.0,1.0,1.0,1.0,1.0,1.0,2.0,1.0,1.0,1.0,2.0,1.0,1.0,4.0,1.0,1.0,1.0,1.0,1.0,1.0,1.0,1.0,2.0,3.0,1.0,1.0,1.0,1.0,2.0,1.0,1.0,1.0,2.0,1.0,1.0,1.0,1.0,1.0,1.0,1.0,1.0,1.0,1.0,1.0,1.0,1.0,1.0,2.0,1.0,1.0,1.0,1.0,1.0,4.0,1.0,2.0,1.0,1.0,1.0,1.0,1.0,1.0,1.0,1.0,440.0,1.0,1.0,1.0,1.0,1.0,1.0,1.0,1.0,2.0,1.0,1.0,1.0,1.0,1.0,1.0,1.0,1.0,1.0,1.0,4.0,1.0,2.0,1.0,2.0,1.0,1.0,1.0,1.0,1.0,1.0,1.0,1.0,1.0,8.0,1.0,1.0,1.0,1.0,229.0,1.0,2.0,1.0,1.0,1.0,1.0,1.0,1.0,4.0,6.0,6.0,10.0,1.0,3.0,1.0,1.0,1.0,2.0,1.0,1.0,1.0,1.0,1.0,1.0
2024-01-06,1.0,1.0,1.0,1.0,1.0,1.0,1.0,1.0,1.0,1.0,9.0,1.0,1.0,1.0,1.0,1.0,1.0,1.0,1.0,1.0,1.0,1.0,1.0,1.0,1.0,1.0,1.0,1.0,1.0,1.0,2.0,1.0,2.0,1.0,1.0,310.0,1.0,8.0,1.0,1.0,1.0,1.0,1.0,1.0,1.0,1.0,1.0,1.0,1.0,1.0,1.0,1.0,1.0,1.0,1.0,1.0,1.0,1.0,1.0,1.0,1.0,2.0,1.0,1.0,3.0,1.0,1.0,1.0,1.0,1.0,2.0,1.0,1.0,1.0,1.0,1.0,1.0,1.0,1.0,1.0,1.0,21.0,1.0,1.0,2.0,1.0,1.0,1.0,4.0,2.0,1.0,1.0,5.0,2.0,1.0,2.0,1.0,1.0,4.0,1.0,1.0,2.0,1.0,1.0,2.0,1.0,1.0,1.0,1.0,1.0,2.0,1.0,1.0,1.0,1.0,1.0,1.0,1.0,2.0,1.0,1.0,1.0,6.0,1.0,1.0,1.0,1.0,5.0,1.0,1.0,2.0,1.0,1.0,1.0,1.0,2.0,1.0,1.0,1.0,1.0,1.0,1.0,1.0,1.0,2.0,1.0,1.0,1.0,2.0,1.0,1.0,1.0,1.0,1.0,1.0,1.0,1.0,1.0,1.0,1.0,2.0,1.0,1.0,1.0,1.0,2.0,1.0,1.0,1.0,1.0,1.0,1.0,1.0,1.0,1.0,1.0,1.0,1.0,1.0,1.0,1.0,1.0,1.0,1.0,1.0,1.0,1.0,1.0,1.0,1.0,1.0,2.0,1.0,1.0,1.0,2.0,1.0,1.0,1.0,1.0,1.0,1.0,2.0,1.0,1.0,1.0,1.0,1.0,1.0,1.0,1.0,1.0,1.0,1.0,1.0,1.0,1.0,1.0,1.0,1.0,1.0,1.0,3.0,1.0,3.0,1.0,3.0,3.0,1.0,1.0,3.0,1.0,2.0,1.0,1.0,3.0,563.0,1.0,1.0,1.0,1.0,1.0,1.0,1.0,1.0,1.0,1.0,1.0,1.0,1.0,1.0,1.0,1.0,1.0,1.0,1.0,1.0,2.0,1.0,186.0,1.0,1.0,1.0,2.0,1.0,2.0,1.0,2.0,1.0,1.0,4.0,2.0,1.0,5.0,1.0,3.0,4.0,1.0,1.0,1.0,1.0,3.0,1.0,2.0,1.0,1.0,1.0,2.0,2.0,4.0,1.0,2.0,1.0,1.0,1.0,2.0,1.0,3.0,4.0,1.0,1.0,1.0,1.0,1.0,1.0,1.0,1.0,2.0,1.0,1.0,1.0,1.0,1.0,2.0,1.0,2.0,1.0,1.0,1.0,1.0,1.0,1.0,1.0,1.0,1.0,1.0,1.0,1.0,2.0,1.0,1.0,1.0,1.0,1.0,2.0,1.0,2.0,2.0,1.0,1.0,1.0,2.0,1.0,1.0,5.0,1.0,4.0,1.0,1.0,3.0,5.0,4.0,1.0,1.0,2.0,1.0,2.0,1.0,2.0,4.0,4.0,1.0,1.0,2.0,2.0,2.0,1.0,1.0,1.0,1.0,1.0,5.0,3.0,1.0,1.0,1.0,1.0,1.0,1.0,1.0,1.0,1.0,1.0,1.0,2.0,1.0,2.0,1.0,1.0,1.0,1.0,1.0,2.0,1.0,1.0,1.0,1.0,2.0,1.0,1.0,1.0,1.0,1.0,1.0,3.0,2.0,1.0,2.0,202.0,1.0,1.0,1.0,2.0,84.0,1.0,1.0,1.0,1.0,1.0,1.0,1.0,3.0,64.0,1.0,1.0,1.0,2.0,2.0,2.0,1.0,2.0,1.0,1.0,1.0,1.0,1.0,1.0,1.0,1.0,1.0,1.0,1.0,1.0,2.0,1.0,1.0,71.0,1.0,438.0,1.0,2.0,1.0,1.0,1.0,1.0,2.0,2.0,1.0,2.0,1.0,3.0,4.0,1.0,1.0,1.0,1.0,1.0,1.0,1.0,1.0,1.0,1.0,2.0,1.0,1.0,1.0,1.0,1.0,2.0,1.0,1.0,1.0,6.0,1.0,1.0,2.0,1.0,1.0,1.0,1.0,1.0,3.0,1.0,1.0,1.0,1.0,1.0,1.0,1.0,1.0,3.0,1.0,82.0,1.0,1.0,1.0,1.0,3.0,2.0,1.0,1.0,1.0,1.0,1.0,1.0,1.0,1.0,1.0,1.0,1.0,1.0,1.0,1.0,1.0,2.0,5.0,1.0,1.0,1.0,1.0,1.0,1.0,1.0,1.0,268.0,1.0,199.0,1.0,25.0,1.0,1.0,1.0,1.0,1.0,1.0,1.0,1.0,1.0,1.0,1.0,1.0,1.0,1.0,1.0,1.0,1.0,1.0,1.0,2.0,3.0,1.0,1.0,1.0,1.0,13.0,1.0,2.0,1.0,1.0,1.0,22.0,1.0,1.0,5.0,1.0,244.0,2.0,1.0,25.0,2.0,5.0,1.0,1.0,57.0,5.0,4.0,11.0,12.0,7.0,1.0,2.0,2.0,3.0,6.0,1.0,1.0,1.0,1.0,11.0,1.0
2024-01-07,1.0,1.0,1.0,1.0,2.0,1.0,1.0,1.0,1.0,1.0,1.0,2.0,1.0,1.0,1.0,1.0,1.0,1.0,2.0,2.0,1.0,2.0,1.0,1.0,1.0,1.0,2.0,2.0,2.0,1.0,4.0,2.0,1.0,1.0,5.0,310.0,24.0,1.0,7.0,5.0,1.0,1.0,1.0,1.0,2.0,1.0,1.0,1.0,1.0,1.0,3.0,2.0,1.0,1.0,1.0,3.0,1.0,1.0,2.0,2.0,1.0,4.0,4.0,1.0,1.0,2.0,1.0,1.0,1.0,1.0,1.0,1.0,1.0,3.0,1.0,1.0,2.0,1.0,1.0,1.0,1.0,62.0,1.0,1.0,2.0,2.0,1.0,2.0,2.0,1.0,1.0,1.0,1.0,1.0,1.0,1.0,2.0,2.0,4.0,1.0,2.0,2.0,1.0,3.0,1.0,1.0,2.0,1.0,1.0,2.0,1.0,1.0,1.0,1.0,1.0,1.0,1.0,1.0,1.0,1.0,1.0,1.0,1.0,1.0,1.0,1.0,2.0,1.0,1.0,1.0,1.0,1.0,1.0,1.0,2.0,1.0,2.0,1.0,2.0,1.0,1.0,2.0,1.0,1.0,2.0,1.0,1.0,1.0,1.0,1.0,1.0,1.0,1.0,1.0,1.0,1.0,1.0,1.0,1.0,2.0,1.0,2.0,1.0,1.0,1.0,1.0,1.0,1.0,11.0,1.0,1.0,1.0,1.0,1.0,1.0,1.0,1.0,1.0,1.0,1.0,1.0,1.0,1.0,1.0,2.0,1.0,1.0,1.0,1.0,1.0,1.0,3.0,1.0,1.0,1.0,2.0,1.0,1.0,1.0,1.0,1.0,1.0,1.0,2.0,1.0,1.0,1.0,1.0,1.0,1.0,1.0,1.0,1.0,1.0,1.0,1.0,2.0,3.0,1.0,1.0,1.0,1.0,1.0,4.0,1.0,1.0,1.0,2.0,1.0,1.0,1.0,1.0,1.0,1.0,2.0,2.0,563.0,1.0,2.0,2.0,1.0,1.0,1.0,1.0,1.0,1.0,1.0,1.0,1.0,1.0,1.0,1.0,1.0,1.0,1.0,1.0,1.0,2.0,1.0,186.0,9.0,1.0,1.0,1.0,1.0,3.0,1.0,1.0,7.0,2.0,2.0,2.0,1.0,4.0,1.0,1.0,3.0,1.0,1.0,3.0,1.0,1.0,1.0,1.0,1.0,1.0,1.0,2.0,2.0,2.0,1.0,2.0,1.0,2.0,1.0,2.0,1.0,1.0,5.0,1.0,1.0,1.0,1.0,1.0,1.0,1.0,2.0,21.0,3.0,1.0,1.0,1.0,1.0,1.0,1.0,5.0,111.0,1.0,1.0,1.0,1.0,1.0,1.0,3.0,1.0,1.0,1.0,1.0,2.0,1.0,1.0,2.0,1.0,1.0,3.0,2.0,1.0,1.0,3.0,1.0,1.0,2.0,1.0,1.0,5.0,4.0,11.0,2.0,5.0,6.0,1.0,2.0,1.0,2.0,1.0,1.0,5.0,3.0,2.0,1.0,2.0,1.0,1.0,2.0,1.0,1.0,1.0,1.0,1.0,2.0,1.0,6.0,5.0,1.0,1.0,1.0,1.0,1.0,1.0,1.0,1.0,35.0,1.0,1.0,1.0,1.0,1.0,2.0,1.0,1.0,1.0,1.0,2.0,1.0,2.0,3.0,1.0,6.0,3.0,1.0,1.0,1.0,1.0,1.0,2.0,1.0,1.0,1.0,1.0,3.0,2.0,1.0,1.0,1.0,1.0,1.0,1.0,1.0,1.0,1.0,1.0,1.0,187.0,1.0,1.0,1.0,1.0,2.0,1.0,1.0,1.0,1.0,1.0,1.0,1.0,1.0,1.0,1.0,1.0,1.0,1.0,1.0,2.0,4.0,1.0,2.0,209.0,1.0,1.0,3.0,2.0,1.0,1.0,1.0,1.0,2.0,1.0,1.0,2.0,5.0,5.0,1.0,1.0,2.0,1.0,1.0,7.0,2.0,2.0,1.0,2.0,1.0,3.0,1.0,1.0,2.0,1.0,1.0,1.0,1.0,1.0,1.0,2.0,1.0,1.0,1.0,1.0,1.0,1.0,1.0,1.0,1.0,1.0,1.0,11.0,1.0,1.0,1.0,1.0,1.0,1.0,2.0,463.0,1.0,2.0,1.0,1.0,2.0,1.0,1.0,3.0,1.0,1.0,1.0,1.0,1.0,1.0,1.0,1.0,2.0,2.0,1.0,1.0,2.0,1.0,3.0,3.0,1.0,2.0,1.0,1.0,1.0,1.0,1.0,1.0,1.0,2.0,3.0,1.0,1.0,1.0,1.0,1.0,1.0,1.0,1.0,1.0,2.0,12.0,1.0,1.0,5.0,1.0,1.0,1.0,2.0,2.0,1.0,4.0,1.0,1.0,2.0,1.0,1.0,1.0,2.0,1.0,2.0,1.0,1.0,1.0,1.0,2.0,1.0,1.0,262.0,3.0,2.0,32.0,8.0,1.0,18.0,30.0,57.0,3.0,4.0,12.0,16.0,8.0,2.0,1.0,5.0,7.0,13.0,11.0,15.0,1.0,1.0,51.0,2.0
2024-01-08,1.0,1.0,1.0,1.0,1.0,1.0,1.0,1.0,1.0,1.0,1.0,1.0,1.0,1.0,1.0,1.0,1.0,1.0,1.0,1.0,1.0,1.0,1.0,1.0,1.0,1.0,1.0,1.0,1.0,1.0,1.0,1.0,1.0,1.0,1.0,310.0,1.0,1.0,1.0,1.0,1.0,1.0,1.0,1.0,1.0,1.0,1.0,1.0,1.0,1.0,1.0,1.0,1.0,1.0,1.0,1.0,1.0,1.0,1.0,2.0,1.0,1.0,2.0,1.0,1.0,1.0,1.0,3.0,1.0,1.0,1.0,1.0,1.0,2.0,1.0,1.0,1.0,1.0,1.0,1.0,1.0,52.0,1.0,2.0,1.0,1.0,1.0,1.0,1.0,1.0,1.0,1.0,1.0,1.0,1.0,1.0,1.0,1.0,1.0,1.0,1.0,1.0,1.0,3.0,1.0,1.0,2.0,3.0,1.0,1.0,2.0,1.0,1.0,1.0,1.0,1.0,1.0,1.0,1.0,1.0,1.0,1.0,1.0,1.0,1.0,1.0,1.0,1.0,1.0,1.0,1.0,1.0,1.0,1.0,1.0,1.0,1.0,2.0,1.0,1.0,1.0,1.0,1.0,2.0,1.0,1.0,1.0,1.0,1.0,1.0,1.0,1.0,1.0,1.0,1.0,1.0,1.0,1.0,1.0,1.0,1.0,2.0,2.0,1.0,1.0,1.0,1.0,1.0,1.0,1.0,1.0,1.0,1.0,1.0,1.0,1.0,1.0,1.0,1.0,1.0,1.0,1.0,1.0,1.0,1.0,1.0,1.0,1.0,1.0,1.0,1.0,2.0,1.0,1.0,1.0,2.0,1.0,1.0,1.0,1.0,1.0,1.0,1.0,1.0,1.0,1.0,2.0,1.0,1.0,1.0,1.0,1.0,1.0,1.0,1.0,1.0,1.0,1.0,1.0,1.0,1.0,2.0,1.0,2.0,2.0,1.0,1.0,1.0,1.0,1.0,1.0,1.0,1.0,1.0,1.0,1.0,563.0,1.0,1.0,1.0,2.0,1.0,1.0,1.0,1.0,1.0,1.0,1.0,1.0,1.0,1.0,1.0,1.0,1.0,1.0,1.0,1.0,1.0,1.0,186.0,1.0,1.0,2.0,1.0,1.0,1.0,1.0,2.0,1.0,1.0,1.0,2.0,1.0,3.0,1.0,2.0,3.0,1.0,1.0,2.0,1.0,1.0,1.0,3.0,1.0,1.0,4.0,3.0,1.0,3.0,4.0,2.0,2.0,1.0,1.0,2.0,3.0,1.0,3.0,1.0,4.0,1.0,1.0,1.0,1.0,1.0,1.0,1.0,1.0,1.0,1.0,1.0,1.0,2.0,1.0,3.0,3.0,1.0,1.0,1.0,1.0,1.0,1.0,1.0,1.0,1.0,1.0,1.0,1.0,1.0,1.0,2.0,1.0,1.0,3.0,1.0,1.0,1.0,1.0,1.0,1.0,1.0,1.0,1.0,3.0,1.0,2.0,1.0,2.0,1.0,1.0,2.0,1.0,2.0,3.0,1.0,1.0,1.0,2.0,1.0,1.0,1.0,1.0,2.0,2.0,2.0,1.0,1.0,1.0,1.0,1.0,2.0,3.0,2.0,1.0,1.0,1.0,1.0,1.0,1.0,1.0,7.0,1.0,1.0,1.0,1.0,1.0,1.0,1.0,1.0,1.0,1.0,2.0,1.0,1.0,1.0,1.0,2.0,1.0,1.0,1.0,1.0,1.0,1.0,1.0,1.0,2.0,1.0,1.0,1.0,1.0,1.0,1.0,1.0,1.0,1.0,1.0,2.0,1.0,1.0,2.0,1.0,72.0,1.0,1.0,1.0,1.0,2.0,1.0,1.0,3.0,1.0,1.0,1.0,1.0,1.0,1.0,1.0,1.0,1.0,5.0,1.0,1.0,1.0,1.0,1.0,62.0,2.0,2.0,2.0,1.0,1.0,1.0,1.0,2.0,2.0,2.0,1.0,1.0,4.0,1.0,1.0,1.0,1.0,1.0,1.0,1.0,1.0,1.0,3.0,1.0,1.0,1.0,1.0,1.0,1.0,1.0,1.0,1.0,1.0,1.0,1.0,2.0,1.0,1.0,1.0,1.0,1.0,1.0,1.0,1.0,1.0,1.0,1.0,1.0,1.0,1.0,1.0,1.0,1.0,1.0,1.0,194.0,1.0,1.0,1.0,1.0,1.0,1.0,1.0,1.0,1.0,1.0,1.0,1.0,1.0,1.0,1.0,1.0,1.0,1.0,1.0,1.0,2.0,1.0,1.0,1.0,1.0,2.0,1.0,1.0,1.0,1.0,1.0,1.0,1.0,1.0,1.0,1.0,1.0,1.0,1.0,1.0,1.0,1.0,1.0,1.0,1.0,1.0,1.0,1.0,1.0,1.0,1.0,1.0,2.0,2.0,1.0,1.0,2.0,3.0,2.0,1.0,1.0,1.0,1.0,1.0,1.0,2.0,1.0,1.0,1.0,1.0,1.0,1.0,209.0,1.0,1.0,1.0,1.0,1.0,1.0,1.0,1.0,2.0,1.0,3.0,3.0,1.0,3.0,3.0,1.0,5.0,1.0,1.0,1.0,1.0,1.0,1.0,1.0
2024-01-09,1.0,1.0,1.0,1.0,1.0,1.0,1.0,1.0,1.0,1.0,1.0,2.0,2.0,1.0,1.0,1.0,1.0,1.0,1.0,1.0,1.0,1.0,1.0,1.0,1.0,1.0,1.0,1.0,1.0,1.0,1.0,1.0,1.0,1.0,1.0,310.0,1.0,1.0,1.0,1.0,1.0,1.0,1.0,1.0,1.0,1.0,1.0,1.0,1.0,1.0,1.0,1.0,1.0,1.0,1.0,1.0,1.0,1.0,1.0,1.0,1.0,1.0,1.0,1.0,1.0,1.0,2.0,2.0,1.0,1.0,1.0,1.0,1.0,1.0,2.0,1.0,1.0,2.0,1.0,1.0,1.0,14.0,1.0,1.0,2.0,1.0,1.0,1.0,2.0,1.0,2.0,1.0,1.0,1.0,1.0,2.0,1.0,1.0,1.0,1.0,1.0,1.0,1.0,4.0,1.0,1.0,1.0,2.0,1.0,1.0,1.0,1.0,1.0,1.0,1.0,1.0,2.0,1.0,1.0,1.0,1.0,1.0,1.0,1.0,1.0,1.0,1.0,1.0,1.0,1.0,1.0,1.0,1.0,1.0,1.0,1.0,1.0,1.0,1.0,1.0,1.0,1.0,1.0,2.0,1.0,1.0,1.0,1.0,1.0,1.0,1.0,1.0,1.0,1.0,1.0,1.0,1.0,1.0,2.0,1.0,1.0,1.0,1.0,1.0,1.0,1.0,1.0,1.0,1.0,1.0,1.0,1.0,1.0,1.0,1.0,1.0,1.0,1.0,1.0,2.0,1.0,1.0,1.0,1.0,1.0,1.0,1.0,1.0,1.0,1.0,2.0,2.0,1.0,1.0,1.0,2.0,1.0,1.0,1.0,1.0,1.0,1.0,1.0,2.0,1.0,1.0,1.0,1.0,1.0,1.0,1.0,1.0,1.0,1.0,1.0,1.0,1.0,1.0,1.0,1.0,1.0,1.0,2.0,1.0,1.0,2.0,1.0,2.0,1.0,1.0,1.0,1.0,1.0,1.0,1.0,1.0,563.0,1.0,1.0,1.0,1.0,1.0,1.0,1.0,1.0,2.0,1.0,1.0,1.0,1.0,3.0,1.0,1.0,1.0,1.0,1.0,1.0,1.0,1.0,186.0,1.0,1.0,1.0,1.0,1.0,1.0,1.0,2.0,1.0,1.0,3.0,2.0,1.0,1.0,4.0,2.0,2.0,2.0,2.0,1.0,2.0,1.0,1.0,2.0,1.0,1.0,4.0,1.0,1.0,3.0,1.0,2.0,4.0,1.0,1.0,1.0,2.0,1.0,4.0,2.0,2.0,1.0,1.0,2.0,3.0,2.0,1.0,2.0,1.0,1.0,1.0,1.0,1.0,1.0,1.0,1.0,1.0,1.0,1.0,1.0,1.0,1.0,1.0,1.0,1.0,1.0,1.0,2.0,1.0,1.0,1.0,1.0,1.0,2.0,1.0,2.0,1.0,1.0,1.0,1.0,2.0,1.0,1.0,1.0,1.0,1.0,2.0,1.0,3.0,4.0,1.0,2.0,1.0,2.0,3.0,1.0,2.0,1.0,1.0,1.0,2.0,1.0,1.0,3.0,1.0,2.0,1.0,1.0,2.0,2.0,1.0,4.0,3.0,1.0,1.0,1.0,1.0,1.0,1.0,1.0,1.0,1.0,1.0,1.0,1.0,1.0,1.0,1.0,1.0,1.0,1.0,1.0,1.0,1.0,1.0,1.0,1.0,2.0,2.0,92.0,1.0,1.0,1.0,1.0,1.0,2.0,1.0,1.0,1.0,2.0,1.0,1.0,1.0,1.0,1.0,1.0,1.0,1.0,1.0,5.0,1.0,3.0,96.0,1.0,1.0,1.0,1.0,1.0,1.0,1.0,1.0,1.0,2.0,1.0,1.0,1.0,1.0,1.0,1.0,1.0,1.0,1.0,1.0,2.0,1.0,1.0,228.0,1.0,1.0,1.0,1.0,1.0,1.0,1.0,1.0,1.0,2.0,1.0,2.0,1.0,3.0,3.0,1.0,2.0,1.0,1.0,1.0,1.0,1.0,2.0,3.0,1.0,1.0,1.0,1.0,1.0,1.0,2.0,1.0,1.0,1.0,1.0,1.0,1.0,1.0,3.0,1.0,1.0,1.0,1.0,1.0,1.0,1.0,1.0,5.0,1.0,1.0,1.0,1.0,1.0,1.0,1.0,1.0,1.0,1.0,131.0,1.0,1.0,2.0,1.0,1.0,1.0,1.0,1.0,1.0,1.0,1.0,1.0,1.0,1.0,1.0,1.0,1.0,2.0,1.0,4.0,2.0,1.0,1.0,3.0,1.0,1.0,1.0,1.0,1.0,341.0,1.0,1.0,1.0,1.0,1.0,1.0,1.0,1.0,1.0,1.0,1.0,1.0,1.0,1.0,1.0,1.0,1.0,1.0,1.0,1.0,1.0,1.0,1.0,3.0,1.0,1.0,1.0,1.0,1.0,1.0,1.0,1.0,1.0,1.0,1.0,1.0,1.0,1.0,1.0,209.0,1.0,2.0,1.0,1.0,1.0,1.0,1.0,1.0,1.0,3.0,4.0,8.0,1.0,3.0,1.0,1.0,4.0,1.0,1.0,1.0,1.0,1.0,1.0,1.0
2024-01-10,1.0,1.0,1.0,1.0,1.0,1.0,1.0,1.0,1.0,1.0,1.0,2.0,2.0,1.0,1.0,4.0,1.0,1.0,1.0,1.0,1.0,2.0,1.0,1.0,1.0,1.0,1.0,1.0,1.0,2.0,1.0,1.0,2.0,1.0,1.0,310.0,1.0,1.0,1.0,1.0,1.0,1.0,1.0,2.0,1.0,1.0,1.0,1.0,1.0,1.0,1.0,1.0,1.0,1.0,1.0,1.0,1.0,1.0,1.0,1.0,1.0,1.0,1.0,1.0,1.0,1.0,2.0,1.0,1.0,1.0,1.0,1.0,1.0,1.0,2.0,1.0,1.0,1.0,1.0,1.0,1.0,22.0,1.0,1.0,1.0,3.0,1.0,1.0,1.0,1.0,1.0,1.0,1.0,1.0,1.0,2.0,1.0,1.0,1.0,1.0,1.0,1.0,1.0,1.0,2.0,2.0,1.0,2.0,1.0,1.0,1.0,2.0,1.0,1.0,1.0,1.0,3.0,1.0,1.0,1.0,1.0,1.0,4.0,1.0,1.0,1.0,1.0,1.0,1.0,1.0,1.0,1.0,1.0,1.0,1.0,1.0,1.0,2.0,1.0,1.0,1.0,1.0,1.0,1.0,1.0,1.0,1.0,1.0,1.0,1.0,1.0,1.0,1.0,1.0,1.0,1.0,1.0,1.0,1.0,1.0,1.0,3.0,1.0,2.0,1.0,1.0,1.0,1.0,1.0,3.0,1.0,1.0,1.0,1.0,1.0,1.0,1.0,1.0,1.0,2.0,1.0,1.0,1.0,1.0,1.0,1.0,1.0,1.0,1.0,1.0,2.0,1.0,1.0,1.0,1.0,1.0,2.0,1.0,1.0,1.0,1.0,1.0,1.0,1.0,1.0,1.0,1.0,1.0,1.0,1.0,1.0,1.0,1.0,1.0,1.0,1.0,2.0,1.0,1.0,2.0,1.0,1.0,1.0,1.0,3.0,1.0,1.0,1.0,1.0,1.0,1.0,1.0,1.0,1.0,1.0,1.0,563.0,1.0,1.0,1.0,1.0,1.0,1.0,1.0,1.0,1.0,1.0,1.0,1.0,1.0,1.0,1.0,1.0,1.0,1.0,1.0,1.0,1.0,1.0,186.0,1.0,1.0,1.0,1.0,1.0,3.0,1.0,2.0,1.0,3.0,4.0,1.0,1.0,1.0,1.0,2.0,1.0,1.0,1.0,1.0,2.0,1.0,1.0,1.0,1.0,1.0,1.0,1.0,4.0,1.0,1.0,2.0,2.0,2.0,1.0,2.0,3.0,1.0,2.0,1.0,1.0,1.0,1.0,1.0,1.0,2.0,1.0,1.0,1.0,1.0,1.0,1.0,1.0,1.0,1.0,2.0,1.0,1.0,4.0,1.0,8.0,1.0,1.0,1.0,1.0,1.0,1.0,1.0,1.0,1.0,1.0,1.0,2.0,1.0,2.0,2.0,2.0,1.0,1.0,1.0,2.0,1.0,1.0,1.0,3.0,1.0,3.0,1.0,1.0,7.0,6.0,3.0,2.0,1.0,1.0,3.0,2.0,1.0,1.0,2.0,1.0,1.0,1.0,2.0,1.0,3.0,1.0,1.0,1.0,1.0,1.0,3.0,1.0,1.0,2.0,1.0,1.0,1.0,1.0,1.0,1.0,1.0,1.0,1.0,1.0,1.0,1.0,1.0,1.0,1.0,1.0,1.0,2.0,1.0,1.0,3.0,1.0,1.0,1.0,1.0,1.0,1.0,1.0,1.0,1.0,1.0,1.0,1.0,1.0,1.0,482.0,1.0,1.0,1.0,1.0,1.0,2.0,1.0,1.0,1.0,1.0,1.0,351.0,1.0,1.0,1.0,1.0,1.0,1.0,1.0,1.0,1.0,1.0,1.0,1.0,1.0,1.0,1.0,1.0,1.0,1.0,1.0,1.0,2.0,1.0,1.0,92.0,1.0,1.0,1.0,1.0,1.0,1.0,1.0,1.0,1.0,2.0,1.0,2.0,1.0,3.0,1.0,1.0,5.0,1.0,1.0,1.0,1.0,1.0,2.0,3.0,2.0,1.0,1.0,1.0,1.0,1.0,2.0,1.0,1.0,1.0,3.0,3.0,1.0,1.0,1.0,1.0,1.0,1.0,1.0,1.0,1.0,1.0,2.0,1.0,1.0,1.0,1.0,1.0,1.0,1.0,2.0,1.0,1.0,1.0,3.0,1.0,1.0,2.0,2.0,1.0,1.0,1.0,1.0,1.0,1.0,1.0,1.0,1.0,2.0,1.0,1.0,1.0,2.0,4.0,1.0,1.0,6.0,4.0,1.0,1.0,2.0,1.0,1.0,332.0,2.0,7.0,1.0,1.0,1.0,1.0,1.0,1.0,1.0,1.0,2.0,1.0,1.0,1.0,1.0,31.0,1.0,1.0,1.0,1.0,1.0,1.0,1.0,2.0,1.0,1.0,1.0,1.0,1.0,1.0,1.0,1.0,1.0,1.0,1.0,2.0,1.0,1.0,1.0,1.0,215.0,2.0,1.0,1.0,1.0,1.0,1.0,1.0,3.0,1.0,4.0,1.0,7.0,3.0,2.0,1.0,1.0,3.0,1.0,1.0,1.0,1.0,1.0,1.0,1.0
2024-01-11,1.0,1.0,1.0,1.0,1.0,1.0,1.0,1.0,1.0,1.0,2.0,1.0,1.0,1.0,1.0,1.0,1.0,1.0,1.0,1.0,1.0,1.0,1.0,1.0,1.0,1.0,1.0,1.0,1.0,1.0,1.0,1.0,1.0,1.0,1.0,310.0,1.0,1.0,1.0,1.0,1.0,1.0,1.0,2.0,1.0,1.0,1.0,1.0,1.0,1.0,1.0,2.0,1.0,1.0,1.0,1.0,1.0,1.0,1.0,1.0,1.0,1.0,1.0,2.0,1.0,1.0,1.0,1.0,1.0,1.0,1.0,1.0,1.0,1.0,2.0,1.0,1.0,2.0,1.0,1.0,1.0,35.0,1.0,1.0,2.0,2.0,1.0,1.0,1.0,1.0,1.0,1.0,1.0,1.0,1.0,1.0,1.0,3.0,1.0,1.0,1.0,1.0,1.0,1.0,1.0,3.0,1.0,2.0,3.0,1.0,2.0,1.0,1.0,1.0,1.0,1.0,1.0,1.0,1.0,1.0,1.0,1.0,1.0,1.0,1.0,1.0,1.0,1.0,1.0,1.0,1.0,1.0,1.0,1.0,1.0,1.0,1.0,1.0,1.0,1.0,1.0,1.0,1.0,1.0,2.0,1.0,1.0,1.0,1.0,1.0,1.0,1.0,1.0,1.0,1.0,1.0,1.0,1.0,1.0,1.0,1.0,2.0,1.0,1.0,1.0,1.0,1.0,1.0,1.0,1.0,1.0,1.0,1.0,1.0,1.0,1.0,1.0,10.0,1.0,1.0,1.0,1.0,1.0,1.0,1.0,1.0,1.0,1.0,1.0,1.0,1.0,1.0,1.0,1.0,1.0,1.0,2.0,1.0,1.0,1.0,1.0,1.0,1.0,2.0,1.0,1.0,1.0,1.0,1.0,1.0,1.0,1.0,1.0,1.0,1.0,1.0,1.0,1.0,1.0,1.0,1.0,1.0,1.0,1.0,2.0,1.0,1.0,1.0,1.0,1.0,1.0,1.0,1.0,1.0,1.0,1.0,563.0,1.0,1.0,1.0,1.0,1.0,1.0,1.0,2.0,1.0,1.0,1.0,1.0,1.0,1.0,1.0,1.0,1.0,1.0,1.0,2.0,1.0,1.0,186.0,2.0,1.0,1.0,5.0,1.0,1.0,1.0,4.0,1.0,3.0,2.0,1.0,1.0,1.0,2.0,4.0,2.0,1.0,1.0,1.0,1.0,1.0,1.0,1.0,1.0,1.0,1.0,2.0,2.0,3.0,3.0,1.0,2.0,1.0,1.0,1.0,3.0,1.0,1.0,1.0,1.0,1.0,1.0,1.0,1.0,2.0,1.0,1.0,1.0,1.0,1.0,1.0,1.0,1.0,1.0,1.0,2.0,1.0,1.0,1.0,1.0,1.0,1.0,1.0,1.0,1.0,1.0,1.0,1.0,1.0,1.0,1.0,2.0,2.0,2.0,1.0,1.0,1.0,1.0,1.0,1.0,1.0,1.0,1.0,7.0,1.0,3.0,3.0,7.0,5.0,1.0,1.0,1.0,1.0,1.0,1.0,1.0,4.0,1.0,1.0,2.0,1.0,1.0,1.0,1.0,2.0,1.0,1.0,1.0,1.0,1.0,2.0,4.0,2.0,2.0,1.0,1.0,1.0,1.0,1.0,1.0,1.0,1.0,1.0,2.0,1.0,2.0,1.0,1.0,1.0,1.0,1.0,1.0,1.0,1.0,1.0,1.0,2.0,1.0,1.0,1.0,1.0,1.0,1.0,1.0,2.0,1.0,1.0,1.0,1.0,313.0,1.0,1.0,1.0,1.0,1.0,2.0,1.0,3.0,1.0,1.0,2.0,49.0,1.0,1.0,1.0,2.0,2.0,2.0,1.0,1.0,1.0,1.0,1.0,1.0,1.0,1.0,1.0,1.0,1.0,1.0,1.0,1.0,1.0,1.0,1.0,218.0,2.0,3.0,2.0,1.0,1.0,1.0,1.0,2.0,1.0,1.0,2.0,1.0,2.0,2.0,4.0,1.0,2.0,1.0,1.0,1.0,1.0,2.0,2.0,3.0,1.0,1.0,1.0,1.0,1.0,1.0,2.0,1.0,1.0,1.0,1.0,1.0,1.0,1.0,2.0,1.0,1.0,1.0,1.0,1.0,1.0,1.0,498.0,1.0,1.0,1.0,1.0,1.0,1.0,1.0,1.0,1.0,1.0,2.0,1.0,1.0,1.0,2.0,1.0,2.0,1.0,1.0,1.0,1.0,1.0,1.0,1.0,1.0,1.0,1.0,1.0,1.0,2.0,1.0,4.0,1.0,1.0,2.0,1.0,1.0,1.0,1.0,1.0,1.0,279.0,1.0,1.0,1.0,1.0,1.0,1.0,1.0,1.0,1.0,1.0,1.0,1.0,1.0,1.0,25.0,1.0,1.0,1.0,1.0,1.0,1.0,1.0,2.0,1.0,2.0,1.0,1.0,1.0,1.0,1.0,1.0,1.0,3.0,2.0,1.0,1.0,1.0,2.0,5.0,211.0,1.0,1.0,1.0,1.0,1.0,1.0,1.0,2.0,2.0,2.0,1.0,7.0,3.0,2.0,1.0,1.0,3.0,1.0,1.0,1.0,1.0,1.0,1.0,1.0
2024-01-12,1.0,1.0,1.0,1.0,1.0,1.0,1.0,1.0,1.0,1.0,2.0,1.0,1.0,1.0,1.0,1.0,1.0,1.0,1.0,1.0,1.0,1.0,1.0,1.0,1.0,1.0,1.0,1.0,1.0,1.0,1.0,1.0,1.0,2.0,1.0,310.0,1.0,1.0,1.0,1.0,1.0,1.0,1.0,1.0,1.0,1.0,1.0,1.0,1.0,1.0,1.0,1.0,1.0,1.0,1.0,1.0,1.0,1.0,1.0,1.0,1.0,1.0,1.0,1.0,1.0,2.0,1.0,1.0,1.0,1.0,1.0,1.0,1.0,1.0,1.0,1.0,1.0,1.0,1.0,1.0,1.0,10.0,1.0,1.0,1.0,1.0,1.0,1.0,1.0,2.0,1.0,1.0,1.0,1.0,1.0,1.0,1.0,4.0,1.0,1.0,1.0,1.0,1.0,2.0,1.0,1.0,1.0,1.0,1.0,1.0,1.0,1.0,1.0,1.0,1.0,1.0,11.0,1.0,2.0,4.0,1.0,1.0,1.0,1.0,1.0,1.0,2.0,1.0,1.0,1.0,1.0,1.0,1.0,1.0,1.0,1.0,1.0,1.0,1.0,1.0,1.0,1.0,1.0,2.0,1.0,1.0,1.0,1.0,1.0,1.0,1.0,1.0,1.0,1.0,1.0,1.0,1.0,1.0,1.0,2.0,1.0,1.0,1.0,1.0,1.0,1.0,1.0,1.0,1.0,1.0,3.0,1.0,1.0,1.0,1.0,1.0,1.0,2.0,1.0,1.0,1.0,1.0,1.0,1.0,1.0,2.0,1.0,1.0,1.0,1.0,1.0,2.0,2.0,1.0,1.0,3.0,1.0,3.0,1.0,1.0,1.0,1.0,1.0,1.0,1.0,1.0,1.0,1.0,1.0,1.0,1.0,1.0,1.0,1.0,1.0,1.0,1.0,1.0,1.0,1.0,1.0,1.0,1.0,1.0,1.0,1.0,1.0,1.0,1.0,1.0,1.0,1.0,1.0,1.0,1.0,1.0,563.0,1.0,1.0,1.0,1.0,1.0,1.0,1.0,1.0,1.0,1.0,1.0,1.0,1.0,1.0,1.0,1.0,1.0,1.0,1.0,1.0,1.0,1.0,186.0,1.0,1.0,1.0,2.0,1.0,2.0,1.0,2.0,3.0,1.0,1.0,1.0,1.0,1.0,1.0,1.0,4.0,1.0,1.0,2.0,1.0,1.0,1.0,1.0,1.0,1.0,1.0,2.0,1.0,2.0,1.0,2.0,2.0,1.0,1.0,2.0,1.0,2.0,3.0,1.0,1.0,1.0,1.0,1.0,1.0,2.0,1.0,1.0,1.0,1.0,1.0,1.0,1.0,1.0,1.0,1.0,2.0,1.0,1.0,1.0,1.0,1.0,1.0,1.0,1.0,1.0,1.0,2.0,1.0,1.0,1.0,1.0,2.0,1.0,1.0,1.0,1.0,1.0,1.0,1.0,2.0,1.0,1.0,1.0,1.0,1.0,3.0,2.0,1.0,2.0,1.0,4.0,2.0,1.0,1.0,1.0,1.0,2.0,3.0,5.0,3.0,1.0,2.0,2.0,2.0,2.0,1.0,3.0,2.0,2.0,1.0,1.0,2.0,1.0,3.0,1.0,1.0,2.0,1.0,2.0,2.0,1.0,1.0,1.0,1.0,1.0,2.0,1.0,1.0,1.0,1.0,1.0,1.0,1.0,1.0,1.0,1.0,1.0,1.0,1.0,1.0,1.0,1.0,1.0,1.0,1.0,1.0,1.0,1.0,2.0,1.0,1.0,1.0,1.0,1.0,1.0,1.0,1.0,1.0,1.0,1.0,1.0,4.0,1.0,1.0,1.0,1.0,3.0,1.0,1.0,1.0,1.0,1.0,1.0,1.0,1.0,1.0,2.0,1.0,1.0,1.0,1.0,2.0,1.0,1.0,1.0,125.0,2.0,1.0,2.0,1.0,1.0,1.0,1.0,2.0,1.0,1.0,1.0,2.0,1.0,3.0,1.0,2.0,1.0,1.0,1.0,1.0,1.0,1.0,2.0,3.0,1.0,1.0,2.0,1.0,1.0,1.0,1.0,2.0,1.0,1.0,1.0,2.0,1.0,1.0,2.0,1.0,1.0,1.0,1.0,1.0,1.0,1.0,1.0,1.0,1.0,1.0,1.0,1.0,1.0,1.0,1.0,1.0,1.0,1.0,113.0,1.0,1.0,2.0,1.0,1.0,1.0,1.0,1.0,1.0,1.0,1.0,1.0,1.0,1.0,3.0,1.0,1.0,3.0,1.0,1.0,1.0,1.0,2.0,3.0,1.0,1.0,1.0,2.0,350.0,520.0,4.0,1.0,1.0,1.0,1.0,1.0,1.0,1.0,1.0,1.0,1.0,1.0,1.0,1.0,52.0,1.0,1.0,1.0,1.0,2.0,1.0,1.0,2.0,2.0,2.0,1.0,1.0,1.0,1.0,1.0,1.0,1.0,1.0,1.0,1.0,1.0,1.0,1.0,1.0,231.0,1.0,2.0,1.0,2.0,1.0,1.0,1.0,1.0,4.0,3.0,1.0,4.0,1.0,2.0,3.0,1.0,4.0,1.0,1.0,1.0,1.0,1.0,1.0,1.0
2024-01-13,1.0,1.0,1.0,2.0,1.0,1.0,1.0,30.0,1.0,1.0,2.0,1.0,1.0,1.0,1.0,1.0,1.0,1.0,1.0,1.0,1.0,2.0,1.0,1.0,1.0,1.0,1.0,1.0,1.0,1.0,1.0,2.0,2.0,1.0,2.0,310.0,1.0,1.0,1.0,1.0,1.0,1.0,1.0,1.0,1.0,1.0,1.0,1.0,1.0,1.0,1.0,2.0,1.0,1.0,1.0,1.0,3.0,1.0,1.0,1.0,1.0,1.0,2.0,2.0,5.0,2.0,1.0,1.0,1.0,1.0,1.0,1.0,1.0,1.0,1.0,1.0,1.0,2.0,1.0,1.0,1.0,11.0,1.0,1.0,2.0,1.0,1.0,1.0,2.0,4.0,1.0,2.0,1.0,1.0,1.0,2.0,1.0,2.0,1.0,1.0,11.0,1.0,1.0,2.0,1.0,1.0,1.0,3.0,1.0,1.0,2.0,1.0,1.0,1.0,2.0,1.0,1.0,1.0,3.0,1.0,3.0,1.0,1.0,1.0,1.0,1.0,2.0,1.0,1.0,1.0,1.0,1.0,1.0,1.0,1.0,1.0,1.0,2.0,1.0,1.0,1.0,1.0,1.0,2.0,1.0,1.0,1.0,1.0,1.0,1.0,1.0,1.0,1.0,1.0,1.0,1.0,1.0,1.0,1.0,2.0,1.0,1.0,1.0,1.0,1.0,1.0,1.0,1.0,1.0,1.0,1.0,1.0,1.0,1.0,1.0,1.0,1.0,1.0,1.0,1.0,1.0,1.0,1.0,1.0,1.0,1.0,1.0,1.0,1.0,1.0,2.0,2.0,1.0,1.0,1.0,2.0,1.0,1.0,1.0,1.0,1.0,1.0,2.0,1.0,2.0,1.0,1.0,1.0,1.0,2.0,1.0,1.0,1.0,1.0,1.0,1.0,1.0,1.0,1.0,1.0,1.0,1.0,1.0,1.0,1.0,1.0,1.0,1.0,1.0,1.0,1.0,1.0,1.0,1.0,1.0,1.0,563.0,1.0,1.0,1.0,1.0,1.0,1.0,1.0,1.0,1.0,1.0,1.0,1.0,1.0,1.0,1.0,1.0,1.0,1.0,4.0,1.0,1.0,2.0,186.0,1.0,1.0,1.0,1.0,1.0,1.0,1.0,1.0,4.0,2.0,4.0,3.0,1.0,1.0,4.0,2.0,3.0,1.0,1.0,2.0,1.0,1.0,1.0,1.0,1.0,1.0,4.0,1.0,1.0,1.0,1.0,4.0,4.0,1.0,1.0,2.0,1.0,1.0,4.0,5.0,6.0,1.0,2.0,1.0,1.0,2.0,1.0,1.0,1.0,3.0,1.0,1.0,1.0,1.0,1.0,2.0,1.0,1.0,1.0,1.0,2.0,1.0,1.0,1.0,1.0,1.0,1.0,1.0,1.0,1.0,1.0,1.0,2.0,2.0,1.0,2.0,1.0,1.0,1.0,1.0,2.0,1.0,1.0,3.0,5.0,1.0,3.0,1.0,3.0,1.0,1.0,5.0,2.0,1.0,1.0,1.0,1.0,1.0,1.0,2.0,1.0,1.0,1.0,2.0,1.0,4.0,1.0,1.0,3.0,1.0,1.0,6.0,4.0,3.0,1.0,4.0,1.0,1.0,1.0,1.0,1.0,1.0,1.0,1.0,2.0,1.0,1.0,1.0,1.0,1.0,1.0,1.0,2.0,1.0,1.0,1.0,1.0,2.0,1.0,1.0,2.0,1.0,1.0,1.0,2.0,3.0,2.0,1.0,1.0,2.0,1.0,1.0,1.0,1.0,1.0,1.0,1.0,1.0,2.0,6.0,1.0,1.0,361.0,1.0,192.0,1.0,1.0,1.0,1.0,1.0,2.0,1.0,1.0,1.0,2.0,1.0,1.0,1.0,1.0,1.0,1.0,1.0,1.0,2.0,1.0,1.0,33.0,1.0,436.0,2.0,1.0,1.0,1.0,1.0,1.0,1.0,2.0,1.0,4.0,1.0,2.0,3.0,1.0,1.0,1.0,1.0,1.0,1.0,1.0,1.0,3.0,2.0,1.0,1.0,1.0,1.0,2.0,2.0,1.0,1.0,1.0,1.0,4.0,1.0,1.0,4.0,3.0,1.0,1.0,1.0,1.0,1.0,1.0,1.0,1.0,1.0,1.0,1.0,1.0,1.0,2.0,1.0,1.0,1.0,1.0,536.0,1.0,1.0,1.0,1.0,1.0,1.0,1.0,1.0,1.0,1.0,1.0,1.0,2.0,1.0,2.0,1.0,1.0,3.0,1.0,1.0,1.0,2.0,1.0,1.0,1.0,1.0,1.0,1.0,1.0,490.0,1.0,1.0,1.0,1.0,1.0,1.0,1.0,1.0,1.0,1.0,397.0,1.0,1.0,1.0,99.0,1.0,1.0,1.0,1.0,2.0,1.0,2.0,2.0,1.0,1.0,4.0,1.0,1.0,1.0,1.0,1.0,2.0,1.0,1.0,1.0,1.0,1.0,4.0,25.0,249.0,2.0,1.0,10.0,1.0,5.0,7.0,3.0,49.0,5.0,4.0,11.0,10.0,6.0,1.0,2.0,1.0,7.0,4.0,2.0,3.0,1.0,1.0,19.0,1.0
2024-01-14,1.0,1.0,1.0,2.0,1.0,1.0,1.0,1.0,1.0,1.0,1.0,2.0,1.0,2.0,2.0,1.0,1.0,3.0,2.0,2.0,1.0,2.0,1.0,1.0,1.0,2.0,2.0,1.0,1.0,2.0,1.0,1.0,3.0,1.0,1.0,310.0,1.0,1.0,1.0,1.0,1.0,1.0,1.0,1.0,1.0,1.0,1.0,1.0,1.0,1.0,1.0,1.0,1.0,1.0,1.0,1.0,1.0,1.0,1.0,1.0,4.0,1.0,2.0,2.0,1.0,2.0,1.0,4.0,1.0,1.0,1.0,2.0,1.0,2.0,1.0,1.0,1.0,2.0,1.0,1.0,3.0,35.0,1.0,3.0,3.0,1.0,1.0,1.0,2.0,1.0,4.0,1.0,1.0,1.0,1.0,1.0,1.0,4.0,3.0,1.0,2.0,2.0,1.0,1.0,2.0,3.0,2.0,1.0,1.0,3.0,2.0,1.0,1.0,1.0,1.0,2.0,2.0,2.0,2.0,1.0,1.0,2.0,1.0,1.0,1.0,1.0,1.0,1.0,1.0,1.0,2.0,2.0,1.0,2.0,2.0,1.0,2.0,1.0,1.0,1.0,1.0,1.0,2.0,1.0,1.0,1.0,1.0,1.0,1.0,1.0,1.0,1.0,1.0,1.0,1.0,1.0,1.0,1.0,2.0,2.0,2.0,2.0,1.0,1.0,1.0,1.0,1.0,1.0,1.0,1.0,1.0,1.0,1.0,1.0,1.0,1.0,1.0,2.0,1.0,1.0,1.0,1.0,1.0,1.0,1.0,2.0,1.0,1.0,1.0,1.0,1.0,2.0,3.0,2.0,1.0,2.0,1.0,1.0,1.0,2.0,1.0,2.0,1.0,2.0,1.0,1.0,1.0,1.0,1.0,1.0,1.0,1.0,1.0,1.0,1.0,1.0,1.0,1.0,1.0,1.0,1.0,1.0,1.0,1.0,1.0,1.0,1.0,3.0,4.0,1.0,1.0,1.0,1.0,1.0,1.0,1.0,563.0,1.0,1.0,1.0,1.0,1.0,1.0,1.0,1.0,1.0,2.0,1.0,1.0,1.0,1.0,2.0,1.0,1.0,1.0,1.0,1.0,2.0,1.0,186.0,2.0,1.0,2.0,1.0,1.0,1.0,1.0,3.0,2.0,1.0,6.0,5.0,2.0,1.0,2.0,1.0,2.0,1.0,1.0,4.0,2.0,1.0,1.0,1.0,1.0,1.0,1.0,2.0,1.0,2.0,1.0,2.0,1.0,2.0,1.0,2.0,5.0,3.0,1.0,2.0,1.0,1.0,1.0,1.0,1.0,1.0,2.0,19.0,4.0,1.0,1.0,1.0,1.0,1.0,1.0,1.0,1.0,1.0,1.0,1.0,1.0,1.0,1.0,1.0,2.0,1.0,2.0,1.0,1.0,3.0,4.0,1.0,2.0,1.0,2.0,3.0,1.0,4.0,1.0,1.0,1.0,1.0,3.0,1.0,3.0,2.0,1.0,2.0,8.0,7.0,8.0,3.0,1.0,2.0,1.0,2.0,6.0,3.0,2.0,1.0,2.0,1.0,1.0,1.0,1.0,1.0,1.0,1.0,3.0,2.0,2.0,3.0,2.0,1.0,2.0,2.0,1.0,1.0,1.0,1.0,1.0,1.0,1.0,1.0,2.0,1.0,2.0,1.0,1.0,1.0,1.0,1.0,1.0,1.0,3.0,1.0,1.0,7.0,2.0,1.0,1.0,5.0,1.0,1.0,1.0,1.0,1.0,1.0,2.0,1.0,1.0,1.0,3.0,1.0,1.0,1.0,1.0,1.0,5.0,1.0,2.0,1.0,389.0,1.0,1.0,1.0,1.0,1.0,4.0,1.0,20.0,2.0,1.0,1.0,1.0,1.0,2.0,1.0,1.0,1.0,1.0,1.0,1.0,1.0,1.0,1.0,267.0,2.0,598.0,2.0,1.0,1.0,1.0,1.0,2.0,1.0,2.0,1.0,4.0,1.0,2.0,2.0,2.0,1.0,1.0,1.0,8.0,2.0,1.0,2.0,287.0,3.0,1.0,1.0,1.0,1.0,1.0,1.0,2.0,1.0,1.0,1.0,5.0,1.0,1.0,1.0,1.0,1.0,1.0,1.0,1.0,2.0,1.0,1.0,1.0,1.0,1.0,1.0,1.0,1.0,2.0,2.0,1.0,1.0,1.0,1.0,1.0,1.0,1.0,1.0,1.0,1.0,1.0,1.0,1.0,1.0,1.0,1.0,1.0,2.0,2.0,1.0,2.0,1.0,1.0,2.0,1.0,1.0,1.0,1.0,1.0,1.0,1.0,1.0,1.0,431.0,12.0,1.0,1.0,1.0,1.0,1.0,1.0,1.0,1.0,1.0,2.0,13.0,9.0,2.0,53.0,1.0,1.0,2.0,3.0,2.0,1.0,1.0,3.0,1.0,1.0,3.0,1.0,1.0,1.0,1.0,1.0,1.0,2.0,1.0,1.0,1.0,2.0,1.0,1.0,233.0,1.0,2.0,23.0,7.0,12.0,38.0,31.0,61.0,1.0,1.0,7.0,8.0,6.0,1.0,2.0,5.0,6.0,14.0,3.0,15.0,1.0,1.0,58.0,49.0
2024-01-15,1.0,1.0,1.0,1.0,1.0,3.0,2.0,1.0,1.0,1.0,1.0,2.0,1.0,1.0,1.0,1.0,1.0,1.0,1.0,1.0,1.0,1.0,1.0,1.0,1.0,1.0,2.0,1.0,1.0,1.0,1.0,1.0,1.0,1.0,2.0,310.0,1.0,1.0,2.0,1.0,1.0,1.0,1.0,1.0,1.0,1.0,1.0,1.0,1.0,1.0,1.0,1.0,2.0,1.0,1.0,1.0,1.0,1.0,1.0,2.0,1.0,1.0,1.0,1.0,1.0,1.0,1.0,1.0,1.0,1.0,1.0,1.0,1.0,1.0,1.0,1.0,1.0,1.0,1.0,1.0,1.0,13.0,1.0,1.0,1.0,1.0,1.0,2.0,1.0,1.0,1.0,2.0,1.0,1.0,1.0,1.0,1.0,2.0,2.0,1.0,1.0,2.0,1.0,2.0,1.0,1.0,1.0,2.0,2.0,1.0,2.0,1.0,1.0,1.0,1.0,1.0,2.0,1.0,1.0,1.0,1.0,1.0,1.0,1.0,1.0,1.0,1.0,1.0,1.0,1.0,1.0,1.0,1.0,1.0,1.0,1.0,1.0,1.0,1.0,1.0,1.0,1.0,1.0,2.0,1.0,1.0,1.0,1.0,1.0,2.0,1.0,1.0,1.0,1.0,1.0,1.0,1.0,1.0,1.0,1.0,2.0,1.0,2.0,1.0,1.0,1.0,1.0,1.0,1.0,1.0,1.0,1.0,1.0,1.0,1.0,1.0,1.0,1.0,1.0,1.0,1.0,2.0,1.0,1.0,1.0,1.0,2.0,1.0,1.0,1.0,1.0,1.0,1.0,1.0,1.0,2.0,1.0,2.0,1.0,1.0,1.0,1.0,1.0,1.0,1.0,1.0,1.0,1.0,1.0,1.0,2.0,1.0,1.0,1.0,1.0,4.0,1.0,3.0,2.0,1.0,2.0,1.0,1.0,1.0,1.0,1.0,1.0,1.0,1.0,1.0,1.0,1.0,1.0,1.0,1.0,2.0,563.0,1.0,1.0,1.0,1.0,1.0,1.0,1.0,3.0,1.0,1.0,1.0,1.0,1.0,1.0,1.0,1.0,1.0,1.0,1.0,1.0,1.0,1.0,186.0,1.0,1.0,2.0,1.0,1.0,2.0,1.0,3.0,1.0,1.0,1.0,3.0,1.0,1.0,3.0,2.0,1.0,1.0,1.0,1.0,1.0,1.0,2.0,1.0,1.0,1.0,2.0,2.0,1.0,3.0,5.0,3.0,2.0,1.0,1.0,1.0,3.0,3.0,1.0,2.0,1.0,1.0,1.0,1.0,1.0,1.0,2.0,1.0,1.0,1.0,1.0,2.0,1.0,1.0,1.0,2.0,1.0,1.0,1.0,1.0,1.0,1.0,1.0,3.0,1.0,1.0,1.0,1.0,1.0,1.0,1.0,1.0,1.0,2.0,1.0,1.0,1.0,1.0,1.0,1.0,2.0,1.0,1.0,1.0,3.0,1.0,2.0,1.0,11.0,7.0,3.0,2.0,1.0,2.0,6.0,1.0,2.0,1.0,3.0,1.0,1.0,1.0,1.0,1.0,2.0,2.0,1.0,1.0,2.0,1.0,1.0,1.0,3.0,1.0,1.0,1.0,1.0,1.0,1.0,1.0,1.0,1.0,3.0,1.0,1.0,1.0,1.0,1.0,1.0,1.0,1.0,2.0,3.0,1.0,1.0,1.0,1.0,1.0,1.0,1.0,1.0,19.0,1.0,1.0,2.0,1.0,1.0,1.0,1.0,1.0,2.0,1.0,1.0,1.0,1.0,1.0,1.0,1.0,1.0,2.0,1.0,3.0,51.0,1.0,1.0,1.0,1.0,1.0,2.0,1.0,120.0,1.0,1.0,2.0,1.0,1.0,1.0,2.0,1.0,1.0,1.0,1.0,1.0,1.0,1.0,1.0,35.0,1.0,546.0,1.0,1.0,1.0,1.0,1.0,1.0,1.0,1.0,1.0,2.0,1.0,3.0,1.0,1.0,2.0,1.0,1.0,1.0,1.0,5.0,2.0,134.0,1.0,1.0,1.0,1.0,1.0,1.0,1.0,2.0,1.0,1.0,1.0,2.0,1.0,1.0,4.0,1.0,2.0,1.0,1.0,1.0,1.0,1.0,1.0,1.0,1.0,1.0,1.0,1.0,1.0,1.0,1.0,1.0,1.0,1.0,1.0,1.0,1.0,1.0,1.0,1.0,1.0,1.0,1.0,1.0,1.0,1.0,1.0,1.0,2.0,1.0,1.0,1.0,1.0,1.0,1.0,1.0,1.0,3.0,1.0,1.0,1.0,1.0,1.0,1.0,521.0,278.0,1.0,1.0,1.0,1.0,1.0,1.0,1.0,1.0,1.0,1.0,1.0,1.0,1.0,104.0,1.0,1.0,1.0,1.0,2.0,1.0,1.0,1.0,1.0,2.0,2.0,1.0,1.0,1.0,1.0,1.0,1.0,1.0,1.0,23.0,1.0,2.0,1.0,1.0,201.0,1.0,2.0,1.0,1.0,1.0,1.0,1.0,1.0,8.0,3.0,5.0,4.0,1.0,1.0,2.0,1.0,4.0,1.0,1.0,1.0,1.0,1.0,1.0,1.0
2024-01-16,1.0,1.0,1.0,1.0,1.0,1.0,1.0,1.0,1.0,1.0,1.0,2.0,1.0,1.0,1.0,1.0,1.0,1.0,1.0,1.0,1.0,2.0,1.0,1.0,1.0,1.0,1.0,1.0,1.0,2.0,1.0,1.0,1.0,1.0,1.0,310.0,1.0,1.0,1.0,1.0,1.0,1.0,1.0,1.0,1.0,1.0,1.0,1.0,1.0,1.0,1.0,1.0,1.0,1.0,1.0,1.0,1.0,1.0,1.0,1.0,1.0,1.0,1.0,1.0,1.0,2.0,1.0,1.0,1.0,1.0,1.0,1.0,1.0,1.0,2.0,1.0,1.0,1.0,1.0,1.0,1.0,63.0,1.0,1.0,1.0,1.0,1.0,1.0,1.0,1.0,4.0,2.0,1.0,2.0,1.0,1.0,1.0,1.0,2.0,2.0,1.0,1.0,1.0,2.0,1.0,1.0,2.0,1.0,1.0,1.0,2.0,1.0,1.0,1.0,1.0,1.0,2.0,1.0,1.0,1.0,1.0,1.0,1.0,1.0,1.0,1.0,2.0,1.0,1.0,1.0,1.0,1.0,1.0,1.0,1.0,1.0,2.0,1.0,1.0,1.0,1.0,1.0,1.0,1.0,1.0,1.0,1.0,1.0,1.0,1.0,1.0,1.0,1.0,1.0,1.0,1.0,1.0,1.0,2.0,1.0,1.0,1.0,1.0,1.0,1.0,1.0,1.0,1.0,1.0,1.0,1.0,1.0,1.0,1.0,1.0,1.0,1.0,1.0,2.0,1.0,1.0,1.0,1.0,1.0,1.0,1.0,1.0,1.0,1.0,1.0,2.0,1.0,1.0,1.0,1.0,1.0,2.0,1.0,1.0,1.0,1.0,1.0,1.0,1.0,1.0,1.0,1.0,1.0,1.0,1.0,1.0,1.0,1.0,1.0,1.0,1.0,1.0,1.0,1.0,1.0,1.0,1.0,1.0,3.0,2.0,1.0,1.0,1.0,1.0,1.0,1.0,2.0,1.0,1.0,1.0,1.0,563.0,1.0,1.0,1.0,2.0,1.0,1.0,1.0,1.0,1.0,1.0,1.0,1.0,1.0,1.0,1.0,1.0,1.0,1.0,1.0,1.0,1.0,1.0,186.0,1.0,1.0,1.0,1.0,1.0,1.0,1.0,1.0,1.0,1.0,3.0,1.0,2.0,1.0,2.0,2.0,1.0,1.0,1.0,1.0,1.0,1.0,1.0,1.0,1.0,1.0,3.0,1.0,1.0,2.0,3.0,1.0,2.0,2.0,1.0,2.0,1.0,1.0,4.0,4.0,10.0,1.0,1.0,10.0,6.0,1.0,2.0,1.0,1.0,1.0,1.0,2.0,1.0,1.0,1.0,1.0,1.0,2.0,1.0,1.0,1.0,1.0,1.0,1.0,1.0,1.0,1.0,1.0,2.0,1.0,1.0,1.0,1.0,1.0,1.0,1.0,3.0,1.0,1.0,1.0,1.0,1.0,1.0,1.0,1.0,1.0,7.0,2.0,4.0,3.0,1.0,1.0,2.0,6.0,3.0,1.0,1.0,5.0,2.0,1.0,1.0,1.0,1.0,1.0,1.0,1.0,1.0,1.0,1.0,1.0,1.0,3.0,1.0,1.0,2.0,1.0,1.0,1.0,1.0,1.0,1.0,1.0,1.0,1.0,1.0,1.0,1.0,6.0,1.0,1.0,1.0,1.0,1.0,2.0,1.0,1.0,5.0,1.0,1.0,1.0,1.0,1.0,1.0,1.0,2.0,1.0,1.0,1.0,1.0,1.0,1.0,1.0,1.0,1.0,1.0,1.0,1.0,1.0,1.0,1.0,3.0,1.0,406.0,1.0,1.0,1.0,2.0,1.0,1.0,1.0,1.0,1.0,1.0,1.0,1.0,1.0,1.0,1.0,1.0,1.0,1.0,1.0,1.0,1.0,1.0,1.0,200.0,3.0,1.0,2.0,1.0,1.0,1.0,1.0,1.0,2.0,2.0,1.0,3.0,1.0,3.0,5.0,6.0,1.0,1.0,1.0,1.0,1.0,2.0,1.0,3.0,1.0,1.0,2.0,1.0,2.0,1.0,2.0,1.0,1.0,1.0,1.0,3.0,1.0,1.0,7.0,1.0,2.0,2.0,1.0,1.0,7.0,1.0,64.0,3.0,1.0,1.0,1.0,2.0,1.0,1.0,1.0,1.0,1.0,1.0,1.0,1.0,1.0,1.0,1.0,1.0,1.0,1.0,1.0,1.0,1.0,1.0,1.0,1.0,1.0,1.0,1.0,1.0,1.0,3.0,1.0,1.0,1.0,1.0,1.0,1.0,1.0,1.0,1.0,1.0,521.0,2.0,1.0,1.0,1.0,1.0,1.0,1.0,1.0,1.0,1.0,587.0,1.0,1.0,1.0,115.0,1.0,1.0,1.0,1.0,1.0,1.0,1.0,1.0,2.0,1.0,1.0,1.0,1.0,1.0,1.0,1.0,1.0,1.0,1.0,1.0,1.0,1.0,1.0,1.0,221.0,2.0,1.0,1.0,1.0,1.0,1.0,1.0,3.0,2.0,4.0,4.0,6.0,1.0,2.0,1.0,1.0,2.0,1.0,1.0,1.0,1.0,1.0,1.0,1.0
2024-01-17,1.0,1.0,1.0,1.0,1.0,1.0,1.0,1.0,1.0,1.0,1.0,2.0,1.0,1.0,1.0,1.0,1.0,1.0,1.0,1.0,1.0,1.0,1.0,1.0,1.0,1.0,1.0,1.0,1.0,1.0,1.0,3.0,1.0,1.0,1.0,310.0,1.0,1.0,1.0,1.0,1.0,2.0,1.0,2.0,1.0,1.0,1.0,1.0,1.0,1.0,1.0,2.0,1.0,1.0,1.0,1.0,1.0,2.0,1.0,1.0,1.0,1.0,1.0,2.0,1.0,1.0,1.0,1.0,1.0,1.0,1.0,1.0,1.0,1.0,2.0,1.0,1.0,1.0,1.0,1.0,1.0,16.0,1.0,1.0,1.0,1.0,1.0,1.0,1.0,1.0,1.0,1.0,1.0,1.0,1.0,1.0,1.0,2.0,2.0,1.0,1.0,1.0,1.0,2.0,1.0,1.0,1.0,3.0,1.0,1.0,2.0,1.0,1.0,1.0,1.0,1.0,3.0,4.0,2.0,1.0,1.0,1.0,1.0,1.0,1.0,1.0,2.0,1.0,4.0,1.0,1.0,1.0,1.0,1.0,2.0,1.0,1.0,1.0,1.0,1.0,1.0,1.0,1.0,1.0,2.0,1.0,1.0,1.0,1.0,1.0,1.0,1.0,1.0,1.0,1.0,1.0,1.0,1.0,1.0,2.0,1.0,2.0,2.0,1.0,1.0,1.0,1.0,1.0,1.0,2.0,1.0,1.0,1.0,1.0,1.0,1.0,1.0,2.0,1.0,1.0,1.0,1.0,1.0,1.0,1.0,1.0,1.0,1.0,1.0,1.0,1.0,1.0,1.0,1.0,1.0,1.0,2.0,1.0,1.0,2.0,1.0,1.0,1.0,2.0,1.0,1.0,1.0,1.0,1.0,1.0,1.0,1.0,1.0,1.0,1.0,1.0,1.0,1.0,1.0,1.0,1.0,2.0,1.0,1.0,2.0,1.0,1.0,1.0,2.0,1.0,1.0,1.0,1.0,2.0,2.0,1.0,563.0,1.0,2.0,1.0,2.0,1.0,1.0,1.0,1.0,1.0,1.0,1.0,1.0,1.0,1.0,1.0,1.0,1.0,1.0,1.0,1.0,1.0,1.0,186.0,1.0,1.0,5.0,5.0,1.0,1.0,1.0,4.0,1.0,1.0,3.0,1.0,1.0,1.0,2.0,2.0,4.0,1.0,2.0,1.0,1.0,1.0,1.0,1.0,2.0,1.0,2.0,2.0,1.0,2.0,1.0,1.0,3.0,4.0,1.0,3.0,4.0,1.0,4.0,1.0,1.0,1.0,3.0,1.0,1.0,1.0,1.0,1.0,1.0,1.0,1.0,2.0,2.0,1.0,1.0,1.0,2.0,1.0,1.0,1.0,1.0,1.0,1.0,1.0,1.0,1.0,1.0,1.0,1.0,1.0,1.0,1.0,2.0,1.0,2.0,2.0,1.0,3.0,4.0,1.0,2.0,1.0,2.0,1.0,2.0,5.0,1.0,1.0,1.0,6.0,4.0,3.0,2.0,1.0,1.0,1.0,1.0,1.0,1.0,3.0,1.0,1.0,2.0,1.0,1.0,3.0,1.0,3.0,1.0,1.0,1.0,5.0,4.0,1.0,1.0,1.0,1.0,1.0,1.0,1.0,1.0,1.0,1.0,2.0,1.0,1.0,1.0,407.0,1.0,1.0,1.0,1.0,1.0,1.0,2.0,1.0,2.0,2.0,1.0,1.0,1.0,1.0,1.0,1.0,1.0,2.0,1.0,1.0,1.0,1.0,1.0,1.0,1.0,1.0,1.0,1.0,1.0,1.0,2.0,2.0,2.0,1.0,51.0,1.0,1.0,1.0,3.0,1.0,1.0,1.0,2.0,1.0,1.0,1.0,1.0,1.0,1.0,1.0,1.0,1.0,1.0,1.0,2.0,1.0,1.0,1.0,162.0,1.0,2.0,2.0,1.0,1.0,1.0,1.0,2.0,1.0,2.0,1.0,2.0,1.0,1.0,4.0,6.0,1.0,1.0,1.0,1.0,1.0,2.0,1.0,329.0,1.0,1.0,2.0,1.0,1.0,3.0,2.0,1.0,1.0,1.0,3.0,1.0,1.0,1.0,3.0,1.0,1.0,1.0,1.0,1.0,1.0,2.0,1.0,2.0,1.0,1.0,1.0,1.0,2.0,1.0,2.0,1.0,1.0,1.0,1.0,1.0,1.0,1.0,1.0,1.0,1.0,1.0,1.0,1.0,1.0,1.0,1.0,3.0,2.0,1.0,1.0,1.0,1.0,3.0,1.0,1.0,3.0,2.0,1.0,1.0,1.0,1.0,2.0,1.0,515.0,1.0,1.0,1.0,1.0,1.0,1.0,1.0,1.0,1.0,1.0,1.0,1.0,1.0,1.0,171.0,1.0,1.0,1.0,1.0,1.0,1.0,1.0,1.0,1.0,3.0,1.0,2.0,1.0,1.0,1.0,1.0,2.0,1.0,1.0,1.0,1.0,2.0,1.0,1.0,1.0,1.0,1.0,1.0,1.0,1.0,1.0,1.0,6.0,5.0,5.0,2.0,5.0,1.0,1.0,2.0,1.0,4.0,1.0,1.0,1.0,1.0,1.0,1.0,1.0
2024-01-18,1.0,1.0,1.0,1.0,1.0,1.0,1.0,1.0,1.0,1.0,1.0,1.0,1.0,1.0,1.0,10.0,1.0,1.0,1.0,1.0,1.0,2.0,1.0,1.0,1.0,1.0,2.0,2.0,2.0,1.0,1.0,1.0,2.0,1.0,1.0,310.0,1.0,1.0,1.0,1.0,1.0,1.0,1.0,1.0,1.0,1.0,1.0,1.0,1.0,1.0,1.0,1.0,1.0,1.0,1.0,1.0,1.0,1.0,1.0,1.0,1.0,2.0,1.0,2.0,1.0,2.0,1.0,1.0,1.0,1.0,1.0,1.0,1.0,1.0,1.0,1.0,2.0,1.0,1.0,1.0,1.0,1.0,1.0,1.0,3.0,1.0,1.0,2.0,1.0,1.0,1.0,1.0,1.0,1.0,1.0,1.0,1.0,1.0,2.0,1.0,1.0,1.0,1.0,4.0,1.0,1.0,2.0,2.0,2.0,1.0,2.0,1.0,1.0,1.0,1.0,1.0,1.0,1.0,1.0,3.0,1.0,1.0,1.0,1.0,1.0,2.0,1.0,1.0,1.0,1.0,1.0,1.0,1.0,1.0,1.0,1.0,1.0,2.0,1.0,1.0,1.0,1.0,1.0,2.0,1.0,1.0,1.0,1.0,1.0,1.0,1.0,1.0,1.0,1.0,1.0,1.0,1.0,1.0,1.0,1.0,1.0,1.0,1.0,1.0,1.0,1.0,1.0,1.0,1.0,1.0,1.0,1.0,1.0,1.0,1.0,1.0,1.0,1.0,1.0,1.0,1.0,1.0,1.0,1.0,1.0,1.0,1.0,1.0,1.0,1.0,1.0,2.0,1.0,1.0,1.0,1.0,1.0,1.0,1.0,1.0,1.0,1.0,1.0,1.0,1.0,1.0,1.0,1.0,1.0,1.0,1.0,1.0,1.0,1.0,1.0,1.0,1.0,1.0,1.0,1.0,1.0,2.0,1.0,2.0,2.0,1.0,1.0,1.0,1.0,1.0,1.0,1.0,4.0,1.0,2.0,1.0,563.0,1.0,2.0,1.0,2.0,1.0,1.0,1.0,1.0,1.0,1.0,1.0,1.0,1.0,1.0,1.0,1.0,1.0,1.0,1.0,1.0,1.0,1.0,186.0,1.0,1.0,1.0,1.0,1.0,1.0,2.0,1.0,1.0,1.0,2.0,1.0,2.0,1.0,1.0,3.0,2.0,1.0,1.0,1.0,1.0,1.0,1.0,1.0,1.0,1.0,3.0,1.0,1.0,2.0,1.0,4.0,3.0,1.0,1.0,2.0,5.0,1.0,1.0,2.0,1.0,1.0,1.0,2.0,1.0,1.0,1.0,1.0,1.0,1.0,2.0,1.0,1.0,2.0,1.0,1.0,1.0,2.0,1.0,1.0,1.0,1.0,1.0,1.0,1.0,1.0,1.0,1.0,1.0,1.0,1.0,1.0,2.0,2.0,1.0,1.0,1.0,1.0,1.0,1.0,1.0,1.0,1.0,1.0,1.0,1.0,1.0,1.0,4.0,5.0,5.0,4.0,1.0,3.0,2.0,1.0,1.0,1.0,2.0,1.0,2.0,1.0,2.0,1.0,3.0,2.0,1.0,1.0,3.0,1.0,2.0,1.0,3.0,2.0,1.0,1.0,1.0,1.0,1.0,1.0,1.0,1.0,1.0,1.0,1.0,1.0,1.0,46.0,1.0,1.0,1.0,1.0,2.0,1.0,1.0,1.0,1.0,1.0,1.0,1.0,1.0,1.0,1.0,1.0,1.0,2.0,1.0,1.0,1.0,1.0,2.0,1.0,1.0,1.0,2.0,1.0,1.0,1.0,1.0,1.0,2.0,1.0,370.0,1.0,1.0,1.0,1.0,1.0,1.0,1.0,1.0,1.0,1.0,1.0,1.0,1.0,2.0,1.0,1.0,1.0,1.0,1.0,1.0,1.0,1.0,1.0,293.0,1.0,1.0,2.0,1.0,1.0,1.0,1.0,2.0,1.0,2.0,1.0,4.0,1.0,3.0,1.0,1.0,2.0,1.0,1.0,1.0,1.0,1.0,2.0,1.0,1.0,1.0,1.0,1.0,1.0,1.0,2.0,1.0,1.0,1.0,1.0,1.0,1.0,1.0,4.0,1.0,1.0,1.0,1.0,1.0,1.0,1.0,2.0,1.0,1.0,1.0,1.0,1.0,1.0,1.0,2.0,1.0,1.0,1.0,1.0,1.0,2.0,2.0,1.0,1.0,1.0,1.0,1.0,1.0,1.0,1.0,1.0,1.0,1.0,1.0,204.0,1.0,1.0,2.0,1.0,1.0,1.0,1.0,1.0,1.0,1.0,3.0,1.0,1.0,517.0,450.0,1.0,1.0,1.0,1.0,1.0,1.0,1.0,1.0,1.0,1.0,1.0,1.0,1.0,173.0,1.0,1.0,1.0,1.0,1.0,4.0,1.0,1.0,1.0,1.0,1.0,1.0,1.0,1.0,1.0,1.0,1.0,3.0,1.0,1.0,1.0,1.0,1.0,1.0,1.0,2.0,1.0,1.0,1.0,2.0,1.0,1.0,1.0,6.0,7.0,6.0,8.0,1.0,1.0,2.0,1.0,3.0,1.0,1.0,1.0,1.0,1.0,1.0,1.0
2024-01-19,1.0,1.0,1.0,1.0,1.0,1.0,1.0,1.0,1.0,1.0,1.0,1.0,1.0,1.0,1.0,1.0,1.0,1.0,1.0,1.0,1.0,2.0,1.0,1.0,1.0,1.0,2.0,1.0,1.0,1.0,1.0,1.0,1.0,1.0,1.0,310.0,1.0,1.0,1.0,1.0,1.0,1.0,1.0,1.0,1.0,2.0,1.0,1.0,1.0,1.0,1.0,1.0,1.0,1.0,1.0,1.0,1.0,2.0,1.0,1.0,1.0,2.0,1.0,1.0,1.0,1.0,1.0,1.0,1.0,1.0,1.0,1.0,1.0,1.0,1.0,1.0,2.0,1.0,1.0,1.0,1.0,5.0,1.0,1.0,1.0,1.0,1.0,1.0,1.0,4.0,1.0,1.0,1.0,1.0,1.0,1.0,1.0,1.0,2.0,1.0,1.0,1.0,1.0,2.0,1.0,2.0,1.0,2.0,1.0,1.0,1.0,1.0,1.0,1.0,1.0,1.0,1.0,1.0,2.0,1.0,1.0,1.0,1.0,1.0,1.0,1.0,1.0,1.0,1.0,1.0,1.0,1.0,1.0,1.0,1.0,1.0,1.0,1.0,1.0,1.0,1.0,1.0,1.0,1.0,1.0,1.0,1.0,1.0,1.0,1.0,1.0,1.0,1.0,1.0,2.0,3.0,1.0,1.0,1.0,1.0,1.0,1.0,1.0,1.0,1.0,1.0,1.0,1.0,1.0,1.0,1.0,1.0,1.0,1.0,1.0,1.0,1.0,1.0,1.0,1.0,1.0,1.0,1.0,1.0,1.0,1.0,1.0,1.0,31.0,2.0,2.0,1.0,1.0,1.0,1.0,1.0,2.0,1.0,2.0,1.0,1.0,1.0,2.0,1.0,1.0,1.0,1.0,1.0,1.0,1.0,1.0,1.0,1.0,1.0,1.0,1.0,1.0,1.0,1.0,1.0,2.0,2.0,1.0,2.0,1.0,1.0,1.0,1.0,1.0,1.0,1.0,1.0,1.0,1.0,1.0,1.0,563.0,1.0,1.0,2.0,1.0,1.0,1.0,1.0,4.0,1.0,1.0,1.0,1.0,1.0,1.0,1.0,1.0,2.0,1.0,1.0,1.0,1.0,1.0,186.0,1.0,1.0,2.0,1.0,2.0,4.0,1.0,1.0,2.0,2.0,3.0,1.0,1.0,1.0,1.0,1.0,1.0,1.0,1.0,2.0,1.0,1.0,1.0,1.0,2.0,1.0,1.0,2.0,1.0,4.0,1.0,1.0,1.0,2.0,1.0,5.0,2.0,1.0,2.0,1.0,1.0,1.0,1.0,1.0,1.0,1.0,1.0,1.0,1.0,1.0,1.0,2.0,1.0,1.0,1.0,1.0,2.0,1.0,1.0,1.0,1.0,1.0,1.0,1.0,1.0,1.0,1.0,1.0,1.0,1.0,1.0,1.0,2.0,1.0,1.0,1.0,2.0,1.0,1.0,1.0,2.0,1.0,1.0,1.0,2.0,1.0,3.0,1.0,2.0,2.0,1.0,1.0,1.0,1.0,1.0,1.0,3.0,3.0,1.0,1.0,1.0,1.0,2.0,2.0,3.0,2.0,2.0,1.0,1.0,1.0,4.0,4.0,3.0,1.0,1.0,1.0,1.0,1.0,1.0,1.0,1.0,1.0,1.0,2.0,1.0,1.0,1.0,2.0,1.0,1.0,1.0,1.0,3.0,4.0,1.0,1.0,1.0,1.0,7.0,2.0,1.0,1.0,1.0,1.0,1.0,1.0,1.0,1.0,1.0,1.0,1.0,1.0,1.0,1.0,1.0,1.0,1.0,571.0,1.0,1.0,2.0,1.0,315.0,1.0,1.0,1.0,2.0,1.0,1.0,1.0,1.0,1.0,1.0,1.0,2.0,1.0,1.0,1.0,1.0,1.0,1.0,1.0,1.0,1.0,1.0,1.0,117.0,1.0,334.0,2.0,2.0,1.0,1.0,1.0,3.0,1.0,1.0,1.0,4.0,1.0,1.0,1.0,1.0,1.0,1.0,1.0,1.0,1.0,4.0,3.0,2.0,7.0,1.0,1.0,1.0,1.0,1.0,1.0,1.0,1.0,1.0,1.0,2.0,1.0,1.0,3.0,1.0,1.0,1.0,1.0,1.0,1.0,1.0,2.0,1.0,1.0,1.0,4.0,1.0,1.0,1.0,2.0,3.0,1.0,1.0,1.0,1.0,1.0,1.0,3.0,1.0,1.0,1.0,1.0,1.0,1.0,1.0,1.0,1.0,1.0,1.0,227.0,1.0,1.0,2.0,3.0,1.0,1.0,2.0,1.0,1.0,2.0,2.0,1.0,1.0,509.0,566.0,1.0,1.0,1.0,1.0,1.0,1.0,1.0,1.0,1.0,1.0,1.0,1.0,1.0,215.0,1.0,1.0,1.0,1.0,1.0,2.0,1.0,2.0,1.0,1.0,1.0,1.0,1.0,1.0,1.0,1.0,2.0,7.0,1.0,8.0,1.0,1.0,2.0,1.0,1.0,1.0,1.0,1.0,1.0,1.0,1.0,1.0,1.0,1.0,5.0,3.0,9.0,4.0,4.0,2.0,11.0,1.0,4.0,1.0,1.0,1.0,1.0,1.0,1.0
2024-01-20,1.0,1.0,1.0,1.0,1.0,2.0,1.0,4.0,1.0,1.0,1.0,1.0,1.0,1.0,1.0,1.0,1.0,1.0,1.0,1.0,1.0,1.0,1.0,1.0,1.0,1.0,1.0,1.0,1.0,1.0,1.0,1.0,1.0,1.0,1.0,310.0,1.0,1.0,1.0,1.0,1.0,1.0,1.0,4.0,1.0,1.0,1.0,1.0,1.0,1.0,1.0,2.0,1.0,1.0,1.0,1.0,1.0,1.0,1.0,1.0,1.0,1.0,2.0,2.0,1.0,1.0,1.0,1.0,1.0,1.0,1.0,1.0,1.0,1.0,2.0,1.0,1.0,1.0,1.0,1.0,1.0,11.0,1.0,1.0,1.0,1.0,2.0,1.0,1.0,1.0,1.0,1.0,1.0,1.0,1.0,1.0,1.0,1.0,1.0,2.0,3.0,1.0,1.0,1.0,2.0,1.0,2.0,1.0,1.0,1.0,2.0,1.0,1.0,1.0,1.0,1.0,2.0,1.0,1.0,1.0,1.0,1.0,1.0,2.0,1.0,2.0,2.0,2.0,1.0,1.0,2.0,1.0,1.0,1.0,1.0,1.0,2.0,1.0,1.0,1.0,1.0,1.0,1.0,2.0,1.0,1.0,1.0,1.0,1.0,1.0,1.0,1.0,1.0,1.0,1.0,1.0,1.0,1.0,1.0,2.0,2.0,4.0,1.0,1.0,1.0,1.0,1.0,1.0,1.0,1.0,1.0,1.0,1.0,1.0,1.0,1.0,1.0,1.0,1.0,2.0,4.0,1.0,1.0,1.0,1.0,1.0,1.0,1.0,1.0,5.0,2.0,3.0,1.0,1.0,1.0,2.0,1.0,1.0,1.0,1.0,1.0,1.0,2.0,1.0,1.0,1.0,1.0,1.0,1.0,1.0,2.0,1.0,1.0,1.0,1.0,4.0,1.0,1.0,1.0,1.0,1.0,1.0,1.0,2.0,1.0,1.0,1.0,1.0,1.0,1.0,1.0,1.0,1.0,1.0,1.0,1.0,563.0,1.0,2.0,1.0,1.0,1.0,1.0,1.0,1.0,1.0,1.0,1.0,1.0,1.0,1.0,1.0,1.0,1.0,1.0,1.0,1.0,2.0,2.0,186.0,1.0,4.0,1.0,2.0,2.0,2.0,1.0,3.0,2.0,1.0,2.0,2.0,1.0,1.0,1.0,2.0,1.0,1.0,1.0,3.0,1.0,1.0,1.0,1.0,1.0,1.0,2.0,2.0,1.0,1.0,1.0,2.0,4.0,1.0,1.0,1.0,2.0,2.0,1.0,1.0,1.0,1.0,2.0,1.0,1.0,1.0,2.0,2.0,1.0,1.0,1.0,1.0,3.0,1.0,1.0,2.0,1.0,1.0,1.0,1.0,1.0,1.0,1.0,1.0,1.0,1.0,1.0,1.0,1.0,1.0,1.0,1.0,2.0,1.0,2.0,1.0,2.0,1.0,2.0,1.0,1.0,2.0,1.0,1.0,7.0,1.0,1.0,1.0,5.0,2.0,1.0,2.0,2.0,3.0,2.0,3.0,1.0,4.0,1.0,2.0,1.0,1.0,2.0,2.0,1.0,3.0,1.0,1.0,2.0,13.0,3.0,7.0,4.0,3.0,1.0,1.0,1.0,1.0,1.0,1.0,1.0,1.0,1.0,2.0,2.0,1.0,2.0,1.0,1.0,1.0,1.0,1.0,1.0,1.0,1.0,1.0,1.0,2.0,1.0,1.0,1.0,1.0,1.0,1.0,3.0,2.0,1.0,1.0,1.0,2.0,1.0,1.0,1.0,1.0,1.0,1.0,3.0,13.0,2.0,1.0,2.0,1.0,80.0,1.0,1.0,1.0,1.0,1.0,1.0,1.0,1.0,1.0,1.0,2.0,1.0,7.0,1.0,1.0,1.0,1.0,1.0,1.0,1.0,1.0,1.0,65.0,11.0,1.0,562.0,2.0,1.0,1.0,1.0,1.0,2.0,1.0,1.0,1.0,2.0,1.0,2.0,2.0,1.0,1.0,1.0,1.0,1.0,1.0,1.0,2.0,4.0,1.0,1.0,2.0,1.0,1.0,1.0,1.0,2.0,1.0,1.0,1.0,1.0,1.0,1.0,1.0,1.0,1.0,1.0,1.0,1.0,1.0,1.0,1.0,1.0,2.0,1.0,1.0,1.0,1.0,1.0,1.0,1.0,1.0,1.0,1.0,1.0,1.0,2.0,2.0,1.0,1.0,1.0,1.0,1.0,1.0,1.0,1.0,1.0,2.0,1.0,492.0,9.0,2.0,2.0,2.0,1.0,2.0,1.0,1.0,1.0,1.0,1.0,1.0,1.0,478.0,566.0,1.0,2.0,1.0,1.0,1.0,1.0,1.0,1.0,1.0,1.0,3.0,1.0,1.0,271.0,1.0,1.0,1.0,28.0,8.0,14.0,20.0,3.0,1.0,3.0,2.0,1.0,1.0,1.0,1.0,1.0,1.0,3.0,1.0,1.0,1.0,1.0,1.0,1.0,1.0,2.0,1.0,32.0,1.0,1.0,6.0,1.0,46.0,3.0,3.0,12.0,15.0,6.0,2.0,1.0,3.0,3.0,2.0,1.0,1.0,1.0,1.0,18.0,1.0
2024-01-21,1.0,1.0,1.0,1.0,1.0,1.0,2.0,2.0,1.0,2.0,1.0,2.0,15.0,24.0,6.0,1.0,1.0,2.0,1.0,8.0,1.0,2.0,1.0,1.0,1.0,1.0,1.0,2.0,2.0,2.0,1.0,2.0,1.0,1.0,1.0,310.0,3.0,1.0,4.0,1.0,7.0,1.0,1.0,204.0,202.0,44.0,3.0,1.0,1.0,1.0,2.0,1.0,1.0,2.0,1.0,10.0,5.0,2.0,1.0,5.0,2.0,1.0,2.0,2.0,3.0,1.0,2.0,1.0,1.0,1.0,1.0,1.0,1.0,1.0,1.0,1.0,2.0,1.0,1.0,1.0,1.0,11.0,2.0,1.0,2.0,11.0,16.0,5.0,5.0,5.0,2.0,9.0,1.0,1.0,137.0,1.0,5.0,5.0,13.0,7.0,4.0,2.0,2.0,2.0,1.0,1.0,2.0,1.0,2.0,2.0,2.0,1.0,1.0,1.0,2.0,140.0,2.0,1.0,1.0,1.0,5.0,202.0,30.0,2.0,1.0,1.0,3.0,1.0,6.0,2.0,1.0,54.0,1.0,4.0,2.0,1.0,4.0,1.0,3.0,2.0,3.0,86.0,6.0,86.0,1.0,9.0,11.0,3.0,2.0,1.0,1.0,1.0,1.0,1.0,1.0,1.0,1.0,1.0,41.0,2.0,1.0,1.0,2.0,11.0,1.0,17.0,1.0,1.0,1.0,5.0,1.0,2.0,5.0,9.0,16.0,70.0,16.0,118.0,31.0,1.0,260.0,2.0,1.0,1.0,1.0,1.0,1.0,1.0,82.0,76.0,1.0,2.0,1.0,9.0,3.0,12.0,1.0,6.0,5.0,1.0,1.0,10.0,1.0,2.0,2.0,1.0,1.0,1.0,1.0,2.0,2.0,1.0,1.0,1.0,1.0,1.0,1.0,1.0,1.0,2.0,1.0,2.0,3.0,1.0,2.0,1.0,2.0,3.0,2.0,1.0,1.0,1.0,1.0,4.0,1.0,1.0,563.0,18.0,26.0,1.0,1.0,1.0,4.0,1.0,2.0,36.0,1.0,1.0,8.0,1.0,8.0,1.0,1.0,1.0,1.0,1.0,1.0,2.0,1.0,186.0,1.0,1.0,2.0,4.0,2.0,2.0,8.0,2.0,1.0,5.0,2.0,1.0,7.0,1.0,2.0,1.0,4.0,1.0,1.0,1.0,2.0,1.0,2.0,1.0,2.0,3.0,1.0,1.0,1.0,4.0,1.0,1.0,1.0,1.0,1.0,1.0,2.0,2.0,1.0,1.0,1.0,1.0,1.0,1.0,1.0,1.0,27.0,1.0,2.0,4.0,29.0,4.0,10.0,7.0,1.0,3.0,1.0,1.0,1.0,1.0,1.0,1.0,1.0,1.0,1.0,3.0,2.0,2.0,1.0,2.0,2.0,1.0,2.0,1.0,1.0,3.0,3.0,1.0,2.0,1.0,1.0,3.0,2.0,1.0,3.0,1.0,3.0,2.0,3.0,7.0,10.0,5.0,1.0,2.0,1.0,1.0,3.0,2.0,2.0,4.0,6.0,1.0,1.0,2.0,2.0,2.0,1.0,1.0,3.0,2.0,1.0,7.0,5.0,1.0,2.0,2.0,1.0,1.0,1.0,1.0,9.0,1.0,3.0,2.0,2.0,1.0,3.0,1.0,1.0,1.0,1.0,1.0,2.0,8.0,7.0,11.0,1.0,13.0,11.0,1.0,3.0,1.0,1.0,2.0,1.0,2.0,1.0,2.0,3.0,1.0,2.0,1.0,1.0,20.0,1.0,1.0,1.0,1.0,4.0,1.0,2.0,1.0,1.0,1.0,1.0,1.0,3.0,4.0,1.0,1.0,1.0,2.0,1.0,1.0,10.0,1.0,1.0,1.0,1.0,1.0,1.0,1.0,2.0,1.0,1.0,170.0,141.0,2.0,4.0,2.0,1.0,1.0,1.0,1.0,3.0,1.0,2.0,1.0,2.0,1.0,4.0,3.0,4.0,3.0,1.0,1.0,6.0,1.0,1.0,4.0,4.0,1.0,1.0,1.0,1.0,1.0,1.0,1.0,1.0,1.0,1.0,2.0,2.0,1.0,1.0,5.0,2.0,2.0,1.0,1.0,1.0,1.0,2.0,1.0,2.0,1.0,2.0,1.0,1.0,1.0,2.0,1.0,2.0,1.0,2.0,1.0,1.0,1.0,3.0,1.0,1.0,1.0,1.0,1.0,1.0,1.0,1.0,1.0,1.0,1.0,2.0,492.0,1.0,2.0,3.0,1.0,1.0,1.0,4.0,7.0,1.0,1.0,1.0,1.0,1.0,447.0,566.0,7.0,1.0,1.0,1.0,1.0,1.0,1.0,2.0,1.0,1.0,5.0,1.0,1.0,291.0,4.0,1.0,1.0,1.0,3.0,1.0,2.0,4.0,1.0,2.0,4.0,2.0,2.0,1.0,1.0,1.0,1.0,1.0,1.0,2.0,2.0,1.0,1.0,1.0,3.0,1.0,2.0,15.0,8.0,6.0,47.0,62.0,67.0,1.0,2.0,8.0,11.0,6.0,2.0,1.0,5.0,8.0,13.0,16.0,15.0,1.0,1.0,75.0,10.0
2024-01-22,1.0,1.0,1.0,1.0,1.0,2.0,1.0,1.0,1.0,1.0,1.0,2.0,1.0,1.0,1.0,1.0,1.0,1.0,1.0,1.0,1.0,1.0,1.0,1.0,1.0,1.0,1.0,1.0,1.0,1.0,1.0,2.0,1.0,1.0,1.0,310.0,1.0,1.0,1.0,1.0,1.0,1.0,1.0,1.0,2.0,1.0,1.0,1.0,1.0,1.0,1.0,1.0,1.0,1.0,1.0,1.0,1.0,1.0,1.0,1.0,2.0,1.0,1.0,2.0,1.0,2.0,1.0,1.0,1.0,1.0,1.0,1.0,1.0,2.0,1.0,1.0,1.0,1.0,1.0,1.0,1.0,19.0,1.0,1.0,2.0,1.0,1.0,2.0,1.0,1.0,1.0,1.0,1.0,1.0,1.0,1.0,1.0,3.0,1.0,1.0,2.0,1.0,1.0,2.0,1.0,1.0,1.0,3.0,1.0,1.0,1.0,1.0,1.0,1.0,1.0,1.0,2.0,3.0,1.0,1.0,1.0,1.0,1.0,1.0,1.0,1.0,1.0,1.0,1.0,1.0,2.0,1.0,1.0,1.0,2.0,1.0,1.0,2.0,1.0,1.0,1.0,1.0,1.0,2.0,1.0,1.0,1.0,1.0,1.0,1.0,1.0,1.0,1.0,1.0,2.0,1.0,1.0,1.0,1.0,1.0,1.0,2.0,1.0,1.0,1.0,1.0,1.0,1.0,1.0,1.0,1.0,1.0,1.0,1.0,1.0,1.0,1.0,2.0,1.0,1.0,1.0,1.0,2.0,1.0,1.0,1.0,1.0,1.0,1.0,1.0,1.0,2.0,1.0,1.0,1.0,2.0,1.0,2.0,1.0,1.0,1.0,1.0,2.0,1.0,1.0,1.0,1.0,1.0,1.0,1.0,1.0,1.0,1.0,1.0,2.0,1.0,1.0,1.0,1.0,1.0,1.0,1.0,1.0,1.0,1.0,1.0,1.0,1.0,1.0,1.0,1.0,1.0,1.0,1.0,1.0,1.0,563.0,1.0,2.0,1.0,1.0,1.0,1.0,1.0,3.0,1.0,1.0,1.0,1.0,1.0,1.0,1.0,1.0,1.0,1.0,1.0,1.0,1.0,1.0,186.0,1.0,1.0,1.0,2.0,1.0,1.0,1.0,3.0,1.0,1.0,2.0,3.0,4.0,1.0,1.0,2.0,2.0,2.0,2.0,1.0,1.0,1.0,1.0,2.0,1.0,1.0,1.0,2.0,1.0,1.0,1.0,2.0,1.0,1.0,1.0,5.0,1.0,2.0,1.0,1.0,2.0,1.0,1.0,3.0,1.0,2.0,1.0,1.0,1.0,1.0,2.0,1.0,2.0,2.0,1.0,1.0,1.0,1.0,1.0,1.0,1.0,1.0,1.0,1.0,1.0,1.0,1.0,11.0,1.0,1.0,1.0,1.0,1.0,1.0,1.0,1.0,1.0,1.0,1.0,1.0,1.0,1.0,1.0,1.0,3.0,1.0,4.0,2.0,3.0,4.0,2.0,5.0,1.0,3.0,2.0,2.0,1.0,2.0,2.0,2.0,1.0,1.0,1.0,1.0,1.0,1.0,1.0,1.0,5.0,1.0,1.0,1.0,3.0,5.0,1.0,1.0,1.0,1.0,1.0,1.0,1.0,100.0,2.0,1.0,1.0,1.0,2.0,1.0,1.0,1.0,1.0,1.0,1.0,2.0,1.0,1.0,1.0,1.0,2.0,1.0,1.0,1.0,1.0,1.0,1.0,2.0,1.0,1.0,1.0,1.0,1.0,1.0,1.0,1.0,1.0,2.0,1.0,485.0,1.0,4.0,2.0,1.0,3.0,1.0,1.0,2.0,1.0,1.0,3.0,1.0,3.0,1.0,1.0,1.0,4.0,2.0,1.0,1.0,1.0,1.0,1.0,1.0,2.0,1.0,1.0,35.0,106.0,1.0,1.0,1.0,1.0,1.0,1.0,1.0,2.0,1.0,2.0,1.0,4.0,1.0,3.0,1.0,2.0,1.0,1.0,1.0,1.0,1.0,2.0,3.0,3.0,1.0,1.0,1.0,1.0,1.0,1.0,1.0,1.0,1.0,1.0,1.0,1.0,4.0,1.0,4.0,1.0,1.0,1.0,1.0,1.0,1.0,2.0,1.0,1.0,4.0,1.0,1.0,3.0,1.0,1.0,1.0,1.0,1.0,1.0,1.0,1.0,1.0,1.0,1.0,2.0,1.0,1.0,1.0,1.0,1.0,1.0,1.0,1.0,2.0,1.0,376.0,1.0,2.0,1.0,1.0,1.0,1.0,1.0,1.0,1.0,1.0,1.0,1.0,2.0,514.0,566.0,1.0,1.0,1.0,1.0,1.0,1.0,2.0,1.0,1.0,1.0,1.0,1.0,1.0,226.0,1.0,1.0,1.0,1.0,1.0,1.0,3.0,1.0,2.0,3.0,1.0,1.0,2.0,1.0,1.0,1.0,1.0,2.0,2.0,1.0,1.0,1.0,1.0,1.0,1.0,2.0,1.0,1.0,2.0,1.0,1.0,1.0,1.0,1.0,7.0,6.0,6.0,4.0,2.0,1.0,1.0,2.0,1.0,1.0,1.0,1.0,1.0,1.0,1.0
2024-01-23,1.0,1.0,1.0,1.0,1.0,1.0,1.0,1.0,1.0,1.0,1.0,2.0,1.0,1.0,1.0,1.0,1.0,1.0,1.0,1.0,1.0,1.0,1.0,1.0,1.0,1.0,1.0,1.0,1.0,1.0,3.0,1.0,1.0,1.0,1.0,310.0,1.0,1.0,1.0,1.0,2.0,1.0,1.0,1.0,1.0,1.0,1.0,2.0,1.0,1.0,1.0,1.0,1.0,1.0,1.0,1.0,1.0,1.0,1.0,1.0,2.0,1.0,1.0,1.0,1.0,1.0,2.0,2.0,1.0,1.0,1.0,1.0,1.0,2.0,1.0,1.0,2.0,1.0,1.0,1.0,1.0,50.0,1.0,2.0,1.0,1.0,1.0,2.0,1.0,1.0,2.0,1.0,1.0,1.0,1.0,1.0,1.0,3.0,1.0,1.0,1.0,1.0,1.0,1.0,2.0,4.0,1.0,1.0,1.0,1.0,2.0,1.0,1.0,1.0,1.0,1.0,2.0,4.0,1.0,1.0,1.0,1.0,1.0,1.0,1.0,1.0,1.0,1.0,1.0,1.0,1.0,1.0,1.0,1.0,1.0,1.0,1.0,2.0,1.0,1.0,1.0,1.0,1.0,1.0,2.0,1.0,1.0,1.0,1.0,1.0,1.0,1.0,1.0,1.0,1.0,1.0,1.0,1.0,1.0,1.0,3.0,1.0,1.0,1.0,1.0,1.0,1.0,1.0,1.0,1.0,1.0,1.0,1.0,1.0,1.0,1.0,1.0,2.0,1.0,1.0,1.0,1.0,1.0,1.0,1.0,1.0,1.0,5.0,1.0,1.0,1.0,2.0,1.0,1.0,1.0,2.0,1.0,1.0,1.0,1.0,1.0,1.0,2.0,1.0,1.0,1.0,1.0,1.0,17.0,1.0,1.0,1.0,1.0,1.0,1.0,1.0,1.0,2.0,1.0,1.0,1.0,1.0,5.0,3.0,1.0,1.0,1.0,1.0,1.0,1.0,1.0,1.0,2.0,3.0,1.0,1.0,563.0,1.0,1.0,1.0,1.0,1.0,1.0,1.0,3.0,1.0,2.0,1.0,1.0,1.0,1.0,2.0,1.0,4.0,1.0,1.0,1.0,1.0,2.0,186.0,1.0,1.0,1.0,5.0,2.0,1.0,3.0,3.0,1.0,2.0,4.0,1.0,7.0,1.0,4.0,1.0,3.0,2.0,2.0,1.0,2.0,1.0,2.0,2.0,1.0,1.0,2.0,1.0,3.0,2.0,1.0,5.0,1.0,1.0,1.0,1.0,4.0,3.0,2.0,1.0,2.0,1.0,2.0,2.0,1.0,1.0,1.0,1.0,1.0,1.0,2.0,1.0,1.0,2.0,1.0,1.0,1.0,1.0,1.0,1.0,2.0,1.0,1.0,1.0,1.0,1.0,1.0,1.0,1.0,1.0,1.0,1.0,2.0,1.0,2.0,3.0,2.0,1.0,1.0,1.0,1.0,1.0,1.0,1.0,3.0,2.0,8.0,1.0,3.0,4.0,1.0,6.0,2.0,1.0,1.0,1.0,1.0,4.0,5.0,6.0,7.0,1.0,6.0,1.0,1.0,1.0,1.0,1.0,3.0,1.0,5.0,1.0,1.0,2.0,3.0,5.0,1.0,1.0,1.0,1.0,1.0,115.0,1.0,1.0,2.0,1.0,1.0,2.0,1.0,1.0,1.0,1.0,1.0,2.0,4.0,1.0,1.0,1.0,2.0,1.0,1.0,74.0,1.0,1.0,1.0,2.0,1.0,2.0,2.0,1.0,1.0,2.0,1.0,1.0,1.0,1.0,1.0,335.0,2.0,1.0,2.0,2.0,3.0,2.0,1.0,10.0,1.0,1.0,8.0,1.0,2.0,4.0,1.0,1.0,4.0,137.0,1.0,1.0,1.0,5.0,1.0,1.0,2.0,2.0,1.0,1.0,154.0,1.0,1.0,1.0,1.0,1.0,2.0,1.0,1.0,2.0,4.0,3.0,2.0,8.0,1.0,3.0,2.0,1.0,1.0,1.0,1.0,1.0,4.0,1.0,1.0,2.0,1.0,10.0,1.0,1.0,3.0,2.0,1.0,1.0,1.0,1.0,3.0,1.0,1.0,3.0,1.0,1.0,1.0,1.0,1.0,1.0,1.0,23.0,1.0,1.0,1.0,2.0,1.0,1.0,1.0,1.0,1.0,1.0,1.0,1.0,1.0,2.0,1.0,1.0,2.0,1.0,1.0,1.0,1.0,1.0,1.0,1.0,1.0,2.0,2.0,1.0,1.0,4.0,1.0,1.0,2.0,1.0,2.0,2.0,1.0,2.0,1.0,1.0,5.0,512.0,566.0,1.0,1.0,1.0,1.0,1.0,1.0,1.0,1.0,1.0,1.0,1.0,1.0,2.0,188.0,1.0,1.0,1.0,1.0,3.0,2.0,1.0,1.0,1.0,2.0,1.0,1.0,2.0,1.0,1.0,1.0,1.0,1.0,2.0,1.0,1.0,1.0,1.0,1.0,1.0,1.0,2.0,1.0,2.0,1.0,1.0,1.0,6.0,7.0,10.0,9.0,11.0,7.0,4.0,3.0,1.0,2.0,2.0,1.0,1.0,1.0,2.0,1.0,1.0
2024-01-24,1.0,1.0,1.0,1.0,1.0,3.0,1.0,1.0,1.0,1.0,1.0,2.0,1.0,1.0,1.0,1.0,1.0,1.0,1.0,1.0,1.0,1.0,1.0,1.0,1.0,1.0,1.0,2.0,1.0,1.0,2.0,1.0,1.0,1.0,1.0,310.0,1.0,1.0,1.0,1.0,1.0,1.0,1.0,1.0,1.0,1.0,1.0,1.0,1.0,1.0,1.0,1.0,1.0,1.0,1.0,1.0,1.0,1.0,1.0,1.0,1.0,1.0,1.0,2.0,3.0,1.0,2.0,3.0,1.0,1.0,1.0,1.0,1.0,2.0,1.0,1.0,2.0,1.0,1.0,1.0,1.0,17.0,1.0,2.0,1.0,1.0,1.0,1.0,2.0,1.0,1.0,1.0,1.0,1.0,1.0,1.0,1.0,3.0,1.0,1.0,1.0,1.0,1.0,4.0,3.0,2.0,1.0,2.0,1.0,1.0,1.0,2.0,1.0,1.0,1.0,1.0,1.0,1.0,1.0,1.0,1.0,1.0,1.0,1.0,1.0,1.0,1.0,1.0,1.0,1.0,1.0,1.0,1.0,1.0,1.0,1.0,1.0,1.0,1.0,1.0,1.0,1.0,1.0,2.0,1.0,1.0,1.0,1.0,1.0,1.0,1.0,1.0,1.0,1.0,1.0,1.0,1.0,1.0,2.0,1.0,2.0,1.0,1.0,1.0,1.0,1.0,1.0,1.0,1.0,1.0,1.0,1.0,1.0,1.0,1.0,1.0,1.0,1.0,1.0,1.0,1.0,1.0,1.0,1.0,1.0,1.0,1.0,1.0,1.0,1.0,1.0,2.0,1.0,1.0,1.0,2.0,1.0,1.0,1.0,1.0,1.0,1.0,1.0,1.0,1.0,1.0,1.0,1.0,1.0,1.0,2.0,1.0,1.0,1.0,2.0,1.0,1.0,1.0,1.0,1.0,2.0,1.0,1.0,1.0,1.0,1.0,1.0,1.0,1.0,1.0,1.0,1.0,1.0,4.0,1.0,1.0,563.0,1.0,1.0,2.0,1.0,1.0,1.0,1.0,3.0,2.0,1.0,1.0,1.0,1.0,1.0,1.0,1.0,1.0,1.0,1.0,1.0,1.0,1.0,186.0,1.0,1.0,1.0,2.0,1.0,1.0,1.0,3.0,1.0,1.0,6.0,1.0,5.0,1.0,1.0,3.0,1.0,2.0,1.0,1.0,2.0,1.0,1.0,1.0,2.0,1.0,2.0,1.0,1.0,1.0,1.0,1.0,2.0,1.0,1.0,2.0,1.0,1.0,2.0,1.0,1.0,1.0,3.0,1.0,1.0,2.0,1.0,1.0,1.0,1.0,2.0,1.0,1.0,1.0,1.0,1.0,1.0,1.0,1.0,1.0,1.0,1.0,1.0,1.0,1.0,1.0,1.0,3.0,2.0,1.0,1.0,1.0,2.0,1.0,1.0,1.0,2.0,1.0,1.0,1.0,1.0,1.0,1.0,1.0,5.0,1.0,1.0,1.0,1.0,7.0,8.0,4.0,2.0,1.0,1.0,6.0,6.0,2.0,1.0,2.0,1.0,1.0,1.0,3.0,1.0,3.0,1.0,1.0,3.0,3.0,1.0,1.0,1.0,4.0,2.0,1.0,1.0,1.0,1.0,1.0,1.0,226.0,1.0,1.0,1.0,1.0,1.0,3.0,1.0,1.0,1.0,1.0,1.0,2.0,2.0,1.0,1.0,2.0,1.0,1.0,1.0,31.0,1.0,1.0,1.0,2.0,1.0,1.0,1.0,1.0,1.0,1.0,1.0,1.0,1.0,1.0,1.0,544.0,4.0,1.0,2.0,1.0,4.0,1.0,3.0,1.0,1.0,1.0,3.0,1.0,1.0,1.0,1.0,1.0,1.0,1.0,1.0,1.0,1.0,1.0,1.0,1.0,2.0,1.0,1.0,1.0,130.0,1.0,1.0,2.0,1.0,1.0,1.0,1.0,1.0,1.0,2.0,1.0,4.0,4.0,3.0,1.0,2.0,1.0,1.0,1.0,1.0,1.0,1.0,2.0,3.0,1.0,1.0,2.0,2.0,1.0,1.0,1.0,2.0,1.0,1.0,1.0,1.0,1.0,1.0,4.0,1.0,1.0,1.0,1.0,1.0,1.0,1.0,1.0,2.0,1.0,1.0,1.0,1.0,1.0,2.0,1.0,1.0,1.0,1.0,1.0,1.0,1.0,1.0,1.0,1.0,1.0,1.0,1.0,1.0,1.0,1.0,1.0,1.0,1.0,1.0,1.0,2.0,1.0,4.0,3.0,1.0,2.0,3.0,1.0,1.0,2.0,1.0,1.0,1.0,507.0,566.0,1.0,1.0,1.0,1.0,1.0,1.0,1.0,1.0,1.0,1.0,1.0,1.0,1.0,187.0,1.0,1.0,1.0,1.0,2.0,1.0,2.0,1.0,1.0,3.0,4.0,1.0,1.0,1.0,1.0,1.0,1.0,1.0,1.0,2.0,1.0,2.0,1.0,1.0,1.0,1.0,1.0,1.0,1.0,1.0,1.0,1.0,1.0,4.0,2.0,6.0,1.0,1.0,1.0,2.0,1.0,1.0,1.0,1.0,1.0,1.0,1.0,1.0,1.0
2024-01-25,1.0,1.0,1.0,1.0,1.0,1.0,1.0,1.0,1.0,1.0,1.0,1.0,1.0,1.0,1.0,1.0,1.0,1.0,1.0,1.0,1.0,1.0,1.0,1.0,1.0,1.0,1.0,1.0,1.0,1.0,1.0,1.0,1.0,1.0,1.0,310.0,1.0,1.0,1.0,1.0,1.0,1.0,1.0,1.0,1.0,1.0,1.0,1.0,1.0,1.0,1.0,1.0,1.0,1.0,1.0,1.0,1.0,1.0,1.0,1.0,1.0,1.0,1.0,1.0,1.0,2.0,1.0,1.0,1.0,1.0,1.0,1.0,1.0,2.0,1.0,1.0,1.0,1.0,1.0,1.0,1.0,1.0,1.0,2.0,1.0,1.0,1.0,2.0,1.0,1.0,2.0,1.0,1.0,1.0,1.0,1.0,1.0,1.0,1.0,2.0,1.0,1.0,1.0,1.0,1.0,1.0,1.0,1.0,1.0,2.0,2.0,1.0,1.0,1.0,1.0,1.0,1.0,1.0,1.0,1.0,1.0,1.0,1.0,1.0,1.0,2.0,1.0,1.0,1.0,1.0,1.0,1.0,1.0,1.0,1.0,1.0,2.0,1.0,1.0,1.0,1.0,1.0,2.0,2.0,1.0,1.0,1.0,1.0,1.0,1.0,1.0,1.0,1.0,1.0,1.0,1.0,1.0,1.0,2.0,1.0,1.0,1.0,1.0,1.0,1.0,1.0,1.0,1.0,57.0,11.0,5.0,1.0,1.0,1.0,1.0,1.0,1.0,1.0,1.0,1.0,1.0,1.0,1.0,1.0,1.0,1.0,1.0,1.0,1.0,1.0,1.0,2.0,1.0,1.0,1.0,2.0,1.0,1.0,1.0,1.0,1.0,1.0,1.0,1.0,1.0,1.0,1.0,1.0,1.0,1.0,1.0,1.0,1.0,1.0,1.0,1.0,1.0,1.0,1.0,1.0,1.0,1.0,1.0,4.0,2.0,1.0,1.0,1.0,1.0,1.0,1.0,1.0,1.0,1.0,1.0,1.0,563.0,1.0,1.0,2.0,1.0,1.0,1.0,1.0,1.0,1.0,1.0,1.0,1.0,1.0,1.0,1.0,1.0,1.0,1.0,1.0,1.0,2.0,1.0,186.0,1.0,1.0,1.0,1.0,1.0,3.0,1.0,5.0,1.0,2.0,2.0,1.0,3.0,4.0,2.0,2.0,1.0,1.0,2.0,1.0,1.0,1.0,1.0,1.0,1.0,1.0,1.0,2.0,1.0,2.0,2.0,3.0,3.0,2.0,1.0,2.0,2.0,1.0,1.0,1.0,1.0,1.0,1.0,1.0,1.0,2.0,1.0,2.0,1.0,1.0,2.0,1.0,1.0,2.0,1.0,2.0,1.0,1.0,1.0,1.0,1.0,1.0,1.0,2.0,1.0,1.0,1.0,2.0,1.0,1.0,1.0,1.0,1.0,1.0,1.0,1.0,2.0,1.0,1.0,1.0,2.0,1.0,1.0,1.0,4.0,1.0,8.0,3.0,6.0,3.0,1.0,2.0,2.0,1.0,2.0,2.0,1.0,3.0,2.0,1.0,1.0,1.0,1.0,1.0,1.0,2.0,1.0,1.0,2.0,2.0,1.0,1.0,2.0,2.0,1.0,1.0,1.0,1.0,1.0,1.0,1.0,39.0,1.0,2.0,1.0,1.0,1.0,1.0,1.0,1.0,1.0,1.0,1.0,3.0,2.0,1.0,1.0,1.0,2.0,1.0,1.0,1.0,1.0,1.0,1.0,2.0,1.0,1.0,1.0,1.0,1.0,1.0,1.0,1.0,1.0,1.0,1.0,335.0,1.0,1.0,1.0,1.0,402.0,1.0,1.0,1.0,1.0,2.0,1.0,1.0,1.0,1.0,1.0,1.0,1.0,1.0,1.0,1.0,1.0,1.0,1.0,1.0,1.0,1.0,1.0,1.0,57.0,1.0,1.0,1.0,1.0,1.0,1.0,2.0,2.0,1.0,2.0,1.0,62.0,1.0,2.0,1.0,2.0,1.0,1.0,1.0,1.0,1.0,1.0,3.0,1.0,1.0,1.0,3.0,1.0,1.0,1.0,1.0,1.0,1.0,1.0,1.0,2.0,1.0,1.0,2.0,1.0,1.0,1.0,1.0,1.0,1.0,1.0,1.0,2.0,1.0,1.0,1.0,1.0,1.0,1.0,1.0,1.0,1.0,1.0,1.0,1.0,1.0,2.0,1.0,1.0,1.0,1.0,1.0,1.0,1.0,1.0,1.0,1.0,1.0,1.0,1.0,2.0,1.0,1.0,1.0,3.0,1.0,1.0,1.0,1.0,1.0,1.0,1.0,1.0,516.0,566.0,1.0,1.0,2.0,1.0,1.0,1.0,1.0,1.0,1.0,175.0,1.0,1.0,1.0,205.0,1.0,1.0,1.0,3.0,3.0,2.0,1.0,2.0,1.0,2.0,2.0,1.0,1.0,1.0,1.0,1.0,1.0,1.0,2.0,2.0,1.0,1.0,1.0,1.0,1.0,1.0,2.0,1.0,2.0,1.0,1.0,1.0,6.0,2.0,4.0,2.0,1.0,6.0,3.0,2.0,1.0,6.0,2.0,1.0,1.0,1.0,1.0,1.0,1.0
2024-01-26,1.0,1.0,1.0,1.0,1.0,1.0,1.0,1.0,1.0,1.0,1.0,1.0,1.0,1.0,1.0,1.0,1.0,1.0,1.0,1.0,1.0,1.0,1.0,1.0,1.0,1.0,1.0,1.0,1.0,1.0,1.0,3.0,1.0,1.0,1.0,310.0,1.0,1.0,1.0,1.0,1.0,1.0,1.0,1.0,1.0,1.0,1.0,1.0,1.0,1.0,1.0,1.0,1.0,1.0,1.0,1.0,2.0,1.0,1.0,1.0,2.0,1.0,1.0,1.0,1.0,1.0,1.0,1.0,1.0,1.0,1.0,1.0,1.0,1.0,1.0,1.0,2.0,1.0,1.0,1.0,1.0,1.0,1.0,2.0,1.0,5.0,1.0,2.0,1.0,1.0,1.0,1.0,3.0,9.0,7.0,1.0,1.0,1.0,1.0,1.0,1.0,1.0,1.0,1.0,1.0,2.0,4.0,2.0,3.0,1.0,1.0,2.0,1.0,1.0,1.0,1.0,1.0,1.0,1.0,2.0,1.0,262.0,1.0,1.0,1.0,1.0,1.0,1.0,1.0,1.0,1.0,2.0,1.0,1.0,2.0,1.0,1.0,2.0,1.0,5.0,1.0,3.0,1.0,2.0,1.0,1.0,1.0,1.0,1.0,1.0,1.0,1.0,1.0,1.0,1.0,1.0,1.0,1.0,1.0,2.0,1.0,1.0,1.0,1.0,1.0,1.0,1.0,1.0,1.0,1.0,1.0,1.0,1.0,1.0,1.0,1.0,1.0,1.0,1.0,1.0,1.0,2.0,1.0,1.0,1.0,1.0,2.0,1.0,1.0,1.0,1.0,3.0,1.0,1.0,1.0,1.0,2.0,1.0,1.0,1.0,1.0,1.0,1.0,1.0,1.0,1.0,1.0,1.0,1.0,1.0,1.0,1.0,1.0,1.0,1.0,1.0,1.0,1.0,1.0,1.0,1.0,1.0,1.0,2.0,2.0,1.0,2.0,1.0,1.0,1.0,1.0,1.0,1.0,1.0,1.0,1.0,563.0,1.0,1.0,1.0,1.0,1.0,1.0,1.0,1.0,1.0,1.0,1.0,1.0,1.0,1.0,3.0,1.0,2.0,32.0,1.0,1.0,1.0,1.0,186.0,1.0,1.0,1.0,2.0,1.0,2.0,1.0,1.0,7.0,4.0,2.0,1.0,5.0,6.0,5.0,2.0,4.0,1.0,3.0,2.0,1.0,1.0,1.0,2.0,1.0,1.0,2.0,2.0,1.0,3.0,1.0,1.0,2.0,1.0,1.0,3.0,3.0,2.0,1.0,1.0,1.0,1.0,1.0,1.0,1.0,1.0,2.0,1.0,1.0,1.0,1.0,1.0,1.0,1.0,1.0,1.0,2.0,2.0,1.0,1.0,1.0,1.0,1.0,1.0,1.0,1.0,1.0,2.0,1.0,1.0,1.0,1.0,2.0,1.0,2.0,1.0,1.0,1.0,1.0,1.0,2.0,1.0,1.0,16.0,7.0,1.0,2.0,1.0,1.0,2.0,1.0,1.0,2.0,1.0,1.0,2.0,1.0,3.0,1.0,4.0,5.0,1.0,1.0,1.0,1.0,1.0,3.0,1.0,7.0,3.0,5.0,1.0,3.0,2.0,3.0,1.0,1.0,1.0,1.0,1.0,1.0,112.0,1.0,1.0,1.0,1.0,1.0,1.0,1.0,1.0,1.0,1.0,1.0,1.0,1.0,1.0,1.0,2.0,1.0,1.0,1.0,1.0,1.0,1.0,1.0,2.0,1.0,1.0,1.0,1.0,1.0,1.0,2.0,1.0,1.0,1.0,1.0,21.0,1.0,1.0,2.0,1.0,430.0,1.0,1.0,2.0,1.0,1.0,1.0,1.0,1.0,1.0,1.0,1.0,1.0,2.0,1.0,1.0,1.0,1.0,1.0,1.0,2.0,1.0,1.0,1.0,118.0,1.0,1.0,1.0,2.0,1.0,1.0,1.0,1.0,1.0,2.0,1.0,509.0,1.0,3.0,2.0,1.0,1.0,1.0,1.0,1.0,1.0,1.0,1.0,1.0,1.0,1.0,1.0,1.0,1.0,1.0,2.0,1.0,1.0,1.0,4.0,2.0,1.0,1.0,1.0,1.0,1.0,1.0,1.0,1.0,1.0,2.0,1.0,3.0,1.0,1.0,1.0,1.0,1.0,1.0,2.0,1.0,1.0,1.0,1.0,1.0,1.0,2.0,1.0,1.0,1.0,1.0,1.0,1.0,1.0,1.0,1.0,1.0,1.0,1.0,1.0,1.0,570.0,2.0,1.0,3.0,1.0,2.0,3.0,1.0,1.0,1.0,1.0,1.0,500.0,566.0,1.0,1.0,1.0,1.0,1.0,2.0,1.0,1.0,1.0,1.0,1.0,1.0,1.0,199.0,1.0,1.0,1.0,1.0,1.0,2.0,1.0,2.0,1.0,2.0,4.0,1.0,1.0,1.0,1.0,1.0,2.0,1.0,1.0,2.0,1.0,2.0,3.0,1.0,1.0,2.0,1.0,1.0,2.0,1.0,1.0,1.0,1.0,6.0,7.0,6.0,9.0,2.0,2.0,1.0,1.0,3.0,1.0,1.0,1.0,1.0,1.0,1.0,1.0
2024-01-27,1.0,1.0,1.0,1.0,1.0,1.0,1.0,27.0,1.0,1.0,2.0,1.0,1.0,2.0,1.0,1.0,11.0,2.0,1.0,1.0,1.0,2.0,1.0,1.0,1.0,1.0,1.0,1.0,1.0,1.0,2.0,1.0,1.0,1.0,1.0,207.0,1.0,2.0,12.0,1.0,1.0,1.0,1.0,1.0,1.0,1.0,1.0,1.0,1.0,1.0,1.0,2.0,1.0,1.0,1.0,1.0,1.0,1.0,1.0,1.0,1.0,2.0,1.0,1.0,1.0,1.0,1.0,2.0,1.0,1.0,1.0,1.0,1.0,2.0,1.0,1.0,1.0,1.0,1.0,1.0,1.0,29.0,1.0,1.0,3.0,1.0,1.0,2.0,2.0,1.0,1.0,1.0,1.0,1.0,1.0,1.0,1.0,2.0,1.0,4.0,1.0,1.0,2.0,1.0,2.0,3.0,4.0,6.0,5.0,3.0,1.0,1.0,1.0,1.0,1.0,1.0,1.0,1.0,2.0,1.0,1.0,2.0,1.0,1.0,1.0,1.0,2.0,1.0,1.0,1.0,1.0,1.0,1.0,1.0,1.0,1.0,2.0,1.0,1.0,2.0,1.0,1.0,2.0,2.0,1.0,1.0,1.0,2.0,1.0,1.0,1.0,1.0,1.0,1.0,1.0,1.0,1.0,1.0,2.0,2.0,2.0,1.0,1.0,1.0,1.0,2.0,1.0,1.0,1.0,1.0,1.0,1.0,1.0,1.0,1.0,1.0,1.0,1.0,1.0,1.0,1.0,1.0,1.0,1.0,1.0,1.0,1.0,1.0,1.0,1.0,1.0,2.0,2.0,1.0,1.0,2.0,1.0,1.0,1.0,1.0,1.0,1.0,1.0,1.0,1.0,1.0,1.0,1.0,1.0,1.0,1.0,1.0,1.0,1.0,1.0,1.0,1.0,1.0,1.0,1.0,1.0,1.0,1.0,2.0,1.0,1.0,1.0,1.0,1.0,1.0,1.0,1.0,1.0,1.0,1.0,1.0,563.0,1.0,2.0,1.0,1.0,2.0,1.0,1.0,4.0,1.0,1.0,1.0,1.0,1.0,3.0,1.0,1.0,1.0,1.0,1.0,1.0,3.0,5.0,186.0,1.0,1.0,1.0,1.0,1.0,1.0,1.0,2.0,1.0,3.0,3.0,3.0,2.0,1.0,3.0,3.0,2.0,1.0,3.0,1.0,1.0,1.0,1.0,1.0,2.0,1.0,1.0,2.0,1.0,2.0,2.0,4.0,2.0,1.0,1.0,1.0,2.0,1.0,1.0,2.0,1.0,2.0,6.0,1.0,1.0,2.0,1.0,1.0,1.0,1.0,1.0,3.0,3.0,2.0,1.0,1.0,2.0,2.0,1.0,1.0,1.0,2.0,1.0,1.0,1.0,1.0,1.0,1.0,1.0,2.0,1.0,1.0,2.0,2.0,1.0,1.0,1.0,2.0,3.0,1.0,1.0,2.0,1.0,1.0,7.0,1.0,8.0,4.0,1.0,3.0,1.0,4.0,3.0,2.0,1.0,2.0,1.0,3.0,1.0,3.0,1.0,2.0,2.0,1.0,1.0,2.0,1.0,1.0,2.0,5.0,4.0,2.0,4.0,2.0,3.0,1.0,1.0,1.0,1.0,1.0,2.0,216.0,1.0,1.0,1.0,1.0,1.0,2.0,1.0,1.0,1.0,1.0,1.0,2.0,3.0,1.0,1.0,2.0,1.0,1.0,1.0,1.0,1.0,1.0,1.0,2.0,1.0,1.0,2.0,1.0,1.0,1.0,1.0,1.0,1.0,1.0,1.0,1.0,1.0,2.0,2.0,1.0,389.0,1.0,1.0,3.0,1.0,1.0,1.0,1.0,2.0,1.0,1.0,2.0,1.0,1.0,2.0,1.0,2.0,1.0,1.0,1.0,2.0,1.0,1.0,1.0,194.0,1.0,2.0,1.0,2.0,1.0,1.0,1.0,1.0,1.0,1.0,2.0,4.0,1.0,1.0,1.0,1.0,6.0,1.0,1.0,1.0,1.0,2.0,1.0,1.0,1.0,1.0,2.0,1.0,2.0,1.0,2.0,1.0,1.0,1.0,2.0,1.0,5.0,1.0,3.0,1.0,1.0,6.0,1.0,1.0,2.0,1.0,1.0,1.0,1.0,2.0,1.0,1.0,1.0,1.0,1.0,1.0,1.0,1.0,250.0,1.0,2.0,1.0,1.0,1.0,1.0,1.0,1.0,1.0,1.0,1.0,1.0,1.0,2.0,1.0,1.0,3.0,1.0,1.0,3.0,1.0,576.0,2.0,1.0,1.0,1.0,1.0,1.0,1.0,474.0,566.0,1.0,1.0,1.0,2.0,1.0,1.0,1.0,1.0,1.0,1.0,1.0,1.0,1.0,219.0,1.0,1.0,1.0,1.0,2.0,1.0,1.0,3.0,1.0,1.0,3.0,1.0,2.0,1.0,1.0,1.0,1.0,1.0,1.0,2.0,1.0,2.0,1.0,1.0,2.0,2.0,1.0,44.0,3.0,5.0,8.0,7.0,62.0,5.0,4.0,14.0,12.0,7.0,1.0,2.0,1.0,4.0,4.0,1.0,1.0,1.0,1.0,19.0,1.0
2024-01-28,1.0,1.0,1.0,1.0,1.0,2.0,1.0,1.0,1.0,1.0,2.0,1.0,1.0,2.0,1.0,1.0,1.0,1.0,2.0,1.0,1.0,2.0,3.0,10.0,1.0,1.0,1.0,3.0,1.0,4.0,6.0,5.0,3.0,3.0,3.0,1.0,1.0,1.0,1.0,2.0,1.0,2.0,1.0,1.0,1.0,1.0,1.0,1.0,1.0,1.0,1.0,1.0,1.0,1.0,1.0,1.0,1.0,1.0,1.0,2.0,1.0,1.0,2.0,1.0,1.0,2.0,1.0,4.0,1.0,1.0,1.0,1.0,1.0,2.0,1.0,1.0,3.0,1.0,1.0,1.0,1.0,10.0,1.0,1.0,3.0,2.0,4.0,3.0,1.0,1.0,2.0,1.0,1.0,1.0,1.0,1.0,1.0,2.0,1.0,2.0,1.0,1.0,1.0,2.0,1.0,3.0,4.0,1.0,2.0,2.0,1.0,2.0,19.0,2.0,1.0,1.0,2.0,3.0,1.0,1.0,2.0,3.0,25.0,1.0,1.0,2.0,1.0,1.0,1.0,1.0,2.0,2.0,2.0,1.0,2.0,1.0,1.0,2.0,3.0,1.0,1.0,1.0,2.0,1.0,1.0,1.0,1.0,1.0,1.0,1.0,2.0,1.0,1.0,1.0,3.0,1.0,1.0,1.0,1.0,2.0,2.0,2.0,1.0,1.0,1.0,1.0,2.0,1.0,1.0,1.0,1.0,1.0,1.0,1.0,1.0,1.0,1.0,3.0,2.0,1.0,1.0,1.0,1.0,1.0,1.0,1.0,1.0,1.0,1.0,86.0,6.0,3.0,2.0,1.0,1.0,2.0,1.0,1.0,1.0,1.0,1.0,2.0,2.0,2.0,1.0,1.0,1.0,1.0,1.0,2.0,2.0,1.0,1.0,1.0,1.0,3.0,3.0,1.0,1.0,1.0,1.0,3.0,7.0,3.0,3.0,1.0,1.0,4.0,1.0,1.0,1.0,1.0,3.0,5.0,1.0,2.0,563.0,2.0,1.0,2.0,1.0,1.0,1.0,5.0,41.0,24.0,35.0,9.0,1.0,1.0,5.0,2.0,1.0,1.0,15.0,1.0,1.0,4.0,1.0,186.0,1.0,1.0,1.0,1.0,1.0,1.0,2.0,2.0,1.0,1.0,2.0,2.0,7.0,1.0,5.0,4.0,5.0,1.0,2.0,1.0,2.0,1.0,2.0,1.0,1.0,1.0,4.0,3.0,1.0,3.0,1.0,3.0,2.0,1.0,3.0,1.0,1.0,1.0,1.0,1.0,1.0,3.0,3.0,1.0,1.0,1.0,2.0,4.0,2.0,1.0,3.0,1.0,1.0,4.0,2.0,4.0,5.0,1.0,1.0,1.0,1.0,2.0,1.0,1.0,1.0,1.0,1.0,2.0,2.0,1.0,1.0,1.0,2.0,1.0,2.0,1.0,4.0,3.0,1.0,1.0,2.0,1.0,1.0,3.0,14.0,14.0,15.0,6.0,10.0,12.0,5.0,2.0,1.0,1.0,1.0,1.0,3.0,2.0,1.0,1.0,3.0,1.0,1.0,1.0,1.0,2.0,2.0,3.0,2.0,3.0,5.0,4.0,3.0,2.0,3.0,1.0,1.0,1.0,1.0,2.0,2.0,180.0,1.0,2.0,2.0,1.0,2.0,1.0,1.0,1.0,1.0,1.0,1.0,1.0,2.0,1.0,3.0,5.0,2.0,1.0,1.0,1.0,1.0,1.0,2.0,3.0,1.0,2.0,1.0,1.0,1.0,1.0,3.0,3.0,1.0,1.0,3.0,1.0,4.0,1.0,4.0,1.0,389.0,4.0,2.0,2.0,1.0,2.0,12.0,1.0,2.0,2.0,2.0,1.0,2.0,1.0,1.0,1.0,3.0,1.0,1.0,1.0,14.0,3.0,1.0,1.0,155.0,2.0,4.0,2.0,1.0,1.0,1.0,1.0,2.0,2.0,3.0,1.0,2.0,3.0,1.0,2.0,1.0,5.0,1.0,1.0,13.0,1.0,1.0,1.0,3.0,1.0,3.0,1.0,1.0,2.0,1.0,13.0,2.0,1.0,1.0,3.0,1.0,4.0,2.0,2.0,1.0,2.0,1.0,1.0,1.0,2.0,3.0,1.0,2.0,1.0,1.0,1.0,1.0,1.0,2.0,1.0,1.0,1.0,2.0,1.0,1.0,1.0,1.0,2.0,1.0,1.0,1.0,1.0,1.0,1.0,1.0,1.0,3.0,1.0,1.0,1.0,2.0,1.0,1.0,1.0,3.0,576.0,3.0,5.0,1.0,2.0,1.0,1.0,1.0,426.0,566.0,3.0,1.0,1.0,1.0,1.0,1.0,1.0,1.0,1.0,1.0,7.0,2.0,1.0,237.0,1.0,1.0,1.0,1.0,2.0,3.0,1.0,4.0,2.0,1.0,3.0,1.0,2.0,1.0,1.0,1.0,1.0,1.0,2.0,2.0,1.0,2.0,1.0,2.0,2.0,1.0,2.0,38.0,7.0,5.0,31.0,53.0,66.0,4.0,3.0,17.0,16.0,8.0,2.0,1.0,4.0,7.0,12.0,3.0,13.0,1.0,10.0,34.0,7.0
2024-01-29,1.0,1.0,1.0,1.0,1.0,2.0,1.0,1.0,1.0,1.0,1.0,2.0,1.0,1.0,3.0,1.0,1.0,1.0,1.0,1.0,1.0,1.0,1.0,1.0,1.0,1.0,1.0,1.0,1.0,1.0,1.0,2.0,1.0,1.0,1.0,1.0,1.0,1.0,1.0,1.0,1.0,1.0,1.0,1.0,1.0,1.0,1.0,1.0,1.0,1.0,1.0,1.0,1.0,1.0,1.0,1.0,1.0,2.0,1.0,1.0,2.0,1.0,1.0,1.0,1.0,4.0,2.0,1.0,1.0,1.0,1.0,1.0,1.0,2.0,1.0,1.0,1.0,1.0,1.0,1.0,1.0,1.0,1.0,2.0,4.0,1.0,1.0,1.0,1.0,1.0,1.0,1.0,1.0,1.0,1.0,1.0,1.0,2.0,1.0,1.0,1.0,1.0,1.0,1.0,1.0,3.0,1.0,4.0,2.0,1.0,2.0,2.0,1.0,1.0,1.0,2.0,2.0,2.0,1.0,1.0,1.0,1.0,1.0,1.0,1.0,1.0,8.0,1.0,1.0,1.0,1.0,1.0,1.0,1.0,1.0,2.0,2.0,1.0,2.0,1.0,1.0,1.0,2.0,2.0,1.0,1.0,1.0,1.0,1.0,1.0,1.0,1.0,1.0,1.0,1.0,1.0,1.0,1.0,2.0,1.0,1.0,2.0,1.0,1.0,1.0,1.0,1.0,1.0,1.0,1.0,1.0,1.0,1.0,1.0,1.0,1.0,1.0,1.0,1.0,1.0,1.0,1.0,2.0,1.0,1.0,1.0,1.0,2.0,1.0,1.0,1.0,2.0,2.0,1.0,1.0,2.0,1.0,1.0,1.0,1.0,1.0,1.0,1.0,2.0,1.0,1.0,1.0,1.0,1.0,1.0,1.0,1.0,1.0,1.0,2.0,1.0,1.0,1.0,1.0,1.0,1.0,1.0,1.0,1.0,1.0,3.0,1.0,1.0,1.0,1.0,1.0,2.0,1.0,2.0,2.0,1.0,563.0,1.0,14.0,1.0,1.0,1.0,1.0,1.0,1.0,1.0,1.0,1.0,1.0,3.0,15.0,16.0,1.0,1.0,1.0,1.0,1.0,1.0,3.0,186.0,2.0,1.0,1.0,4.0,2.0,1.0,1.0,1.0,4.0,1.0,2.0,3.0,5.0,3.0,1.0,3.0,1.0,3.0,1.0,2.0,1.0,1.0,1.0,2.0,1.0,1.0,4.0,2.0,1.0,3.0,2.0,3.0,2.0,1.0,5.0,1.0,2.0,5.0,1.0,2.0,3.0,1.0,4.0,1.0,1.0,2.0,1.0,1.0,1.0,1.0,2.0,1.0,1.0,2.0,1.0,1.0,1.0,1.0,1.0,1.0,1.0,2.0,1.0,1.0,1.0,1.0,1.0,1.0,1.0,1.0,1.0,1.0,1.0,2.0,1.0,1.0,2.0,1.0,1.0,1.0,2.0,1.0,1.0,3.0,4.0,4.0,3.0,1.0,6.0,5.0,1.0,3.0,1.0,2.0,3.0,2.0,1.0,4.0,3.0,2.0,1.0,1.0,1.0,2.0,2.0,2.0,1.0,2.0,2.0,5.0,6.0,1.0,3.0,4.0,5.0,1.0,1.0,1.0,1.0,1.0,1.0,62.0,1.0,1.0,2.0,1.0,1.0,2.0,1.0,1.0,1.0,1.0,1.0,3.0,1.0,1.0,1.0,1.0,2.0,1.0,2.0,1.0,1.0,1.0,1.0,2.0,1.0,1.0,1.0,3.0,2.0,1.0,1.0,1.0,1.0,1.0,1.0,1.0,1.0,1.0,1.0,2.0,44.0,1.0,1.0,1.0,1.0,2.0,1.0,2.0,2.0,13.0,2.0,1.0,4.0,1.0,1.0,1.0,8.0,1.0,1.0,1.0,2.0,1.0,1.0,2.0,105.0,1.0,1.0,1.0,1.0,1.0,1.0,1.0,1.0,1.0,2.0,1.0,14.0,1.0,3.0,1.0,2.0,2.0,1.0,1.0,1.0,1.0,1.0,1.0,2.0,1.0,1.0,1.0,1.0,1.0,1.0,2.0,1.0,16.0,1.0,2.0,1.0,2.0,1.0,3.0,1.0,1.0,1.0,1.0,1.0,1.0,1.0,1.0,1.0,1.0,1.0,1.0,1.0,1.0,1.0,1.0,1.0,1.0,1.0,1.0,1.0,1.0,2.0,1.0,1.0,1.0,1.0,1.0,1.0,1.0,1.0,1.0,1.0,1.0,2.0,1.0,1.0,1.0,1.0,4.0,2.0,244.0,1.0,1.0,1.0,2.0,1.0,1.0,3.0,511.0,566.0,1.0,1.0,1.0,1.0,1.0,1.0,1.0,1.0,1.0,2.0,1.0,1.0,1.0,178.0,1.0,1.0,1.0,1.0,2.0,1.0,1.0,1.0,1.0,2.0,3.0,1.0,2.0,1.0,1.0,1.0,2.0,2.0,1.0,1.0,1.0,1.0,1.0,1.0,1.0,1.0,2.0,1.0,2.0,1.0,1.0,1.0,10.0,4.0,8.0,3.0,4.0,5.0,2.0,1.0,1.0,4.0,2.0,1.0,1.0,1.0,1.0,3.0,1.0
2024-01-30,1.0,1.0,1.0,1.0,1.0,1.0,1.0,1.0,1.0,1.0,2.0,1.0,1.0,1.0,1.0,1.0,1.0,1.0,1.0,1.0,1.0,1.0,1.0,1.0,1.0,1.0,1.0,2.0,1.0,1.0,1.0,1.0,1.0,1.0,1.0,2.0,1.0,1.0,1.0,1.0,1.0,1.0,1.0,1.0,2.0,1.0,1.0,1.0,1.0,1.0,1.0,1.0,1.0,1.0,1.0,1.0,1.0,1.0,1.0,1.0,1.0,1.0,2.0,1.0,1.0,3.0,3.0,1.0,1.0,1.0,1.0,1.0,2.0,2.0,1.0,1.0,2.0,1.0,1.0,1.0,1.0,1.0,1.0,1.0,1.0,1.0,1.0,1.0,1.0,1.0,1.0,1.0,1.0,1.0,1.0,1.0,1.0,2.0,1.0,4.0,1.0,1.0,1.0,2.0,1.0,2.0,4.0,2.0,3.0,1.0,1.0,2.0,1.0,1.0,1.0,1.0,2.0,1.0,1.0,1.0,1.0,1.0,1.0,2.0,1.0,1.0,4.0,1.0,1.0,1.0,1.0,1.0,1.0,1.0,2.0,1.0,2.0,1.0,1.0,1.0,1.0,1.0,1.0,1.0,2.0,1.0,1.0,1.0,1.0,1.0,1.0,1.0,1.0,1.0,1.0,1.0,1.0,1.0,1.0,2.0,1.0,1.0,1.0,1.0,1.0,1.0,1.0,1.0,1.0,1.0,1.0,1.0,1.0,1.0,1.0,1.0,1.0,2.0,1.0,1.0,1.0,1.0,1.0,1.0,1.0,1.0,1.0,1.0,1.0,1.0,1.0,2.0,1.0,1.0,1.0,2.0,1.0,1.0,1.0,1.0,1.0,1.0,1.0,1.0,1.0,1.0,1.0,1.0,2.0,1.0,2.0,1.0,1.0,1.0,2.0,1.0,1.0,1.0,1.0,1.0,1.0,1.0,1.0,1.0,1.0,1.0,1.0,1.0,1.0,1.0,1.0,2.0,2.0,1.0,1.0,1.0,563.0,1.0,2.0,1.0,1.0,1.0,1.0,1.0,1.0,1.0,1.0,1.0,1.0,1.0,1.0,1.0,1.0,2.0,21.0,1.0,1.0,4.0,1.0,186.0,1.0,2.0,1.0,3.0,1.0,6.0,1.0,3.0,1.0,1.0,3.0,2.0,4.0,4.0,2.0,4.0,2.0,2.0,1.0,1.0,2.0,1.0,1.0,2.0,1.0,1.0,1.0,3.0,1.0,2.0,1.0,4.0,2.0,1.0,1.0,1.0,3.0,1.0,2.0,2.0,1.0,1.0,1.0,1.0,1.0,2.0,1.0,1.0,1.0,1.0,2.0,1.0,3.0,2.0,1.0,1.0,2.0,1.0,1.0,1.0,1.0,1.0,1.0,1.0,1.0,1.0,1.0,3.0,1.0,1.0,1.0,1.0,2.0,1.0,1.0,2.0,4.0,1.0,1.0,1.0,2.0,1.0,1.0,1.0,7.0,1.0,6.0,3.0,5.0,5.0,1.0,1.0,1.0,1.0,1.0,1.0,1.0,3.0,4.0,4.0,3.0,1.0,1.0,2.0,1.0,2.0,1.0,1.0,1.0,1.0,4.0,1.0,1.0,2.0,3.0,1.0,1.0,1.0,1.0,1.0,1.0,149.0,1.0,1.0,2.0,1.0,1.0,1.0,1.0,1.0,1.0,1.0,3.0,2.0,1.0,1.0,1.0,2.0,1.0,1.0,2.0,1.0,1.0,1.0,1.0,2.0,1.0,1.0,1.0,1.0,1.0,1.0,2.0,1.0,1.0,1.0,1.0,1.0,1.0,1.0,1.0,1.0,13.0,1.0,484.0,1.0,1.0,2.0,1.0,3.0,1.0,1.0,1.0,1.0,1.0,1.0,2.0,1.0,1.0,1.0,1.0,1.0,1.0,1.0,1.0,1.0,99.0,1.0,1.0,1.0,2.0,1.0,1.0,1.0,2.0,1.0,2.0,1.0,498.0,1.0,2.0,1.0,1.0,2.0,1.0,1.0,1.0,1.0,1.0,1.0,3.0,1.0,1.0,10.0,3.0,1.0,1.0,1.0,1.0,415.0,1.0,1.0,2.0,3.0,1.0,3.0,1.0,1.0,1.0,5.0,1.0,1.0,4.0,1.0,1.0,1.0,1.0,1.0,1.0,11.0,1.0,1.0,1.0,1.0,1.0,1.0,1.0,1.0,2.0,1.0,1.0,1.0,1.0,1.0,1.0,1.0,1.0,1.0,1.0,2.0,1.0,1.0,1.0,575.0,1.0,2.0,1.0,1.0,1.0,1.0,1.0,2.0,1.0,1.0,1.0,509.0,566.0,1.0,1.0,1.0,1.0,1.0,1.0,1.0,1.0,1.0,172.0,1.0,1.0,1.0,170.0,1.0,1.0,1.0,1.0,1.0,1.0,1.0,1.0,1.0,1.0,1.0,1.0,2.0,448.0,1.0,1.0,1.0,9.0,1.0,11.0,1.0,1.0,1.0,1.0,1.0,2.0,1.0,1.0,3.0,1.0,1.0,1.0,1.0,1.0,5.0,2.0,2.0,1.0,4.0,1.0,1.0,4.0,1.0,1.0,1.0,1.0,1.0,1.0,1.0
2024-01-31,1.0,1.0,1.0,1.0,1.0,1.0,1.0,1.0,1.0,1.0,1.0,2.0,1.0,1.0,1.0,1.0,1.0,1.0,1.0,1.0,1.0,1.0,1.0,1.0,1.0,1.0,1.0,2.0,2.0,1.0,3.0,3.0,1.0,1.0,1.0,2.0,1.0,1.0,1.0,1.0,1.0,1.0,1.0,1.0,1.0,1.0,1.0,1.0,1.0,1.0,1.0,1.0,1.0,1.0,1.0,1.0,1.0,2.0,1.0,1.0,2.0,1.0,2.0,1.0,1.0,3.0,1.0,1.0,1.0,1.0,1.0,1.0,1.0,1.0,1.0,1.0,1.0,1.0,1.0,1.0,1.0,1.0,1.0,1.0,2.0,1.0,1.0,1.0,1.0,1.0,2.0,1.0,1.0,1.0,1.0,1.0,1.0,2.0,1.0,4.0,1.0,1.0,1.0,2.0,1.0,2.0,3.0,2.0,2.0,1.0,1.0,1.0,1.0,1.0,1.0,1.0,1.0,1.0,3.0,1.0,1.0,1.0,1.0,1.0,1.0,2.0,5.0,1.0,1.0,1.0,1.0,1.0,1.0,1.0,1.0,1.0,1.0,1.0,1.0,1.0,1.0,1.0,1.0,2.0,1.0,1.0,1.0,1.0,1.0,1.0,1.0,1.0,1.0,1.0,1.0,1.0,1.0,1.0,2.0,1.0,1.0,1.0,1.0,1.0,1.0,1.0,1.0,1.0,1.0,1.0,1.0,1.0,1.0,1.0,1.0,1.0,1.0,1.0,1.0,1.0,1.0,1.0,1.0,1.0,1.0,1.0,2.0,1.0,1.0,1.0,1.0,1.0,1.0,1.0,1.0,1.0,2.0,1.0,1.0,1.0,1.0,1.0,1.0,2.0,1.0,1.0,1.0,1.0,1.0,1.0,1.0,1.0,1.0,1.0,1.0,1.0,1.0,1.0,1.0,1.0,1.0,1.0,2.0,1.0,2.0,2.0,1.0,2.0,1.0,1.0,1.0,1.0,1.0,1.0,1.0,1.0,563.0,1.0,1.0,1.0,1.0,1.0,2.0,1.0,1.0,1.0,1.0,1.0,1.0,1.0,1.0,1.0,1.0,1.0,1.0,1.0,1.0,1.0,1.0,186.0,1.0,1.0,1.0,1.0,1.0,1.0,2.0,1.0,4.0,1.0,2.0,1.0,2.0,3.0,1.0,1.0,2.0,1.0,1.0,1.0,1.0,1.0,1.0,2.0,1.0,1.0,4.0,1.0,1.0,1.0,5.0,2.0,3.0,1.0,1.0,1.0,1.0,3.0,3.0,5.0,3.0,2.0,5.0,1.0,1.0,3.0,1.0,1.0,1.0,1.0,2.0,1.0,1.0,2.0,1.0,1.0,1.0,1.0,1.0,1.0,2.0,1.0,1.0,1.0,1.0,1.0,1.0,3.0,1.0,1.0,3.0,1.0,2.0,1.0,3.0,2.0,1.0,1.0,1.0,1.0,1.0,1.0,2.0,1.0,5.0,1.0,3.0,3.0,2.0,3.0,1.0,2.0,2.0,1.0,1.0,1.0,1.0,1.0,4.0,5.0,4.0,2.0,1.0,3.0,1.0,2.0,2.0,1.0,3.0,5.0,4.0,1.0,4.0,3.0,2.0,1.0,1.0,1.0,1.0,1.0,2.0,62.0,1.0,1.0,1.0,1.0,1.0,2.0,1.0,1.0,1.0,1.0,2.0,1.0,3.0,1.0,4.0,1.0,1.0,1.0,1.0,1.0,1.0,1.0,1.0,2.0,1.0,1.0,1.0,1.0,1.0,1.0,1.0,1.0,1.0,1.0,1.0,38.0,1.0,1.0,1.0,1.0,52.0,1.0,104.0,1.0,5.0,2.0,1.0,1.0,1.0,1.0,1.0,1.0,1.0,1.0,1.0,2.0,1.0,1.0,1.0,1.0,1.0,1.0,1.0,1.0,62.0,1.0,2.0,1.0,1.0,1.0,1.0,1.0,1.0,1.0,2.0,1.0,2.0,1.0,2.0,1.0,2.0,223.0,1.0,1.0,1.0,1.0,1.0,2.0,3.0,1.0,1.0,1.0,1.0,1.0,1.0,1.0,1.0,297.0,1.0,1.0,2.0,2.0,1.0,2.0,1.0,1.0,1.0,1.0,1.0,1.0,1.0,1.0,1.0,1.0,1.0,2.0,1.0,1.0,1.0,2.0,1.0,1.0,1.0,65.0,1.0,2.0,2.0,1.0,1.0,1.0,1.0,1.0,1.0,1.0,1.0,1.0,1.0,1.0,1.0,1.0,1.0,1.0,1.0,3.0,1.0,2.0,2.0,2.0,1.0,1.0,1.0,1.0,1.0,453.0,566.0,1.0,1.0,1.0,1.0,1.0,1.0,1.0,1.0,1.0,1.0,1.0,1.0,1.0,180.0,1.0,1.0,1.0,1.0,1.0,1.0,1.0,1.0,1.0,1.0,1.0,1.0,2.0,2.0,1.0,1.0,1.0,1.0,1.0,18.0,1.0,1.0,1.0,1.0,1.0,1.0,1.0,1.0,2.0,1.0,1.0,1.0,1.0,2.0,3.0,1.0,2.0,5.0,3.0,1.0,1.0,3.0,2.0,1.0,1.0,1.0,1.0,1.0,1.0
2024-02-01,1.0,1.0,1.0,1.0,1.0,1.0,1.0,2.0,1.0,1.0,1.0,2.0,1.0,1.0,1.0,1.0,1.0,1.0,1.0,1.0,1.0,1.0,1.0,1.0,1.0,1.0,1.0,1.0,1.0,1.0,2.0,3.0,1.0,1.0,1.0,1.0,1.0,1.0,1.0,1.0,1.0,1.0,2.0,2.0,1.0,1.0,1.0,1.0,1.0,1.0,1.0,1.0,1.0,1.0,1.0,1.0,1.0,1.0,1.0,1.0,2.0,1.0,1.0,1.0,1.0,4.0,1.0,1.0,1.0,1.0,1.0,1.0,1.0,2.0,1.0,1.0,2.0,1.0,1.0,1.0,1.0,1.0,1.0,1.0,2.0,1.0,1.0,2.0,1.0,1.0,2.0,1.0,1.0,1.0,1.0,1.0,1.0,1.0,2.0,1.0,2.0,1.0,1.0,3.0,2.0,1.0,1.0,2.0,1.0,1.0,1.0,1.0,1.0,1.0,1.0,1.0,2.0,1.0,1.0,1.0,1.0,1.0,1.0,1.0,1.0,3.0,6.0,1.0,1.0,1.0,1.0,3.0,1.0,1.0,2.0,1.0,2.0,1.0,1.0,1.0,1.0,1.0,1.0,2.0,1.0,1.0,1.0,1.0,1.0,1.0,1.0,1.0,1.0,1.0,1.0,1.0,1.0,1.0,2.0,1.0,1.0,1.0,1.0,1.0,1.0,1.0,1.0,1.0,1.0,1.0,1.0,1.0,1.0,1.0,1.0,1.0,1.0,1.0,1.0,2.0,1.0,1.0,1.0,1.0,1.0,1.0,1.0,1.0,1.0,1.0,1.0,2.0,1.0,1.0,1.0,2.0,1.0,1.0,1.0,1.0,1.0,1.0,2.0,1.0,1.0,1.0,1.0,1.0,86.0,1.0,1.0,1.0,1.0,1.0,1.0,1.0,1.0,1.0,1.0,1.0,1.0,1.0,1.0,4.0,2.0,1.0,1.0,1.0,1.0,1.0,1.0,1.0,1.0,1.0,1.0,1.0,563.0,1.0,1.0,1.0,1.0,1.0,1.0,1.0,1.0,1.0,1.0,1.0,1.0,1.0,1.0,1.0,1.0,1.0,2.0,1.0,1.0,1.0,2.0,186.0,1.0,1.0,2.0,1.0,1.0,2.0,2.0,1.0,3.0,2.0,3.0,1.0,1.0,3.0,1.0,1.0,4.0,2.0,1.0,1.0,1.0,1.0,1.0,2.0,1.0,1.0,1.0,1.0,2.0,2.0,1.0,2.0,4.0,4.0,1.0,3.0,3.0,1.0,1.0,2.0,1.0,2.0,1.0,1.0,1.0,1.0,1.0,1.0,1.0,1.0,1.0,1.0,1.0,1.0,1.0,2.0,1.0,1.0,1.0,1.0,1.0,2.0,1.0,1.0,1.0,1.0,1.0,1.0,1.0,1.0,1.0,1.0,2.0,1.0,1.0,2.0,2.0,1.0,2.0,1.0,2.0,1.0,1.0,1.0,3.0,1.0,3.0,2.0,2.0,4.0,1.0,3.0,2.0,1.0,1.0,2.0,1.0,5.0,1.0,1.0,1.0,2.0,1.0,2.0,1.0,2.0,1.0,1.0,2.0,5.0,6.0,1.0,1.0,4.0,3.0,1.0,1.0,1.0,1.0,1.0,1.0,14.0,1.0,1.0,1.0,1.0,1.0,1.0,1.0,1.0,1.0,1.0,2.0,1.0,1.0,1.0,3.0,1.0,1.0,1.0,1.0,1.0,1.0,1.0,1.0,2.0,1.0,1.0,1.0,1.0,1.0,1.0,1.0,150.0,1.0,1.0,1.0,335.0,3.0,1.0,27.0,34.0,14.0,1.0,573.0,1.0,1.0,1.0,1.0,3.0,1.0,1.0,1.0,1.0,1.0,1.0,1.0,2.0,1.0,1.0,1.0,1.0,2.0,1.0,1.0,2.0,80.0,1.0,1.0,2.0,1.0,1.0,1.0,1.0,1.0,1.0,2.0,1.0,4.0,1.0,3.0,1.0,1.0,1.0,1.0,1.0,1.0,7.0,4.0,4.0,1.0,1.0,1.0,1.0,1.0,1.0,2.0,1.0,1.0,1.0,1.0,2.0,1.0,2.0,1.0,10.0,1.0,1.0,1.0,1.0,1.0,1.0,1.0,1.0,1.0,2.0,1.0,1.0,1.0,1.0,2.0,1.0,1.0,1.0,1.0,1.0,1.0,1.0,1.0,1.0,1.0,1.0,1.0,1.0,1.0,1.0,1.0,2.0,1.0,2.0,1.0,1.0,1.0,1.0,1.0,2.0,1.0,3.0,4.0,7.0,1.0,1.0,1.0,1.0,1.0,512.0,566.0,1.0,1.0,1.0,1.0,1.0,1.0,1.0,1.0,1.0,1.0,1.0,1.0,1.0,183.0,1.0,1.0,1.0,1.0,2.0,2.0,1.0,1.0,1.0,2.0,2.0,1.0,1.0,1.0,1.0,1.0,1.0,8.0,2.0,1.0,1.0,1.0,1.0,1.0,1.0,1.0,1.0,1.0,1.0,2.0,1.0,1.0,1.0,2.0,4.0,2.0,3.0,6.0,2.0,2.0,1.0,3.0,1.0,1.0,1.0,1.0,1.0,1.0,1.0
2024-02-02,1.0,1.0,1.0,1.0,1.0,2.0,1.0,7.0,1.0,1.0,1.0,1.0,1.0,1.0,2.0,1.0,1.0,1.0,1.0,1.0,1.0,1.0,1.0,1.0,1.0,1.0,1.0,1.0,1.0,1.0,2.0,2.0,1.0,1.0,1.0,1.0,1.0,22.0,7.0,1.0,1.0,1.0,1.0,1.0,1.0,1.0,1.0,1.0,1.0,1.0,1.0,1.0,2.0,1.0,1.0,1.0,1.0,2.0,1.0,1.0,2.0,1.0,1.0,1.0,1.0,3.0,2.0,1.0,1.0,1.0,1.0,1.0,1.0,2.0,1.0,1.0,1.0,1.0,1.0,1.0,1.0,1.0,1.0,3.0,1.0,1.0,1.0,4.0,1.0,1.0,1.0,1.0,1.0,1.0,1.0,1.0,1.0,1.0,2.0,1.0,1.0,1.0,2.0,1.0,1.0,1.0,3.0,1.0,3.0,1.0,1.0,2.0,1.0,1.0,1.0,1.0,2.0,1.0,1.0,1.0,1.0,1.0,1.0,1.0,1.0,5.0,5.0,1.0,1.0,1.0,1.0,1.0,1.0,1.0,1.0,1.0,2.0,1.0,2.0,1.0,1.0,1.0,1.0,2.0,1.0,1.0,1.0,1.0,1.0,1.0,1.0,1.0,1.0,1.0,1.0,1.0,1.0,1.0,1.0,1.0,4.0,1.0,1.0,1.0,2.0,1.0,1.0,1.0,1.0,1.0,1.0,1.0,3.0,1.0,1.0,1.0,1.0,1.0,1.0,2.0,1.0,1.0,2.0,1.0,1.0,1.0,1.0,1.0,1.0,1.0,2.0,3.0,1.0,1.0,1.0,1.0,1.0,1.0,1.0,1.0,1.0,1.0,1.0,2.0,1.0,1.0,1.0,1.0,36.0,1.0,14.0,1.0,1.0,1.0,1.0,1.0,3.0,6.0,1.0,1.0,1.0,9.0,1.0,3.0,2.0,11.0,1.0,1.0,1.0,1.0,15.0,1.0,1.0,1.0,1.0,1.0,563.0,1.0,1.0,1.0,1.0,1.0,1.0,1.0,1.0,1.0,1.0,1.0,1.0,1.0,2.0,1.0,1.0,2.0,1.0,1.0,1.0,2.0,1.0,186.0,1.0,1.0,2.0,1.0,1.0,3.0,1.0,1.0,1.0,2.0,2.0,1.0,1.0,1.0,1.0,1.0,1.0,1.0,1.0,2.0,1.0,1.0,1.0,2.0,1.0,1.0,1.0,1.0,1.0,4.0,4.0,3.0,3.0,1.0,1.0,1.0,3.0,1.0,1.0,1.0,1.0,1.0,1.0,1.0,1.0,2.0,1.0,1.0,1.0,1.0,1.0,1.0,2.0,1.0,1.0,1.0,3.0,1.0,1.0,1.0,2.0,1.0,3.0,1.0,1.0,1.0,1.0,2.0,1.0,1.0,1.0,1.0,2.0,1.0,1.0,1.0,2.0,1.0,1.0,1.0,2.0,1.0,1.0,1.0,1.0,1.0,1.0,1.0,2.0,2.0,1.0,2.0,2.0,2.0,1.0,2.0,1.0,1.0,1.0,3.0,2.0,1.0,2.0,1.0,1.0,1.0,4.0,1.0,3.0,4.0,2.0,2.0,3.0,2.0,1.0,1.0,1.0,1.0,1.0,1.0,1.0,5.0,1.0,1.0,1.0,1.0,1.0,1.0,1.0,1.0,1.0,1.0,1.0,1.0,1.0,1.0,3.0,1.0,2.0,1.0,1.0,1.0,1.0,1.0,1.0,3.0,1.0,1.0,2.0,1.0,2.0,1.0,1.0,1.0,1.0,1.0,1.0,9.0,1.0,1.0,1.0,1.0,468.0,1.0,1.0,1.0,1.0,1.0,1.0,1.0,1.0,1.0,1.0,1.0,1.0,1.0,1.0,1.0,1.0,1.0,1.0,1.0,1.0,1.0,1.0,2.0,50.0,1.0,1.0,1.0,1.0,1.0,1.0,1.0,1.0,1.0,2.0,1.0,3.0,1.0,2.0,1.0,2.0,1.0,1.0,1.0,1.0,1.0,1.0,2.0,3.0,1.0,1.0,1.0,1.0,1.0,1.0,1.0,1.0,1.0,1.0,1.0,3.0,1.0,1.0,2.0,1.0,1.0,1.0,1.0,1.0,1.0,1.0,3.0,2.0,1.0,1.0,1.0,1.0,1.0,1.0,2.0,1.0,1.0,1.0,1.0,1.0,1.0,2.0,1.0,1.0,1.0,1.0,1.0,1.0,3.0,1.0,3.0,1.0,2.0,1.0,2.0,1.0,1.0,1.0,1.0,1.0,1.0,2.0,3.0,1.0,1.0,1.0,1.0,1.0,499.0,566.0,1.0,1.0,1.0,1.0,1.0,2.0,1.0,1.0,1.0,1.0,1.0,1.0,1.0,178.0,1.0,1.0,1.0,1.0,1.0,1.0,1.0,2.0,2.0,1.0,1.0,1.0,1.0,1.0,1.0,1.0,1.0,1.0,1.0,12.0,1.0,3.0,1.0,1.0,1.0,1.0,1.0,11.0,3.0,1.0,1.0,1.0,1.0,6.0,5.0,3.0,8.0,5.0,4.0,2.0,1.0,2.0,1.0,1.0,1.0,1.0,1.0,1.0,1.0
2024-02-03,4.0,1.0,1.0,1.0,1.0,1.0,2.0,45.0,1.0,1.0,1.0,1.0,1.0,1.0,1.0,1.0,8.0,1.0,1.0,3.0,1.0,1.0,1.0,1.0,1.0,1.0,1.0,2.0,1.0,1.0,4.0,2.0,2.0,2.0,1.0,13.0,109.0,52.0,40.0,70.0,1.0,1.0,3.0,1.0,1.0,1.0,1.0,1.0,1.0,7.0,1.0,4.0,2.0,1.0,1.0,1.0,1.0,2.0,1.0,1.0,2.0,1.0,2.0,1.0,1.0,2.0,4.0,2.0,1.0,2.0,1.0,1.0,1.0,2.0,1.0,1.0,1.0,2.0,1.0,1.0,1.0,4.0,1.0,1.0,2.0,1.0,2.0,1.0,1.0,1.0,1.0,2.0,1.0,1.0,1.0,1.0,1.0,1.0,1.0,3.0,3.0,1.0,2.0,1.0,2.0,3.0,4.0,2.0,3.0,2.0,1.0,2.0,1.0,1.0,1.0,1.0,1.0,1.0,2.0,1.0,1.0,1.0,1.0,1.0,1.0,2.0,2.0,1.0,1.0,1.0,2.0,1.0,1.0,1.0,1.0,2.0,2.0,1.0,4.0,4.0,1.0,1.0,1.0,2.0,1.0,1.0,1.0,1.0,2.0,1.0,1.0,1.0,1.0,1.0,1.0,1.0,1.0,1.0,2.0,1.0,2.0,1.0,1.0,1.0,1.0,1.0,1.0,1.0,1.0,7.0,1.0,1.0,1.0,1.0,5.0,1.0,2.0,1.0,1.0,1.0,1.0,1.0,1.0,1.0,1.0,1.0,1.0,1.0,1.0,1.0,1.0,2.0,1.0,1.0,1.0,1.0,2.0,1.0,1.0,1.0,1.0,1.0,2.0,1.0,1.0,1.0,1.0,1.0,42.0,1.0,1.0,1.0,1.0,1.0,2.0,1.0,1.0,1.0,1.0,1.0,1.0,1.0,2.0,3.0,1.0,2.0,1.0,1.0,1.0,1.0,1.0,1.0,1.0,4.0,1.0,2.0,563.0,2.0,1.0,1.0,1.0,2.0,1.0,1.0,1.0,1.0,1.0,1.0,1.0,1.0,1.0,1.0,2.0,1.0,11.0,1.0,1.0,2.0,2.0,186.0,1.0,1.0,2.0,1.0,1.0,2.0,1.0,1.0,1.0,2.0,4.0,1.0,6.0,1.0,5.0,4.0,2.0,1.0,3.0,2.0,2.0,1.0,1.0,2.0,1.0,1.0,1.0,4.0,1.0,2.0,1.0,2.0,3.0,1.0,4.0,1.0,3.0,1.0,1.0,1.0,1.0,1.0,2.0,1.0,1.0,1.0,1.0,1.0,2.0,2.0,2.0,1.0,8.0,2.0,1.0,1.0,2.0,1.0,1.0,1.0,1.0,2.0,1.0,1.0,1.0,1.0,1.0,2.0,1.0,1.0,1.0,1.0,3.0,1.0,2.0,2.0,1.0,2.0,1.0,1.0,2.0,1.0,2.0,1.0,7.0,1.0,8.0,2.0,5.0,3.0,1.0,2.0,2.0,3.0,1.0,3.0,1.0,2.0,2.0,2.0,1.0,1.0,2.0,1.0,1.0,1.0,1.0,1.0,1.0,5.0,1.0,1.0,1.0,3.0,5.0,1.0,1.0,1.0,1.0,1.0,2.0,5.0,1.0,1.0,2.0,1.0,1.0,1.0,1.0,1.0,1.0,1.0,1.0,1.0,1.0,1.0,1.0,2.0,1.0,304.0,2.0,1.0,1.0,1.0,1.0,5.0,1.0,1.0,5.0,1.0,1.0,1.0,1.0,1.0,2.0,1.0,1.0,1.0,2.0,2.0,5.0,3.0,389.0,3.0,1.0,3.0,1.0,2.0,9.0,1.0,1.0,1.0,1.0,4.0,2.0,1.0,1.0,1.0,1.0,1.0,1.0,2.0,1.0,1.0,1.0,1.0,94.0,1.0,3.0,1.0,1.0,2.0,1.0,1.0,1.0,2.0,1.0,5.0,6.0,1.0,3.0,1.0,2.0,2.0,2.0,10.0,3.0,1.0,1.0,1.0,3.0,1.0,3.0,4.0,1.0,3.0,1.0,1.0,2.0,1.0,1.0,2.0,3.0,4.0,6.0,6.0,1.0,3.0,8.0,1.0,3.0,1.0,1.0,285.0,11.0,3.0,1.0,1.0,1.0,1.0,1.0,1.0,1.0,1.0,1.0,1.0,1.0,1.0,1.0,1.0,1.0,1.0,1.0,1.0,1.0,3.0,1.0,1.0,1.0,1.0,1.0,1.0,1.0,4.0,1.0,1.0,1.0,5.0,3.0,1.0,1.0,1.0,1.0,1.0,1.0,473.0,566.0,1.0,1.0,1.0,1.0,1.0,1.0,1.0,1.0,1.0,544.0,1.0,1.0,1.0,194.0,1.0,1.0,1.0,3.0,2.0,1.0,1.0,1.0,2.0,2.0,3.0,1.0,2.0,1.0,1.0,1.0,2.0,6.0,1.0,8.0,1.0,1.0,1.0,1.0,2.0,1.0,1.0,75.0,4.0,3.0,19.0,8.0,51.0,5.0,4.0,13.0,16.0,6.0,1.0,1.0,3.0,3.0,7.0,16.0,1.0,1.0,1.0,17.0,1.0
2024-02-04,171.0,138.0,320.0,200.0,169.0,268.0,265.0,205.0,39.0,84.0,44.0,64.0,2.0,9.0,10.0,17.0,11.0,13.0,17.0,21.0,24.0,9.0,158.0,158.0,178.0,123.0,132.0,86.0,25.0,22.0,30.0,26.0,19.0,86.0,149.0,121.0,114.0,50.0,114.0,237.0,142.0,134.0,217.0,107.0,56.0,100.0,204.0,258.0,242.0,224.0,251.0,295.0,195.0,368.0,311.0,195.0,10.0,10.0,109.0,233.0,234.0,224.0,189.0,136.0,37.0,41.0,39.0,38.0,20.0,12.0,15.0,17.0,125.0,64.0,57.0,181.0,51.0,58.0,137.0,87.0,16.0,18.0,9.0,45.0,41.0,17.0,111.0,148.0,192.0,118.0,163.0,80.0,71.0,196.0,37.0,399.0,381.0,207.0,362.0,213.0,260.0,14.0,11.0,7.0,5.0,3.0,3.0,3.0,2.0,1.0,2.0,1.0,187.0,220.0,201.0,309.0,218.0,196.0,164.0,89.0,83.0,80.0,40.0,4.0,5.0,22.0,14.0,82.0,73.0,47.0,63.0,94.0,111.0,115.0,24.0,31.0,64.0,50.0,296.0,334.0,266.0,218.0,165.0,332.0,253.0,344.0,164.0,221.0,295.0,429.0,388.0,259.0,234.0,217.0,18.0,20.0,181.0,265.0,76.0,59.0,190.0,139.0,119.0,160.0,100.0,167.0,236.0,105.0,87.0,117.0,139.0,36.0,57.0,23.0,33.0,8.0,5.0,115.0,146.0,377.0,264.0,384.0,359.0,292.0,303.0,263.0,330.0,393.0,351.0,266.0,198.0,238.0,209.0,360.0,462.0,363.0,293.0,359.0,203.0,262.0,275.0,196.0,36.0,23.0,272.0,404.0,264.0,358.0,395.0,339.0,356.0,396.0,215.0,515.0,547.0,404.0,527.0,539.0,507.0,558.0,470.0,510.0,488.0,441.0,313.0,418.0,545.0,434.0,473.0,523.0,152.0,238.0,193.0,279.0,239.0,156.0,563.0,118.0,120.0,179.0,117.0,156.0,150.0,261.0,283.0,197.0,303.0,267.0,94.0,187.0,304.0,242.0,304.0,188.0,322.0,330.0,285.0,130.0,141.0,186.0,22.0,587.0,587.0,512.0,559.0,576.0,533.0,525.0,514.0,435.0,427.0,348.0,554.0,524.0,522.0,518.0,540.0,538.0,578.0,564.0,561.0,595.0,549.0,207.0,151.0,396.0,438.0,466.0,419.0,476.0,224.0,387.0,417.0,358.0,339.0,352.0,303.0,296.0,310.0,280.0,285.0,373.0,416.0,501.0,380.0,29.0,55.0,99.0,31.0,122.0,61.0,72.0,150.0,132.0,117.0,92.0,108.0,194.0,95.0,76.0,110.0,219.0,177.0,165.0,75.0,140.0,194.0,175.0,307.0,257.0,374.0,240.0,261.0,10.0,8.0,104.0,84.0,138.0,64.0,49.0,111.0,121.0,196.0,16.0,27.0,38.0,35.0,23.0,25.0,21.0,18.0,20.0,8.0,8.0,33.0,24.0,26.0,30.0,30.0,22.0,26.0,3.0,2.0,1.0,2.0,1.0,1.0,4.0,1.0,4.0,10.0,7.0,14.0,14.0,16.0,8.0,1.0,1.0,1.0,1.0,1.0,1.0,2.0,2.0,1.0,1.0,2.0,3.0,1.0,1.0,1.0,1.0,1.0,1.0,1.0,1.0,2.0,4.0,2.0,1.0,1.0,1.0,1.0,1.0,2.0,3.0,1.0,1.0,4.0,1.0,1.0,1.0,1.0,1.0,1.0,1.0,2.0,1.0,2.0,4.0,5.0,1.0,389.0,4.0,1.0,103.0,1.0,11.0,13.0,1.0,5.0,3.0,3.0,5.0,569.0,1.0,1.0,1.0,4.0,1.0,1.0,3.0,3.0,2.0,1.0,1.0,61.0,2.0,5.0,4.0,1.0,4.0,1.0,1.0,1.0,2.0,14.0,5.0,529.0,2.0,1.0,2.0,1.0,5.0,1.0,1.0,15.0,1.0,1.0,4.0,4.0,19.0,15.0,5.0,1.0,2.0,1.0,5.0,2.0,8.0,1.0,1.0,1.0,4.0,1.0,3.0,3.0,5.0,1.0,1.0,29.0,10.0,8.0,1.0,1.0,1.0,1.0,1.0,1.0,1.0,6.0,2.0,1.0,2.0,2.0,2.0,1.0,1.0,2.0,1.0,1.0,3.0,1.0,1.0,1.0,17.0,1.0,4.0,6.0,2.0,1.0,5.0,1.0,485.0,8.0,6.0,7.0,12.0,11.0,1.0,1.0,2.0,1.0,2.0,1.0,432.0,566.0,1.0,1.0,2.0,1.0,1.0,1.0,1.0,1.0,2.0,1.0,19.0,13.0,1.0,212.0,10.0,1.0,1.0,1.0,2.0,4.0,1.0,2.0,1.0,1.0,1.0,1.0,2.0,1.0,3.0,1.0,1.0,1.0,1.0,7.0,1.0,3.0,1.0,1.0,1.0,1.0,2.0,75.0,3.0,4.0,26.0,29.0,54.0,3.0,4.0,10.0,13.0,6.0,2.0,1.0,6.0,5.0,16.0,28.0,16.0,1.0,1.0,73.0,19.0
2024-02-05,5.0,1.0,13.0,35.0,3.0,296.0,204.0,159.0,9.0,1.0,6.0,1.0,5.0,2.0,27.0,265.0,56.0,5.0,7.0,2.0,38.0,104.0,5.0,81.0,1.0,4.0,3.0,5.0,4.0,14.0,7.0,40.0,4.0,94.0,1.0,118.0,1.0,39.0,36.0,1.0,2.0,1.0,1.0,1.0,1.0,2.0,1.0,1.0,102.0,70.0,177.0,8.0,35.0,2.0,2.0,7.0,14.0,18.0,1.0,6.0,1.0,1.0,5.0,2.0,89.0,3.0,7.0,4.0,37.0,131.0,1.0,8.0,7.0,3.0,2.0,3.0,17.0,72.0,1.0,62.0,3.0,36.0,1.0,2.0,1.0,1.0,1.0,6.0,1.0,4.0,7.0,4.0,1.0,2.0,62.0,1.0,1.0,2.0,5.0,1.0,3.0,1.0,1.0,6.0,4.0,2.0,2.0,1.0,1.0,3.0,2.0,1.0,3.0,4.0,3.0,18.0,10.0,1.0,3.0,1.0,2.0,1.0,4.0,1.0,1.0,2.0,1.0,1.0,1.0,1.0,2.0,1.0,40.0,2.0,3.0,5.0,9.0,6.0,4.0,1.0,7.0,3.0,31.0,1.0,5.0,1.0,1.0,1.0,15.0,5.0,3.0,12.0,3.0,1.0,1.0,15.0,1.0,1.0,6.0,20.0,6.0,8.0,6.0,1.0,1.0,7.0,5.0,1.0,1.0,13.0,3.0,3.0,15.0,5.0,6.0,237.0,10.0,1.0,1.0,2.0,3.0,2.0,3.0,11.0,23.0,1.0,3.0,3.0,20.0,52.0,4.0,1.0,11.0,1.0,82.0,10.0,1.0,3.0,1.0,1.0,1.0,2.0,3.0,3.0,1.0,1.0,1.0,5.0,198.0,69.0,1.0,145.0,18.0,3.0,1.0,1.0,3.0,3.0,7.0,135.0,214.0,2.0,3.0,2.0,1.0,12.0,1.0,1.0,1.0,1.0,97.0,1.0,1.0,1.0,1.0,4.0,538.0,1.0,4.0,6.0,1.0,1.0,1.0,1.0,10.0,1.0,45.0,3.0,35.0,134.0,89.0,80.0,152.0,70.0,72.0,89.0,260.0,1.0,2.0,186.0,13.0,1.0,7.0,21.0,40.0,28.0,16.0,2.0,8.0,1.0,3.0,1.0,1.0,5.0,2.0,5.0,2.0,2.0,1.0,2.0,3.0,1.0,1.0,2.0,1.0,1.0,5.0,15.0,3.0,6.0,6.0,1.0,1.0,1.0,5.0,2.0,1.0,5.0,15.0,4.0,3.0,4.0,5.0,1.0,7.0,2.0,3.0,1.0,4.0,2.0,3.0,2.0,5.0,14.0,10.0,1.0,1.0,18.0,3.0,1.0,2.0,1.0,2.0,5.0,29.0,19.0,4.0,9.0,5.0,1.0,17.0,4.0,1.0,8.0,6.0,3.0,18.0,1.0,1.0,1.0,32.0,1.0,2.0,1.0,5.0,1.0,1.0,1.0,1.0,7.0,7.0,3.0,3.0,1.0,1.0,4.0,5.0,2.0,12.0,7.0,19.0,2.0,1.0,2.0,1.0,3.0,1.0,1.0,2.0,3.0,1.0,6.0,5.0,3.0,4.0,1.0,1.0,1.0,1.0,1.0,1.0,1.0,1.0,1.0,1.0,1.0,1.0,2.0,1.0,1.0,1.0,1.0,1.0,1.0,1.0,1.0,1.0,1.0,2.0,2.0,1.0,11.0,1.0,1.0,1.0,3.0,1.0,1.0,2.0,1.0,1.0,1.0,3.0,1.0,1.0,1.0,1.0,2.0,10.0,4.0,4.0,1.0,96.0,3.0,35.0,119.0,1.0,1.0,4.0,4.0,3.0,1.0,1.0,3.0,97.0,1.0,1.0,1.0,2.0,1.0,1.0,1.0,2.0,1.0,1.0,1.0,59.0,2.0,1.0,2.0,1.0,1.0,1.0,1.0,1.0,2.0,1.0,2.0,529.0,1.0,3.0,1.0,5.0,2.0,1.0,1.0,1.0,1.0,1.0,2.0,3.0,1.0,3.0,2.0,1.0,1.0,1.0,2.0,1.0,1.0,1.0,2.0,2.0,1.0,1.0,3.0,1.0,1.0,1.0,1.0,1.0,2.0,4.0,1.0,1.0,1.0,1.0,1.0,1.0,31.0,1.0,2.0,1.0,1.0,1.0,1.0,1.0,1.0,1.0,4.0,1.0,1.0,1.0,1.0,1.0,1.0,1.0,2.0,1.0,1.0,1.0,5.0,1.0,485.0,3.0,3.0,2.0,1.0,2.0,1.0,1.0,1.0,1.0,2.0,11.0,497.0,566.0,1.0,1.0,1.0,1.0,2.0,3.0,1.0,9.0,1.0,1.0,1.0,1.0,1.0,208.0,1.0,1.0,1.0,3.0,3.0,1.0,1.0,1.0,2.0,2.0,1.0,2.0,1.0,1.0,6.0,10.0,1.0,1.0,43.0,1.0,1.0,1.0,1.0,1.0,2.0,1.0,1.0,76.0,2.0,1.0,1.0,1.0,1.0,3.0,3.0,4.0,1.0,1.0,2.0,1.0,1.0,3.0,1.0,1.0,1.0,1.0,1.0,1.0,1.0
2024-02-06,13.0,3.0,16.0,41.0,1.0,262.0,192.0,175.0,1.0,2.0,4.0,9.0,2.0,1.0,23.0,219.0,91.0,5.0,5.0,17.0,56.0,27.0,10.0,126.0,2.0,4.0,4.0,5.0,8.0,42.0,5.0,34.0,3.0,98.0,10.0,49.0,6.0,81.0,28.0,10.0,3.0,2.0,1.0,1.0,10.0,1.0,10.0,2.0,58.0,46.0,173.0,1.0,3.0,2.0,2.0,5.0,8.0,6.0,1.0,5.0,2.0,25.0,14.0,7.0,130.0,3.0,3.0,9.0,22.0,88.0,2.0,5.0,1.0,4.0,2.0,2.0,26.0,81.0,1.0,67.0,3.0,41.0,1.0,8.0,3.0,5.0,1.0,7.0,5.0,1.0,15.0,14.0,1.0,1.0,39.0,1.0,1.0,5.0,1.0,1.0,3.0,2.0,1.0,3.0,1.0,2.0,1.0,2.0,1.0,3.0,2.0,1.0,1.0,13.0,5.0,18.0,12.0,2.0,9.0,3.0,3.0,1.0,4.0,1.0,2.0,4.0,3.0,1.0,1.0,3.0,2.0,1.0,13.0,4.0,2.0,2.0,4.0,1.0,3.0,1.0,9.0,2.0,53.0,3.0,4.0,1.0,1.0,2.0,12.0,20.0,12.0,25.0,2.0,1.0,1.0,4.0,1.0,1.0,4.0,23.0,3.0,4.0,31.0,7.0,11.0,3.0,8.0,1.0,2.0,33.0,1.0,2.0,4.0,20.0,9.0,141.0,17.0,2.0,2.0,1.0,1.0,2.0,10.0,6.0,11.0,1.0,2.0,1.0,4.0,5.0,9.0,2.0,13.0,1.0,47.0,6.0,1.0,3.0,1.0,1.0,2.0,6.0,4.0,4.0,52.0,1.0,1.0,1.0,280.0,175.0,8.0,168.0,2.0,4.0,1.0,2.0,1.0,1.0,5.0,51.0,256.0,3.0,22.0,3.0,3.0,5.0,1.0,3.0,1.0,2.0,69.0,1.0,1.0,1.0,2.0,1.0,5.0,1.0,1.0,2.0,2.0,1.0,2.0,6.0,1.0,1.0,42.0,4.0,42.0,168.0,122.0,61.0,120.0,11.0,50.0,65.0,95.0,4.0,4.0,186.0,12.0,1.0,1.0,10.0,26.0,25.0,16.0,4.0,7.0,1.0,1.0,1.0,1.0,2.0,4.0,9.0,2.0,3.0,7.0,5.0,2.0,1.0,1.0,1.0,3.0,5.0,18.0,3.0,7.0,2.0,3.0,4.0,22.0,3.0,2.0,1.0,1.0,9.0,8.0,1.0,4.0,9.0,46.0,1.0,3.0,2.0,2.0,1.0,3.0,4.0,2.0,3.0,1.0,6.0,13.0,1.0,1.0,24.0,9.0,5.0,1.0,1.0,3.0,2.0,22.0,1.0,2.0,1.0,4.0,1.0,2.0,7.0,1.0,8.0,4.0,1.0,3.0,4.0,3.0,1.0,12.0,2.0,2.0,1.0,1.0,8.0,2.0,3.0,1.0,4.0,5.0,1.0,2.0,1.0,1.0,10.0,12.0,3.0,2.0,1.0,7.0,1.0,1.0,2.0,1.0,3.0,1.0,1.0,1.0,1.0,1.0,1.0,3.0,4.0,5.0,4.0,1.0,1.0,1.0,1.0,1.0,3.0,1.0,1.0,1.0,1.0,1.0,1.0,1.0,1.0,1.0,1.0,1.0,1.0,1.0,1.0,1.0,1.0,2.0,1.0,30.0,261.0,1.0,1.0,1.0,2.0,3.0,1.0,4.0,1.0,1.0,1.0,1.0,1.0,1.0,1.0,1.0,1.0,1.0,1.0,1.0,1.0,389.0,1.0,1.0,2.0,2.0,1.0,1.0,1.0,4.0,1.0,1.0,2.0,2.0,1.0,1.0,2.0,2.0,1.0,1.0,1.0,1.0,2.0,1.0,1.0,34.0,1.0,1.0,1.0,1.0,1.0,1.0,1.0,1.0,2.0,1.0,2.0,529.0,1.0,2.0,1.0,1.0,4.0,1.0,13.0,1.0,1.0,1.0,1.0,3.0,1.0,1.0,5.0,1.0,1.0,1.0,2.0,1.0,1.0,1.0,1.0,2.0,1.0,1.0,1.0,1.0,1.0,1.0,1.0,1.0,1.0,1.0,11.0,1.0,1.0,1.0,1.0,1.0,1.0,1.0,2.0,1.0,1.0,1.0,1.0,1.0,1.0,1.0,2.0,1.0,2.0,1.0,1.0,1.0,1.0,1.0,1.0,1.0,2.0,1.0,1.0,1.0,485.0,2.0,2.0,1.0,1.0,2.0,1.0,1.0,1.0,1.0,1.0,435.0,505.0,566.0,1.0,1.0,1.0,1.0,1.0,1.0,1.0,1.0,1.0,298.0,1.0,1.0,1.0,183.0,1.0,1.0,1.0,1.0,1.0,2.0,1.0,1.0,1.0,1.0,1.0,1.0,1.0,2.0,2.0,1.0,2.0,12.0,1.0,4.0,1.0,1.0,1.0,1.0,2.0,4.0,1.0,3.0,2.0,1.0,1.0,1.0,3.0,10.0,7.0,6.0,7.0,2.0,2.0,1.0,2.0,3.0,1.0,1.0,1.0,1.0,1.0,1.0,1.0
2024-02-07,2.0,7.0,1.0,36.0,11.0,7.0,1.0,138.0,1.0,1.0,1.0,5.0,1.0,1.0,1.0,3.0,5.0,1.0,3.0,1.0,1.0,1.0,1.0,1.0,1.0,1.0,1.0,1.0,2.0,2.0,2.0,2.0,1.0,1.0,27.0,1.0,6.0,1.0,1.0,1.0,1.0,1.0,1.0,3.0,1.0,1.0,3.0,1.0,26.0,1.0,1.0,2.0,17.0,3.0,3.0,1.0,1.0,4.0,2.0,36.0,1.0,1.0,2.0,2.0,3.0,3.0,1.0,2.0,3.0,1.0,1.0,1.0,2.0,11.0,1.0,1.0,1.0,2.0,1.0,1.0,20.0,86.0,2.0,1.0,2.0,1.0,12.0,3.0,1.0,3.0,2.0,1.0,1.0,1.0,1.0,1.0,2.0,2.0,1.0,4.0,1.0,1.0,1.0,2.0,2.0,4.0,1.0,1.0,1.0,2.0,2.0,1.0,1.0,10.0,36.0,14.0,2.0,1.0,2.0,12.0,1.0,2.0,2.0,1.0,1.0,16.0,2.0,1.0,2.0,1.0,48.0,2.0,6.0,4.0,4.0,1.0,2.0,1.0,24.0,1.0,3.0,53.0,23.0,3.0,2.0,1.0,1.0,1.0,2.0,1.0,1.0,1.0,1.0,1.0,2.0,4.0,1.0,1.0,1.0,4.0,1.0,36.0,1.0,2.0,29.0,3.0,1.0,1.0,23.0,113.0,3.0,1.0,1.0,1.0,1.0,2.0,1.0,3.0,87.0,1.0,90.0,1.0,2.0,1.0,21.0,2.0,1.0,1.0,1.0,1.0,1.0,2.0,6.0,1.0,12.0,1.0,1.0,1.0,1.0,1.0,6.0,1.0,4.0,3.0,1.0,69.0,1.0,1.0,221.0,5.0,79.0,1.0,1.0,17.0,1.0,1.0,1.0,1.0,1.0,1.0,1.0,3.0,3.0,1.0,1.0,1.0,1.0,1.0,1.0,1.0,53.0,1.0,2.0,1.0,2.0,1.0,2.0,33.0,1.0,44.0,1.0,1.0,1.0,1.0,1.0,1.0,1.0,1.0,1.0,1.0,7.0,31.0,1.0,18.0,1.0,1.0,1.0,1.0,32.0,186.0,2.0,1.0,1.0,1.0,2.0,3.0,2.0,2.0,5.0,1.0,4.0,1.0,4.0,4.0,1.0,4.0,2.0,4.0,10.0,8.0,2.0,1.0,1.0,2.0,1.0,1.0,1.0,2.0,1.0,2.0,4.0,4.0,2.0,2.0,1.0,1.0,5.0,2.0,1.0,5.0,3.0,1.0,419.0,2.0,1.0,37.0,2.0,2.0,4.0,2.0,1.0,3.0,1.0,2.0,2.0,1.0,2.0,10.0,5.0,11.0,1.0,1.0,1.0,4.0,1.0,1.0,1.0,1.0,2.0,2.0,1.0,1.0,2.0,2.0,1.0,1.0,18.0,2.0,1.0,1.0,4.0,1.0,1.0,1.0,1.0,23.0,7.0,2.0,2.0,7.0,8.0,3.0,2.0,1.0,2.0,1.0,4.0,3.0,5.0,4.0,6.0,2.0,1.0,5.0,3.0,2.0,1.0,1.0,2.0,1.0,1.0,1.0,6.0,3.0,1.0,1.0,2.0,9.0,4.0,7.0,1.0,8.0,5.0,1.0,2.0,1.0,1.0,2.0,17.0,1.0,1.0,2.0,1.0,2.0,2.0,1.0,3.0,1.0,2.0,9.0,555.0,88.0,1.0,3.0,4.0,1.0,2.0,2.0,3.0,1.0,1.0,1.0,1.0,2.0,2.0,2.0,1.0,1.0,1.0,1.0,5.0,9.0,389.0,4.0,2.0,1.0,15.0,1.0,4.0,82.0,3.0,1.0,16.0,1.0,2.0,1.0,1.0,1.0,1.0,1.0,2.0,1.0,1.0,2.0,1.0,2.0,155.0,1.0,2.0,3.0,3.0,1.0,1.0,11.0,2.0,2.0,103.0,1.0,529.0,6.0,4.0,2.0,1.0,1.0,1.0,31.0,3.0,2.0,21.0,1.0,2.0,1.0,1.0,1.0,1.0,2.0,1.0,1.0,2.0,1.0,1.0,1.0,1.0,1.0,4.0,2.0,3.0,1.0,1.0,3.0,1.0,25.0,6.0,285.0,4.0,1.0,1.0,3.0,1.0,10.0,14.0,4.0,4.0,1.0,7.0,1.0,1.0,1.0,1.0,1.0,2.0,1.0,1.0,5.0,2.0,2.0,45.0,137.0,1.0,1.0,64.0,3.0,1.0,485.0,1.0,3.0,1.0,14.0,4.0,24.0,2.0,1.0,21.0,1.0,258.0,488.0,566.0,3.0,1.0,1.0,1.0,1.0,1.0,1.0,2.0,1.0,161.0,1.0,1.0,1.0,218.0,1.0,5.0,3.0,1.0,2.0,3.0,1.0,5.0,3.0,2.0,6.0,20.0,2.0,1.0,1.0,1.0,1.0,1.0,1.0,5.0,1.0,9.0,1.0,2.0,1.0,1.0,2.0,1.0,1.0,2.0,1.0,1.0,9.0,3.0,3.0,7.0,10.0,4.0,2.0,1.0,2.0,3.0,1.0,1.0,1.0,1.0,2.0,1.0,1.0
2024-02-08,1.0,2.0,1.0,1.0,1.0,2.0,1.0,1.0,1.0,1.0,1.0,1.0,1.0,1.0,1.0,3.0,1.0,1.0,4.0,1.0,1.0,2.0,1.0,1.0,1.0,1.0,1.0,1.0,1.0,1.0,3.0,1.0,1.0,1.0,1.0,1.0,1.0,1.0,1.0,2.0,1.0,1.0,1.0,1.0,2.0,1.0,1.0,1.0,1.0,1.0,1.0,1.0,1.0,1.0,1.0,1.0,1.0,1.0,1.0,1.0,2.0,1.0,2.0,1.0,1.0,4.0,2.0,2.0,1.0,1.0,1.0,1.0,1.0,2.0,1.0,1.0,2.0,1.0,1.0,1.0,1.0,87.0,1.0,1.0,1.0,1.0,4.0,2.0,1.0,2.0,3.0,2.0,1.0,1.0,1.0,1.0,1.0,3.0,1.0,2.0,1.0,1.0,1.0,1.0,2.0,3.0,5.0,4.0,4.0,3.0,1.0,2.0,1.0,1.0,1.0,1.0,2.0,3.0,2.0,1.0,1.0,1.0,1.0,1.0,1.0,1.0,1.0,1.0,2.0,1.0,3.0,3.0,1.0,1.0,2.0,1.0,2.0,1.0,1.0,1.0,1.0,2.0,1.0,1.0,2.0,1.0,1.0,1.0,1.0,1.0,2.0,1.0,1.0,1.0,1.0,1.0,1.0,1.0,1.0,1.0,1.0,3.0,1.0,2.0,1.0,1.0,1.0,1.0,1.0,1.0,1.0,1.0,1.0,1.0,1.0,1.0,1.0,2.0,1.0,1.0,1.0,3.0,2.0,1.0,1.0,1.0,1.0,1.0,1.0,1.0,4.0,1.0,1.0,1.0,2.0,1.0,2.0,1.0,1.0,1.0,1.0,1.0,1.0,1.0,1.0,1.0,1.0,1.0,196.0,4.0,1.0,2.0,1.0,1.0,1.0,8.0,2.0,2.0,1.0,3.0,1.0,1.0,2.0,3.0,2.0,1.0,1.0,1.0,1.0,1.0,2.0,2.0,2.0,2.0,1.0,1.0,10.0,1.0,1.0,1.0,1.0,1.0,2.0,1.0,1.0,1.0,1.0,1.0,1.0,1.0,2.0,1.0,1.0,2.0,1.0,1.0,1.0,2.0,1.0,186.0,1.0,1.0,1.0,1.0,1.0,2.0,1.0,3.0,4.0,1.0,1.0,1.0,2.0,1.0,2.0,2.0,1.0,1.0,2.0,1.0,2.0,1.0,1.0,2.0,1.0,1.0,4.0,2.0,1.0,2.0,1.0,1.0,2.0,5.0,1.0,1.0,2.0,1.0,2.0,2.0,1.0,2.0,565.0,1.0,1.0,2.0,1.0,1.0,2.0,1.0,1.0,1.0,8.0,2.0,1.0,1.0,1.0,1.0,1.0,2.0,1.0,2.0,1.0,1.0,1.0,1.0,1.0,1.0,1.0,1.0,1.0,1.0,2.0,2.0,1.0,17.0,4.0,3.0,1.0,1.0,2.0,6.0,2.0,1.0,6.0,3.0,2.0,6.0,1.0,2.0,3.0,9.0,6.0,6.0,6.0,8.0,5.0,4.0,2.0,2.0,1.0,2.0,1.0,2.0,1.0,1.0,1.0,2.0,1.0,2.0,1.0,1.0,5.0,3.0,5.0,1.0,1.0,1.0,1.0,1.0,1.0,113.0,1.0,1.0,3.0,1.0,3.0,3.0,1.0,1.0,1.0,1.0,1.0,3.0,1.0,1.0,1.0,1.0,2.0,1.0,555.0,88.0,1.0,1.0,2.0,1.0,1.0,1.0,3.0,2.0,1.0,1.0,1.0,3.0,1.0,1.0,2.0,1.0,1.0,1.0,1.0,1.0,389.0,2.0,1.0,3.0,2.0,1.0,51.0,1.0,3.0,1.0,3.0,1.0,1.0,1.0,1.0,1.0,1.0,1.0,1.0,1.0,3.0,1.0,1.0,2.0,21.0,1.0,1.0,2.0,1.0,1.0,1.0,1.0,2.0,3.0,1.0,2.0,529.0,3.0,2.0,1.0,5.0,1.0,1.0,2.0,1.0,1.0,2.0,2.0,1.0,1.0,1.0,1.0,1.0,3.0,6.0,1.0,1.0,1.0,1.0,1.0,1.0,2.0,2.0,4.0,1.0,4.0,2.0,1.0,1.0,2.0,1.0,285.0,1.0,1.0,1.0,2.0,1.0,2.0,1.0,2.0,1.0,1.0,1.0,1.0,1.0,1.0,2.0,2.0,3.0,3.0,1.0,1.0,1.0,8.0,1.0,2.0,2.0,4.0,12.0,2.0,1.0,485.0,2.0,3.0,3.0,1.0,3.0,1.0,1.0,2.0,1.0,2.0,5.0,499.0,566.0,1.0,1.0,1.0,1.0,1.0,1.0,1.0,2.0,1.0,573.0,1.0,3.0,1.0,223.0,1.0,1.0,1.0,2.0,1.0,2.0,1.0,5.0,3.0,2.0,1.0,2.0,5.0,1.0,3.0,1.0,2.0,1.0,1.0,2.0,1.0,2.0,1.0,1.0,1.0,1.0,2.0,7.0,1.0,1.0,1.0,1.0,19.0,5.0,4.0,8.0,11.0,3.0,2.0,1.0,5.0,3.0,1.0,1.0,1.0,4.0,149.0,7.0,1.0
2024-02-09,2.0,5.0,1.0,1.0,2.0,1.0,2.0,1.0,1.0,1.0,1.0,2.0,1.0,1.0,1.0,4.0,1.0,3.0,6.0,1.0,1.0,3.0,1.0,1.0,4.0,1.0,1.0,1.0,4.0,1.0,3.0,1.0,2.0,1.0,1.0,1.0,8.0,1.0,91.0,131.0,9.0,6.0,7.0,36.0,19.0,1.0,1.0,1.0,3.0,1.0,15.0,1.0,1.0,1.0,1.0,1.0,1.0,5.0,1.0,1.0,2.0,1.0,4.0,1.0,1.0,2.0,1.0,5.0,1.0,1.0,1.0,1.0,2.0,1.0,1.0,1.0,2.0,4.0,1.0,1.0,10.0,8.0,1.0,1.0,2.0,4.0,1.0,1.0,2.0,2.0,3.0,1.0,1.0,1.0,1.0,1.0,1.0,2.0,1.0,2.0,1.0,1.0,13.0,1.0,2.0,4.0,1.0,3.0,1.0,2.0,1.0,2.0,1.0,7.0,2.0,5.0,1.0,1.0,1.0,1.0,2.0,1.0,5.0,1.0,1.0,2.0,1.0,28.0,2.0,5.0,1.0,6.0,4.0,5.0,2.0,1.0,1.0,2.0,1.0,8.0,3.0,4.0,2.0,1.0,2.0,1.0,1.0,1.0,2.0,1.0,1.0,1.0,1.0,1.0,7.0,16.0,2.0,1.0,9.0,8.0,6.0,12.0,5.0,19.0,2.0,2.0,1.0,1.0,5.0,1.0,3.0,1.0,1.0,1.0,1.0,1.0,1.0,1.0,1.0,18.0,63.0,2.0,2.0,2.0,2.0,1.0,2.0,1.0,1.0,1.0,1.0,2.0,1.0,1.0,4.0,1.0,2.0,5.0,3.0,1.0,1.0,1.0,1.0,1.0,1.0,1.0,1.0,1.0,304.0,2.0,1.0,1.0,1.0,1.0,1.0,3.0,4.0,1.0,1.0,1.0,1.0,2.0,2.0,2.0,4.0,2.0,2.0,8.0,1.0,1.0,13.0,7.0,1.0,3.0,1.0,8.0,1.0,2.0,2.0,3.0,1.0,1.0,1.0,1.0,1.0,1.0,1.0,1.0,2.0,1.0,2.0,1.0,1.0,1.0,1.0,1.0,1.0,2.0,2.0,186.0,2.0,1.0,2.0,1.0,2.0,4.0,3.0,2.0,3.0,1.0,7.0,1.0,1.0,1.0,5.0,2.0,1.0,1.0,5.0,2.0,1.0,1.0,1.0,2.0,1.0,1.0,7.0,2.0,1.0,3.0,1.0,1.0,4.0,1.0,8.0,2.0,1.0,4.0,8.0,1.0,3.0,1.0,419.0,1.0,10.0,5.0,5.0,2.0,3.0,2.0,1.0,2.0,1.0,2.0,3.0,1.0,2.0,7.0,1.0,1.0,1.0,1.0,1.0,10.0,1.0,1.0,1.0,1.0,2.0,2.0,1.0,1.0,1.0,1.0,2.0,5.0,1.0,2.0,2.0,1.0,4.0,2.0,2.0,1.0,5.0,1.0,6.0,7.0,1.0,8.0,5.0,20.0,22.0,10.0,2.0,1.0,2.0,15.0,12.0,25.0,18.0,18.0,17.0,8.0,23.0,24.0,1.0,23.0,2.0,3.0,7.0,3.0,20.0,29.0,32.0,4.0,1.0,1.0,2.0,4.0,3.0,133.0,1.0,1.0,2.0,2.0,3.0,1.0,2.0,2.0,1.0,1.0,1.0,3.0,1.0,8.0,2.0,5.0,2.0,232.0,436.0,8.0,2.0,2.0,3.0,1.0,1.0,2.0,2.0,2.0,1.0,7.0,1.0,3.0,1.0,1.0,2.0,2.0,3.0,3.0,2.0,2.0,99.0,4.0,1.0,10.0,1.0,2.0,1.0,2.0,1.0,1.0,2.0,3.0,1.0,1.0,2.0,1.0,1.0,1.0,1.0,1.0,1.0,4.0,4.0,1.0,329.0,2.0,1.0,3.0,3.0,1.0,1.0,2.0,1.0,8.0,1.0,2.0,513.0,17.0,3.0,3.0,4.0,2.0,1.0,1.0,14.0,1.0,2.0,4.0,2.0,64.0,8.0,4.0,7.0,11.0,7.0,2.0,1.0,16.0,1.0,3.0,2.0,6.0,6.0,13.0,8.0,1.0,1.0,14.0,1.0,2.0,1.0,1.0,4.0,1.0,1.0,1.0,1.0,5.0,2.0,1.0,2.0,1.0,1.0,360.0,8.0,5.0,2.0,1.0,1.0,3.0,11.0,1.0,15.0,17.0,1.0,9.0,5.0,3.0,1.0,1.0,4.0,566.0,1.0,2.0,1.0,1.0,3.0,1.0,1.0,2.0,11.0,2.0,3.0,486.0,566.0,2.0,1.0,1.0,1.0,63.0,1.0,2.0,2.0,1.0,1.0,1.0,13.0,36.0,216.0,2.0,1.0,1.0,3.0,1.0,2.0,1.0,8.0,2.0,3.0,5.0,1.0,3.0,7.0,2.0,1.0,1.0,1.0,2.0,1.0,3.0,3.0,1.0,1.0,1.0,1.0,1.0,19.0,1.0,3.0,1.0,1.0,42.0,3.0,4.0,11.0,15.0,8.0,1.0,2.0,7.0,3.0,3.0,1.0,4.0,1.0,3.0,17.0,1.0
2024-02-10,5.0,4.0,2.0,6.0,1.0,1.0,11.0,2.0,1.0,2.0,1.0,2.0,1.0,1.0,3.0,1.0,1.0,1.0,3.0,1.0,1.0,2.0,1.0,1.0,4.0,3.0,6.0,2.0,1.0,1.0,2.0,3.0,4.0,1.0,1.0,1.0,1.0,6.0,2.0,1.0,1.0,4.0,1.0,1.0,1.0,1.0,1.0,1.0,1.0,1.0,4.0,1.0,1.0,1.0,1.0,2.0,3.0,1.0,2.0,1.0,1.0,1.0,1.0,2.0,14.0,2.0,1.0,2.0,3.0,1.0,1.0,1.0,13.0,2.0,1.0,1.0,1.0,2.0,2.0,1.0,1.0,20.0,1.0,1.0,3.0,2.0,2.0,2.0,6.0,3.0,2.0,1.0,2.0,1.0,1.0,1.0,1.0,4.0,1.0,4.0,5.0,1.0,1.0,5.0,3.0,1.0,2.0,2.0,2.0,1.0,2.0,1.0,8.0,10.0,1.0,1.0,2.0,1.0,1.0,1.0,14.0,1.0,1.0,1.0,1.0,1.0,2.0,2.0,1.0,1.0,10.0,3.0,1.0,1.0,1.0,3.0,9.0,2.0,2.0,1.0,12.0,1.0,2.0,4.0,1.0,6.0,1.0,2.0,1.0,1.0,1.0,52.0,1.0,3.0,2.0,3.0,5.0,5.0,7.0,19.0,1.0,8.0,1.0,2.0,4.0,3.0,1.0,5.0,10.0,1.0,14.0,1.0,1.0,2.0,1.0,2.0,1.0,1.0,2.0,2.0,1.0,1.0,1.0,1.0,1.0,1.0,1.0,1.0,1.0,9.0,5.0,1.0,1.0,34.0,2.0,5.0,13.0,3.0,1.0,1.0,1.0,1.0,2.0,1.0,1.0,1.0,1.0,1.0,84.0,9.0,1.0,2.0,1.0,1.0,43.0,2.0,1.0,1.0,4.0,1.0,2.0,3.0,2.0,2.0,4.0,8.0,1.0,1.0,1.0,46.0,13.0,3.0,15.0,14.0,1.0,2.0,1.0,144.0,70.0,17.0,4.0,1.0,2.0,1.0,9.0,2.0,2.0,1.0,9.0,1.0,2.0,1.0,1.0,1.0,1.0,20.0,9.0,1.0,1.0,186.0,2.0,1.0,1.0,4.0,2.0,1.0,8.0,2.0,1.0,3.0,2.0,1.0,1.0,1.0,5.0,1.0,3.0,3.0,2.0,1.0,2.0,1.0,1.0,1.0,1.0,4.0,2.0,1.0,2.0,2.0,1.0,3.0,4.0,1.0,4.0,22.0,1.0,1.0,3.0,1.0,2.0,1.0,419.0,1.0,4.0,3.0,9.0,7.0,5.0,2.0,38.0,5.0,2.0,3.0,1.0,1.0,2.0,1.0,1.0,1.0,1.0,9.0,1.0,1.0,1.0,2.0,1.0,1.0,14.0,1.0,1.0,3.0,1.0,5.0,4.0,2.0,3.0,9.0,6.0,10.0,2.0,3.0,1.0,21.0,9.0,17.0,7.0,5.0,14.0,3.0,3.0,19.0,15.0,5.0,4.0,27.0,11.0,6.0,5.0,1.0,2.0,4.0,1.0,2.0,1.0,5.0,3.0,1.0,2.0,1.0,1.0,5.0,4.0,9.0,6.0,10.0,1.0,1.0,1.0,1.0,1.0,46.0,1.0,5.0,4.0,1.0,1.0,78.0,1.0,4.0,1.0,1.0,20.0,2.0,25.0,1.0,1.0,15.0,11.0,19.0,6.0,88.0,1.0,7.0,5.0,5.0,17.0,1.0,3.0,5.0,2.0,1.0,3.0,2.0,3.0,1.0,3.0,1.0,7.0,1.0,7.0,4.0,79.0,1.0,104.0,8.0,1.0,1.0,1.0,8.0,1.0,6.0,1.0,9.0,1.0,1.0,1.0,1.0,1.0,1.0,1.0,2.0,1.0,4.0,4.0,1.0,179.0,1.0,3.0,2.0,1.0,1.0,2.0,1.0,2.0,1.0,2.0,1.0,4.0,3.0,2.0,1.0,6.0,2.0,1.0,1.0,154.0,1.0,6.0,3.0,1.0,18.0,1.0,3.0,5.0,7.0,1.0,14.0,1.0,415.0,1.0,1.0,7.0,2.0,1.0,3.0,7.0,5.0,1.0,1.0,3.0,2.0,12.0,1.0,3.0,1.0,2.0,1.0,1.0,1.0,2.0,1.0,1.0,2.0,3.0,4.0,2.0,3.0,3.0,2.0,1.0,2.0,1.0,1.0,1.0,87.0,1.0,1.0,3.0,1.0,6.0,1.0,2.0,10.0,1.0,6.0,5.0,1.0,2.0,3.0,2.0,1.0,1.0,1.0,1.0,451.0,566.0,87.0,8.0,1.0,3.0,1.0,2.0,6.0,1.0,1.0,531.0,7.0,1.0,1.0,294.0,6.0,1.0,5.0,1.0,3.0,1.0,1.0,4.0,2.0,1.0,1.0,1.0,7.0,32.0,1.0,2.0,2.0,1.0,1.0,2.0,3.0,2.0,1.0,3.0,8.0,3.0,7.0,25.0,11.0,12.0,66.0,58.0,53.0,3.0,4.0,11.0,14.0,8.0,2.0,1.0,12.0,10.0,14.0,26.0,30.0,2.0,1.0,87.0,45.0
2024-02-11,5.0,4.0,1.0,6.0,5.0,1.0,3.0,3.0,1.0,1.0,5.0,1.0,2.0,2.0,3.0,7.0,19.0,13.0,2.0,1.0,1.0,4.0,1.0,1.0,1.0,1.0,2.0,1.0,1.0,1.0,2.0,2.0,2.0,1.0,1.0,1.0,1.0,1.0,1.0,1.0,1.0,1.0,1.0,1.0,1.0,1.0,1.0,1.0,2.0,1.0,11.0,1.0,2.0,1.0,2.0,5.0,7.0,1.0,1.0,1.0,1.0,2.0,7.0,2.0,1.0,1.0,1.0,1.0,1.0,1.0,1.0,1.0,1.0,1.0,2.0,1.0,1.0,1.0,1.0,1.0,1.0,7.0,1.0,1.0,3.0,1.0,1.0,2.0,2.0,8.0,1.0,1.0,2.0,1.0,1.0,3.0,2.0,3.0,1.0,4.0,12.0,1.0,3.0,1.0,2.0,2.0,2.0,2.0,3.0,1.0,4.0,1.0,3.0,10.0,4.0,1.0,1.0,1.0,1.0,1.0,1.0,1.0,5.0,1.0,1.0,2.0,1.0,2.0,1.0,1.0,3.0,10.0,2.0,19.0,2.0,1.0,2.0,1.0,18.0,4.0,13.0,2.0,1.0,3.0,1.0,1.0,4.0,1.0,6.0,1.0,8.0,45.0,3.0,2.0,3.0,1.0,1.0,5.0,5.0,2.0,1.0,4.0,3.0,19.0,8.0,3.0,1.0,6.0,14.0,1.0,23.0,1.0,4.0,15.0,1.0,1.0,1.0,1.0,1.0,1.0,1.0,1.0,1.0,1.0,1.0,1.0,5.0,3.0,1.0,1.0,8.0,10.0,7.0,44.0,1.0,1.0,2.0,9.0,3.0,1.0,1.0,9.0,1.0,2.0,1.0,1.0,1.0,1.0,136.0,3.0,3.0,4.0,1.0,2.0,1.0,4.0,5.0,7.0,1.0,1.0,1.0,1.0,1.0,1.0,6.0,2.0,1.0,5.0,1.0,1.0,24.0,1.0,1.0,3.0,1.0,1.0,1.0,5.0,3.0,3.0,1.0,1.0,2.0,11.0,1.0,1.0,1.0,1.0,1.0,1.0,1.0,1.0,1.0,1.0,1.0,3.0,1.0,6.0,1.0,186.0,1.0,2.0,2.0,6.0,11.0,8.0,13.0,4.0,2.0,4.0,1.0,2.0,4.0,2.0,5.0,5.0,3.0,8.0,4.0,2.0,3.0,1.0,1.0,2.0,1.0,3.0,2.0,1.0,2.0,3.0,3.0,4.0,1.0,2.0,9.0,4.0,1.0,2.0,1.0,4.0,1.0,1.0,419.0,2.0,1.0,1.0,4.0,6.0,2.0,1.0,2.0,1.0,1.0,1.0,1.0,1.0,4.0,1.0,1.0,1.0,2.0,1.0,2.0,1.0,1.0,5.0,1.0,3.0,2.0,1.0,1.0,2.0,1.0,1.0,2.0,1.0,1.0,4.0,3.0,9.0,4.0,2.0,12.0,2.0,2.0,1.0,7.0,1.0,4.0,4.0,7.0,6.0,4.0,2.0,9.0,13.0,4.0,3.0,2.0,1.0,8.0,1.0,1.0,2.0,3.0,4.0,3.0,10.0,5.0,3.0,1.0,6.0,6.0,5.0,1.0,1.0,3.0,2.0,9.0,1.0,12.0,46.0,1.0,3.0,2.0,1.0,1.0,519.0,1.0,1.0,1.0,1.0,14.0,2.0,3.0,6.0,4.0,10.0,4.0,44.0,6.0,88.0,16.0,1.0,4.0,1.0,3.0,1.0,14.0,1.0,1.0,8.0,4.0,1.0,1.0,1.0,1.0,1.0,2.0,1.0,2.0,1.0,389.0,1.0,2.0,1.0,2.0,1.0,16.0,1.0,3.0,10.0,1.0,1.0,1.0,1.0,2.0,1.0,10.0,3.0,1.0,9.0,3.0,2.0,1.0,1.0,342.0,5.0,1.0,1.0,1.0,1.0,2.0,1.0,1.0,2.0,4.0,1.0,5.0,1.0,2.0,8.0,2.0,2.0,1.0,1.0,64.0,4.0,4.0,12.0,3.0,11.0,1.0,1.0,1.0,2.0,1.0,3.0,1.0,415.0,1.0,2.0,3.0,2.0,1.0,1.0,2.0,1.0,4.0,1.0,1.0,1.0,5.0,1.0,2.0,1.0,1.0,1.0,1.0,1.0,1.0,1.0,1.0,1.0,1.0,1.0,2.0,1.0,2.0,1.0,1.0,1.0,1.0,1.0,3.0,81.0,1.0,1.0,1.0,1.0,3.0,178.0,4.0,2.0,2.0,6.0,3.0,1.0,2.0,2.0,1.0,1.0,1.0,1.0,1.0,460.0,566.0,23.0,1.0,1.0,1.0,1.0,2.0,1.0,1.0,7.0,1.0,1.0,1.0,1.0,230.0,12.0,2.0,1.0,1.0,1.0,2.0,1.0,4.0,3.0,1.0,2.0,1.0,1.0,1.0,1.0,1.0,7.0,1.0,2.0,1.0,2.0,3.0,1.0,1.0,1.0,1.0,3.0,54.0,11.0,9.0,53.0,79.0,62.0,3.0,4.0,13.0,19.0,7.0,1.0,2.0,7.0,7.0,21.0,38.0,34.0,1.0,1.0,56.0,30.0
2024-02-12,5.0,14.0,6.0,3.0,3.0,3.0,7.0,12.0,1.0,1.0,2.0,1.0,1.0,1.0,1.0,1.0,11.0,7.0,1.0,1.0,16.0,25.0,1.0,4.0,1.0,3.0,5.0,1.0,2.0,1.0,2.0,2.0,3.0,1.0,5.0,1.0,1.0,1.0,1.0,1.0,1.0,1.0,2.0,2.0,1.0,1.0,1.0,1.0,1.0,3.0,4.0,3.0,1.0,3.0,6.0,6.0,2.0,1.0,1.0,2.0,1.0,1.0,2.0,2.0,2.0,2.0,1.0,1.0,1.0,1.0,1.0,1.0,1.0,1.0,1.0,1.0,2.0,2.0,1.0,1.0,1.0,13.0,1.0,1.0,2.0,2.0,2.0,1.0,2.0,1.0,1.0,2.0,1.0,1.0,1.0,1.0,1.0,2.0,1.0,1.0,3.0,1.0,2.0,1.0,2.0,1.0,2.0,2.0,2.0,1.0,2.0,1.0,1.0,1.0,1.0,1.0,1.0,1.0,1.0,1.0,1.0,1.0,19.0,1.0,3.0,2.0,1.0,2.0,2.0,13.0,2.0,4.0,1.0,3.0,6.0,1.0,5.0,6.0,15.0,2.0,3.0,1.0,6.0,1.0,2.0,1.0,1.0,1.0,2.0,6.0,1.0,2.0,1.0,1.0,10.0,4.0,1.0,2.0,6.0,3.0,4.0,4.0,2.0,4.0,4.0,6.0,3.0,5.0,1.0,2.0,5.0,2.0,1.0,2.0,4.0,1.0,2.0,1.0,2.0,1.0,1.0,2.0,8.0,1.0,1.0,1.0,3.0,14.0,1.0,1.0,4.0,3.0,4.0,41.0,3.0,2.0,1.0,7.0,1.0,1.0,1.0,10.0,3.0,4.0,1.0,1.0,1.0,2.0,351.0,1.0,1.0,1.0,1.0,1.0,1.0,1.0,2.0,2.0,1.0,5.0,1.0,1.0,3.0,3.0,2.0,1.0,1.0,2.0,1.0,1.0,5.0,3.0,2.0,4.0,3.0,2.0,1.0,1.0,3.0,1.0,3.0,1.0,1.0,1.0,1.0,1.0,5.0,1.0,1.0,1.0,1.0,11.0,2.0,3.0,2.0,1.0,1.0,5.0,1.0,186.0,2.0,1.0,1.0,4.0,4.0,1.0,7.0,2.0,1.0,4.0,2.0,3.0,3.0,1.0,3.0,4.0,2.0,3.0,2.0,5.0,3.0,1.0,1.0,2.0,1.0,1.0,2.0,3.0,1.0,2.0,1.0,2.0,6.0,2.0,6.0,2.0,1.0,3.0,4.0,2.0,2.0,1.0,419.0,1.0,2.0,1.0,1.0,10.0,3.0,5.0,3.0,3.0,1.0,2.0,1.0,2.0,1.0,2.0,1.0,1.0,1.0,1.0,1.0,9.0,2.0,4.0,1.0,1.0,2.0,2.0,2.0,1.0,2.0,6.0,3.0,2.0,5.0,4.0,3.0,1.0,1.0,2.0,12.0,1.0,8.0,1.0,14.0,2.0,2.0,6.0,5.0,3.0,19.0,12.0,13.0,13.0,7.0,5.0,1.0,3.0,5.0,1.0,1.0,3.0,4.0,6.0,11.0,8.0,9.0,7.0,4.0,4.0,6.0,1.0,2.0,1.0,1.0,1.0,1.0,2.0,2.0,6.0,1.0,1.0,2.0,1.0,1.0,519.0,1.0,1.0,4.0,11.0,11.0,3.0,3.0,21.0,1.0,13.0,8.0,2.0,1.0,88.0,5.0,1.0,3.0,1.0,1.0,1.0,4.0,1.0,2.0,1.0,1.0,1.0,1.0,1.0,1.0,1.0,7.0,1.0,7.0,5.0,389.0,1.0,12.0,2.0,8.0,1.0,1.0,1.0,6.0,1.0,1.0,2.0,9.0,1.0,1.0,1.0,2.0,4.0,5.0,4.0,1.0,1.0,1.0,2.0,171.0,1.0,1.0,3.0,2.0,1.0,6.0,1.0,3.0,1.0,2.0,1.0,1.0,9.0,2.0,2.0,2.0,3.0,1.0,1.0,31.0,7.0,5.0,12.0,8.0,1.0,1.0,1.0,1.0,1.0,1.0,1.0,1.0,415.0,1.0,4.0,3.0,1.0,1.0,2.0,3.0,2.0,1.0,1.0,1.0,2.0,1.0,1.0,1.0,1.0,1.0,1.0,1.0,1.0,1.0,3.0,1.0,1.0,3.0,1.0,1.0,1.0,3.0,1.0,2.0,1.0,3.0,1.0,1.0,2.0,1.0,2.0,1.0,4.0,11.0,492.0,2.0,2.0,1.0,1.0,5.0,6.0,2.0,5.0,1.0,7.0,1.0,4.0,5.0,450.0,566.0,50.0,10.0,1.0,1.0,1.0,1.0,1.0,1.0,2.0,1.0,5.0,6.0,7.0,228.0,1.0,1.0,1.0,4.0,3.0,2.0,3.0,4.0,2.0,2.0,1.0,1.0,1.0,2.0,2.0,1.0,2.0,1.0,1.0,1.0,2.0,7.0,1.0,1.0,5.0,1.0,3.0,15.0,33.0,24.0,21.0,38.0,53.0,3.0,4.0,13.0,19.0,5.0,2.0,1.0,10.0,6.0,18.0,39.0,51.0,1.0,1.0,39.0,19.0
2024-02-13,1.0,1.0,1.0,1.0,1.0,1.0,3.0,4.0,2.0,1.0,1.0,2.0,1.0,1.0,1.0,1.0,2.0,3.0,2.0,1.0,2.0,3.0,1.0,1.0,1.0,2.0,2.0,1.0,2.0,2.0,1.0,1.0,2.0,1.0,2.0,1.0,1.0,1.0,1.0,1.0,1.0,1.0,1.0,1.0,1.0,1.0,1.0,1.0,1.0,1.0,1.0,2.0,1.0,5.0,11.0,3.0,2.0,1.0,1.0,1.0,1.0,1.0,2.0,2.0,2.0,2.0,1.0,3.0,1.0,1.0,1.0,1.0,1.0,1.0,1.0,1.0,1.0,2.0,2.0,1.0,7.0,37.0,1.0,1.0,2.0,4.0,7.0,1.0,1.0,5.0,3.0,1.0,1.0,1.0,1.0,1.0,1.0,2.0,3.0,1.0,1.0,2.0,1.0,2.0,2.0,1.0,1.0,3.0,1.0,1.0,2.0,1.0,1.0,1.0,2.0,1.0,1.0,1.0,1.0,1.0,1.0,1.0,5.0,1.0,1.0,1.0,1.0,2.0,1.0,1.0,1.0,1.0,1.0,2.0,1.0,1.0,3.0,1.0,2.0,1.0,1.0,1.0,4.0,1.0,1.0,1.0,1.0,1.0,1.0,1.0,1.0,1.0,1.0,1.0,8.0,1.0,1.0,2.0,4.0,3.0,2.0,8.0,1.0,1.0,1.0,1.0,1.0,1.0,3.0,1.0,4.0,1.0,1.0,1.0,1.0,1.0,3.0,1.0,1.0,1.0,1.0,1.0,1.0,1.0,2.0,1.0,1.0,1.0,1.0,1.0,2.0,3.0,1.0,12.0,1.0,2.0,1.0,2.0,1.0,1.0,1.0,1.0,1.0,2.0,1.0,1.0,1.0,1.0,278.0,1.0,2.0,1.0,1.0,1.0,1.0,1.0,5.0,2.0,1.0,1.0,1.0,1.0,1.0,1.0,2.0,2.0,1.0,1.0,2.0,1.0,1.0,8.0,6.0,2.0,6.0,8.0,4.0,3.0,1.0,1.0,1.0,1.0,1.0,1.0,2.0,1.0,1.0,1.0,2.0,1.0,1.0,1.0,1.0,1.0,1.0,1.0,1.0,2.0,1.0,186.0,6.0,1.0,2.0,1.0,2.0,2.0,1.0,3.0,4.0,2.0,3.0,1.0,1.0,1.0,4.0,2.0,1.0,3.0,1.0,1.0,2.0,1.0,1.0,2.0,1.0,1.0,3.0,3.0,1.0,2.0,5.0,4.0,2.0,1.0,1.0,1.0,2.0,3.0,1.0,1.0,1.0,1.0,419.0,3.0,1.0,3.0,3.0,27.0,3.0,1.0,1.0,1.0,1.0,4.0,1.0,1.0,1.0,6.0,1.0,1.0,1.0,1.0,1.0,1.0,1.0,1.0,1.0,1.0,2.0,1.0,1.0,1.0,2.0,2.0,1.0,1.0,1.0,9.0,2.0,5.0,2.0,1.0,5.0,9.0,4.0,1.0,10.0,1.0,4.0,9.0,2.0,4.0,16.0,6.0,30.0,51.0,12.0,7.0,7.0,15.0,35.0,1.0,3.0,2.0,2.0,4.0,5.0,1.0,9.0,8.0,1.0,7.0,9.0,1.0,3.0,1.0,1.0,19.0,1.0,1.0,2.0,71.0,1.0,1.0,3.0,1.0,1.0,519.0,1.0,3.0,1.0,1.0,2.0,1.0,1.0,1.0,1.0,6.0,2.0,5.0,1.0,88.0,45.0,2.0,1.0,2.0,1.0,1.0,1.0,1.0,1.0,1.0,1.0,3.0,1.0,1.0,1.0,1.0,3.0,1.0,1.0,3.0,389.0,1.0,1.0,5.0,7.0,1.0,2.0,1.0,3.0,2.0,3.0,4.0,589.0,1.0,1.0,1.0,1.0,1.0,5.0,1.0,1.0,1.0,1.0,2.0,229.0,1.0,1.0,2.0,2.0,1.0,1.0,1.0,1.0,2.0,2.0,2.0,5.0,1.0,2.0,5.0,1.0,2.0,1.0,1.0,21.0,5.0,1.0,3.0,2.0,1.0,1.0,1.0,2.0,4.0,2.0,1.0,1.0,415.0,1.0,9.0,3.0,1.0,1.0,5.0,1.0,4.0,1.0,1.0,1.0,2.0,1.0,10.0,1.0,1.0,1.0,1.0,1.0,1.0,2.0,1.0,2.0,1.0,2.0,1.0,1.0,2.0,3.0,1.0,2.0,1.0,1.0,1.0,1.0,4.0,1.0,4.0,7.0,1.0,2.0,492.0,4.0,6.0,1.0,2.0,6.0,1.0,1.0,4.0,1.0,2.0,1.0,22.0,1.0,425.0,566.0,11.0,38.0,1.0,1.0,1.0,1.0,1.0,1.0,1.0,1.0,4.0,2.0,1.0,213.0,5.0,2.0,1.0,3.0,1.0,1.0,1.0,2.0,4.0,1.0,1.0,1.0,2.0,1.0,2.0,2.0,1.0,1.0,2.0,1.0,3.0,2.0,1.0,1.0,3.0,1.0,2.0,23.0,18.0,25.0,45.0,47.0,60.0,3.0,4.0,9.0,11.0,5.0,2.0,1.0,9.0,5.0,19.0,25.0,58.0,1.0,1.0,37.0,9.0
2024-02-14,1.0,2.0,4.0,1.0,2.0,1.0,2.0,2.0,1.0,1.0,3.0,1.0,1.0,1.0,1.0,1.0,1.0,1.0,1.0,3.0,1.0,1.0,1.0,2.0,1.0,2.0,2.0,1.0,2.0,1.0,1.0,8.0,2.0,1.0,95.0,1.0,3.0,1.0,2.0,1.0,2.0,1.0,3.0,2.0,1.0,1.0,1.0,1.0,1.0,1.0,1.0,1.0,1.0,1.0,1.0,1.0,1.0,4.0,2.0,4.0,2.0,4.0,1.0,2.0,3.0,5.0,2.0,1.0,5.0,9.0,1.0,3.0,7.0,2.0,1.0,5.0,1.0,2.0,11.0,5.0,1.0,10.0,1.0,2.0,1.0,1.0,2.0,1.0,1.0,3.0,3.0,1.0,1.0,1.0,1.0,1.0,4.0,4.0,3.0,1.0,1.0,3.0,1.0,5.0,3.0,5.0,5.0,2.0,1.0,3.0,2.0,1.0,3.0,1.0,2.0,4.0,2.0,1.0,1.0,1.0,2.0,1.0,1.0,1.0,2.0,1.0,2.0,2.0,1.0,1.0,1.0,1.0,1.0,1.0,2.0,1.0,3.0,1.0,3.0,1.0,4.0,3.0,5.0,1.0,3.0,7.0,7.0,4.0,1.0,2.0,1.0,7.0,1.0,1.0,4.0,5.0,9.0,4.0,9.0,8.0,1.0,13.0,3.0,6.0,1.0,2.0,1.0,17.0,4.0,1.0,2.0,4.0,1.0,2.0,1.0,2.0,1.0,1.0,1.0,1.0,1.0,3.0,8.0,1.0,10.0,3.0,2.0,1.0,1.0,1.0,2.0,4.0,3.0,1.0,1.0,2.0,1.0,4.0,2.0,2.0,1.0,1.0,1.0,1.0,2.0,3.0,1.0,1.0,337.0,2.0,5.0,1.0,1.0,1.0,2.0,22.0,6.0,11.0,9.0,1.0,10.0,1.0,5.0,21.0,2.0,1.0,1.0,12.0,2.0,4.0,1.0,10.0,1.0,13.0,5.0,4.0,1.0,1.0,1.0,1.0,1.0,1.0,1.0,3.0,1.0,1.0,1.0,1.0,1.0,1.0,5.0,4.0,1.0,4.0,1.0,1.0,1.0,1.0,3.0,186.0,4.0,1.0,1.0,1.0,1.0,2.0,1.0,1.0,2.0,2.0,4.0,1.0,1.0,1.0,5.0,2.0,3.0,2.0,1.0,1.0,1.0,1.0,1.0,1.0,1.0,1.0,3.0,2.0,1.0,4.0,2.0,4.0,3.0,1.0,1.0,1.0,1.0,2.0,1.0,2.0,3.0,1.0,419.0,4.0,1.0,2.0,1.0,8.0,4.0,5.0,1.0,2.0,1.0,1.0,1.0,2.0,1.0,18.0,1.0,3.0,1.0,1.0,2.0,2.0,1.0,1.0,1.0,1.0,2.0,1.0,1.0,1.0,1.0,1.0,2.0,1.0,3.0,5.0,1.0,1.0,3.0,1.0,1.0,2.0,7.0,1.0,8.0,3.0,5.0,9.0,1.0,1.0,6.0,4.0,4.0,12.0,5.0,2.0,1.0,4.0,8.0,2.0,1.0,5.0,4.0,8.0,5.0,3.0,3.0,4.0,1.0,2.0,4.0,1.0,2.0,1.0,2.0,2.0,2.0,2.0,4.0,7.0,10.0,4.0,6.0,4.0,4.0,321.0,89.0,1.0,1.0,3.0,4.0,1.0,3.0,1.0,2.0,3.0,1.0,1.0,2.0,123.0,4.0,6.0,7.0,2.0,1.0,2.0,1.0,3.0,1.0,1.0,1.0,2.0,2.0,8.0,1.0,1.0,5.0,1.0,1.0,7.0,350.0,1.0,1.0,2.0,3.0,1.0,4.0,1.0,1.0,2.0,4.0,3.0,148.0,1.0,2.0,1.0,5.0,1.0,4.0,1.0,1.0,3.0,1.0,3.0,339.0,6.0,1.0,8.0,5.0,1.0,1.0,2.0,3.0,1.0,1.0,1.0,3.0,8.0,1.0,2.0,1.0,2.0,1.0,1.0,9.0,1.0,2.0,8.0,1.0,2.0,1.0,5.0,6.0,1.0,4.0,3.0,3.0,297.0,1.0,10.0,3.0,4.0,2.0,1.0,3.0,1.0,8.0,2.0,2.0,2.0,11.0,1.0,1.0,15.0,1.0,1.0,1.0,3.0,3.0,1.0,2.0,1.0,5.0,1.0,1.0,1.0,1.0,1.0,1.0,1.0,1.0,2.0,1.0,5.0,1.0,7.0,11.0,1.0,7.0,523.0,1.0,7.0,9.0,2.0,4.0,1.0,5.0,1.0,4.0,3.0,1.0,2.0,336.0,469.0,566.0,1.0,2.0,1.0,1.0,6.0,1.0,1.0,1.0,1.0,1.0,1.0,1.0,12.0,193.0,1.0,1.0,1.0,2.0,1.0,3.0,1.0,7.0,7.0,5.0,3.0,1.0,4.0,1.0,1.0,1.0,2.0,1.0,1.0,2.0,2.0,2.0,1.0,2.0,3.0,1.0,2.0,14.0,3.0,11.0,2.0,1.0,32.0,3.0,4.0,7.0,9.0,5.0,2.0,1.0,7.0,6.0,10.0,12.0,18.0,1.0,1.0,12.0,1.0
2024-02-15,1.0,2.0,1.0,1.0,2.0,1.0,2.0,1.0,1.0,2.0,1.0,1.0,1.0,1.0,1.0,1.0,6.0,2.0,2.0,8.0,2.0,2.0,1.0,1.0,1.0,4.0,4.0,1.0,2.0,4.0,1.0,3.0,3.0,1.0,30.0,1.0,3.0,1.0,3.0,1.0,1.0,3.0,1.0,17.0,9.0,1.0,2.0,3.0,1.0,1.0,2.0,2.0,1.0,1.0,1.0,1.0,2.0,4.0,1.0,4.0,1.0,1.0,2.0,1.0,4.0,2.0,1.0,6.0,4.0,1.0,1.0,2.0,4.0,1.0,2.0,1.0,1.0,4.0,1.0,4.0,2.0,3.0,1.0,2.0,1.0,2.0,1.0,1.0,1.0,2.0,3.0,1.0,1.0,1.0,1.0,1.0,1.0,3.0,4.0,1.0,2.0,2.0,1.0,4.0,7.0,4.0,5.0,2.0,1.0,3.0,2.0,1.0,1.0,1.0,2.0,2.0,1.0,1.0,1.0,1.0,1.0,1.0,1.0,1.0,1.0,1.0,2.0,2.0,1.0,1.0,1.0,1.0,2.0,1.0,3.0,1.0,2.0,4.0,1.0,2.0,5.0,2.0,1.0,2.0,3.0,1.0,1.0,3.0,1.0,1.0,1.0,2.0,1.0,1.0,1.0,1.0,4.0,4.0,2.0,1.0,6.0,4.0,10.0,1.0,4.0,3.0,4.0,1.0,7.0,1.0,1.0,2.0,2.0,5.0,3.0,1.0,2.0,1.0,2.0,4.0,2.0,2.0,2.0,1.0,3.0,1.0,1.0,1.0,1.0,1.0,2.0,1.0,3.0,1.0,1.0,2.0,1.0,1.0,1.0,1.0,1.0,1.0,1.0,2.0,1.0,2.0,1.0,5.0,342.0,5.0,4.0,2.0,1.0,1.0,2.0,12.0,2.0,7.0,3.0,1.0,9.0,2.0,4.0,3.0,2.0,1.0,6.0,12.0,1.0,1.0,1.0,2.0,1.0,4.0,7.0,6.0,1.0,1.0,1.0,2.0,2.0,1.0,1.0,2.0,4.0,1.0,1.0,1.0,1.0,1.0,1.0,2.0,1.0,4.0,1.0,1.0,1.0,1.0,2.0,186.0,1.0,1.0,1.0,1.0,1.0,1.0,3.0,2.0,1.0,3.0,2.0,1.0,1.0,3.0,5.0,4.0,1.0,5.0,1.0,1.0,1.0,1.0,1.0,1.0,1.0,1.0,4.0,2.0,1.0,3.0,1.0,4.0,1.0,2.0,1.0,4.0,4.0,3.0,1.0,1.0,1.0,1.0,419.0,2.0,1.0,1.0,2.0,2.0,1.0,1.0,1.0,1.0,1.0,2.0,2.0,4.0,1.0,14.0,1.0,1.0,1.0,3.0,2.0,2.0,1.0,1.0,1.0,1.0,2.0,4.0,1.0,2.0,1.0,2.0,1.0,1.0,4.0,7.0,2.0,1.0,1.0,1.0,1.0,1.0,7.0,3.0,1.0,2.0,6.0,2.0,1.0,2.0,1.0,2.0,2.0,1.0,3.0,3.0,3.0,2.0,1.0,2.0,1.0,2.0,1.0,3.0,1.0,1.0,1.0,1.0,1.0,2.0,4.0,2.0,2.0,1.0,4.0,1.0,4.0,2.0,6.0,4.0,5.0,1.0,2.0,1.0,1.0,2.0,1.0,2.0,1.0,2.0,3.0,1.0,2.0,1.0,1.0,2.0,1.0,279.0,1.0,2.0,6.0,6.0,3.0,1.0,1.0,2.0,2.0,7.0,2.0,1.0,4.0,4.0,1.0,4.0,5.0,2.0,1.0,1.0,1.0,3.0,389.0,1.0,1.0,3.0,2.0,1.0,1.0,1.0,1.0,1.0,4.0,1.0,2.0,1.0,2.0,2.0,2.0,1.0,4.0,1.0,1.0,2.0,1.0,3.0,356.0,2.0,1.0,1.0,2.0,1.0,1.0,1.0,3.0,2.0,1.0,1.0,6.0,10.0,6.0,1.0,2.0,3.0,1.0,1.0,3.0,1.0,6.0,9.0,2.0,4.0,1.0,2.0,1.0,6.0,9.0,1.0,1.0,75.0,3.0,5.0,2.0,1.0,1.0,2.0,9.0,2.0,1.0,1.0,1.0,2.0,2.0,8.0,2.0,4.0,1.0,1.0,1.0,3.0,2.0,1.0,3.0,1.0,3.0,1.0,1.0,2.0,1.0,1.0,2.0,2.0,2.0,2.0,2.0,2.0,1.0,1.0,2.0,3.0,1.0,220.0,7.0,1.0,1.0,4.0,2.0,1.0,4.0,5.0,1.0,1.0,2.0,1.0,1.0,491.0,566.0,1.0,2.0,1.0,1.0,1.0,1.0,1.0,2.0,1.0,1.0,1.0,1.0,4.0,184.0,1.0,1.0,1.0,7.0,2.0,3.0,1.0,4.0,3.0,2.0,2.0,1.0,2.0,1.0,2.0,1.0,1.0,1.0,2.0,2.0,1.0,1.0,1.0,1.0,2.0,1.0,2.0,56.0,3.0,7.0,1.0,1.0,25.0,3.0,4.0,9.0,11.0,6.0,2.0,1.0,7.0,3.0,13.0,6.0,12.0,1.0,1.0,8.0,1.0
2024-02-16,1.0,1.0,1.0,1.0,2.0,1.0,2.0,1.0,1.0,2.0,2.0,1.0,1.0,2.0,1.0,1.0,1.0,2.0,1.0,1.0,1.0,1.0,1.0,6.0,1.0,3.0,3.0,1.0,4.0,1.0,1.0,2.0,2.0,3.0,1.0,1.0,2.0,1.0,1.0,2.0,3.0,1.0,2.0,3.0,2.0,1.0,1.0,1.0,1.0,1.0,2.0,2.0,1.0,1.0,1.0,1.0,1.0,4.0,1.0,4.0,2.0,3.0,6.0,1.0,1.0,1.0,2.0,2.0,2.0,2.0,1.0,1.0,3.0,2.0,1.0,2.0,1.0,5.0,1.0,1.0,1.0,63.0,1.0,2.0,3.0,1.0,4.0,5.0,2.0,1.0,1.0,1.0,1.0,1.0,1.0,1.0,1.0,2.0,1.0,1.0,1.0,2.0,1.0,4.0,1.0,2.0,5.0,2.0,1.0,3.0,2.0,1.0,1.0,1.0,2.0,3.0,2.0,1.0,3.0,1.0,1.0,1.0,1.0,1.0,1.0,1.0,2.0,1.0,1.0,1.0,1.0,1.0,2.0,2.0,2.0,1.0,1.0,2.0,1.0,2.0,1.0,2.0,1.0,1.0,2.0,1.0,1.0,2.0,2.0,3.0,2.0,1.0,1.0,1.0,1.0,1.0,1.0,1.0,1.0,2.0,4.0,3.0,1.0,5.0,2.0,3.0,1.0,1.0,4.0,1.0,1.0,3.0,2.0,3.0,2.0,1.0,2.0,1.0,3.0,5.0,4.0,2.0,2.0,1.0,1.0,1.0,1.0,1.0,1.0,1.0,3.0,2.0,1.0,1.0,1.0,2.0,1.0,1.0,1.0,1.0,1.0,1.0,1.0,1.0,1.0,1.0,1.0,1.0,333.0,8.0,4.0,1.0,1.0,1.0,1.0,8.0,3.0,6.0,1.0,1.0,7.0,1.0,4.0,3.0,1.0,2.0,1.0,9.0,1.0,1.0,1.0,3.0,1.0,4.0,8.0,7.0,3.0,1.0,1.0,3.0,1.0,2.0,1.0,2.0,1.0,1.0,1.0,1.0,1.0,1.0,1.0,1.0,1.0,2.0,1.0,1.0,1.0,1.0,2.0,186.0,1.0,2.0,1.0,1.0,1.0,1.0,2.0,4.0,1.0,4.0,3.0,1.0,2.0,1.0,5.0,4.0,3.0,1.0,5.0,1.0,1.0,2.0,1.0,2.0,1.0,1.0,4.0,2.0,1.0,3.0,3.0,4.0,1.0,1.0,1.0,1.0,2.0,3.0,1.0,1.0,2.0,1.0,419.0,7.0,1.0,1.0,2.0,1.0,1.0,1.0,1.0,1.0,1.0,1.0,2.0,1.0,3.0,7.0,1.0,1.0,1.0,2.0,3.0,2.0,2.0,1.0,1.0,1.0,2.0,2.0,1.0,1.0,1.0,2.0,1.0,1.0,1.0,3.0,4.0,1.0,1.0,1.0,1.0,1.0,1.0,7.0,3.0,1.0,3.0,2.0,1.0,3.0,1.0,2.0,2.0,1.0,2.0,3.0,5.0,4.0,1.0,1.0,1.0,1.0,1.0,1.0,1.0,3.0,1.0,1.0,2.0,2.0,6.0,2.0,3.0,1.0,2.0,1.0,2.0,1.0,1.0,2.0,1.0,1.0,2.0,3.0,1.0,2.0,1.0,1.0,1.0,1.0,1.0,1.0,2.0,2.0,1.0,2.0,1.0,1.0,1.0,1.0,3.0,5.0,4.0,2.0,1.0,3.0,1.0,3.0,1.0,6.0,1.0,2.0,1.0,3.0,1.0,1.0,7.0,1.0,2.0,1.0,389.0,1.0,1.0,2.0,2.0,1.0,2.0,1.0,3.0,1.0,3.0,1.0,2.0,1.0,2.0,1.0,3.0,1.0,3.0,1.0,2.0,3.0,1.0,3.0,310.0,2.0,1.0,2.0,1.0,2.0,1.0,1.0,2.0,1.0,2.0,1.0,464.0,465.0,7.0,3.0,1.0,1.0,1.0,1.0,1.0,1.0,2.0,6.0,2.0,4.0,3.0,5.0,1.0,5.0,3.0,2.0,1.0,415.0,1.0,2.0,1.0,2.0,4.0,3.0,7.0,5.0,1.0,1.0,1.0,1.0,1.0,1.0,2.0,3.0,1.0,1.0,1.0,3.0,2.0,1.0,4.0,1.0,2.0,1.0,1.0,2.0,1.0,3.0,3.0,2.0,1.0,1.0,1.0,2.0,1.0,1.0,1.0,6.0,2.0,492.0,1.0,424.0,1.0,5.0,7.0,1.0,3.0,7.0,1.0,1.0,1.0,1.0,1.0,490.0,566.0,1.0,1.0,1.0,1.0,1.0,1.0,2.0,2.0,1.0,1.0,1.0,1.0,7.0,180.0,1.0,1.0,1.0,4.0,2.0,3.0,1.0,3.0,2.0,4.0,6.0,1.0,2.0,1.0,1.0,1.0,1.0,1.0,1.0,2.0,1.0,2.0,1.0,2.0,3.0,1.0,2.0,17.0,1.0,2.0,2.0,1.0,21.0,3.0,4.0,8.0,10.0,4.0,2.0,1.0,5.0,3.0,8.0,2.0,11.0,1.0,2.0,6.0,1.0
2024-02-17,1.0,3.0,1.0,1.0,1.0,3.0,3.0,11.0,1.0,1.0,1.0,2.0,1.0,2.0,1.0,1.0,1.0,1.0,1.0,1.0,1.0,2.0,1.0,1.0,2.0,1.0,2.0,1.0,4.0,1.0,2.0,2.0,3.0,1.0,3.0,2.0,1.0,1.0,1.0,1.0,1.0,1.0,1.0,1.0,1.0,1.0,1.0,1.0,1.0,1.0,1.0,2.0,1.0,1.0,1.0,1.0,1.0,2.0,1.0,2.0,2.0,1.0,2.0,1.0,2.0,2.0,2.0,1.0,1.0,1.0,1.0,1.0,2.0,1.0,2.0,1.0,1.0,1.0,1.0,1.0,1.0,8.0,1.0,1.0,2.0,2.0,1.0,1.0,1.0,1.0,2.0,1.0,1.0,1.0,1.0,1.0,1.0,3.0,4.0,1.0,3.0,1.0,1.0,2.0,4.0,2.0,1.0,2.0,1.0,3.0,2.0,1.0,1.0,1.0,2.0,2.0,2.0,1.0,3.0,1.0,1.0,1.0,3.0,1.0,1.0,1.0,2.0,1.0,1.0,1.0,1.0,1.0,2.0,1.0,1.0,1.0,2.0,1.0,1.0,2.0,1.0,2.0,1.0,1.0,2.0,1.0,1.0,1.0,2.0,1.0,1.0,1.0,1.0,1.0,1.0,1.0,1.0,1.0,3.0,4.0,3.0,5.0,2.0,7.0,2.0,3.0,1.0,1.0,3.0,1.0,1.0,1.0,1.0,1.0,1.0,2.0,1.0,1.0,1.0,1.0,1.0,1.0,1.0,1.0,1.0,2.0,1.0,1.0,1.0,1.0,2.0,23.0,3.0,1.0,1.0,2.0,1.0,1.0,1.0,1.0,1.0,1.0,1.0,2.0,1.0,1.0,1.0,1.0,355.0,1.0,1.0,1.0,1.0,1.0,2.0,5.0,1.0,1.0,7.0,1.0,1.0,2.0,3.0,1.0,4.0,2.0,2.0,2.0,1.0,1.0,1.0,1.0,1.0,2.0,1.0,2.0,4.0,3.0,2.0,1.0,1.0,1.0,1.0,1.0,1.0,1.0,1.0,1.0,1.0,1.0,1.0,1.0,1.0,1.0,1.0,1.0,1.0,3.0,1.0,186.0,1.0,5.0,2.0,3.0,2.0,3.0,2.0,2.0,1.0,6.0,6.0,3.0,1.0,1.0,1.0,1.0,1.0,1.0,1.0,2.0,1.0,1.0,1.0,2.0,1.0,1.0,3.0,2.0,1.0,3.0,1.0,4.0,2.0,1.0,1.0,2.0,1.0,4.0,1.0,1.0,1.0,1.0,419.0,1.0,1.0,1.0,1.0,1.0,1.0,1.0,2.0,1.0,1.0,2.0,1.0,3.0,2.0,1.0,1.0,1.0,2.0,1.0,1.0,2.0,1.0,1.0,1.0,1.0,2.0,1.0,1.0,1.0,2.0,1.0,2.0,3.0,1.0,3.0,2.0,1.0,1.0,2.0,1.0,1.0,2.0,1.0,3.0,3.0,1.0,1.0,3.0,5.0,1.0,2.0,1.0,1.0,2.0,3.0,5.0,5.0,1.0,1.0,1.0,2.0,1.0,1.0,1.0,2.0,1.0,1.0,1.0,3.0,4.0,1.0,1.0,3.0,1.0,1.0,1.0,1.0,2.0,1.0,1.0,1.0,2.0,1.0,2.0,1.0,1.0,1.0,1.0,1.0,20.0,6.0,42.0,10.0,13.0,3.0,3.0,1.0,1.0,1.0,1.0,2.0,4.0,1.0,8.0,10.0,13.0,2.0,1.0,2.0,2.0,1.0,1.0,1.0,1.0,4.0,1.0,1.0,1.0,6.0,389.0,1.0,1.0,4.0,1.0,1.0,1.0,2.0,3.0,1.0,2.0,1.0,1.0,9.0,1.0,7.0,1.0,7.0,1.0,1.0,11.0,6.0,14.0,7.0,60.0,18.0,7.0,11.0,13.0,3.0,10.0,1.0,2.0,1.0,3.0,1.0,1.0,541.0,1.0,3.0,6.0,1.0,1.0,1.0,2.0,9.0,3.0,1.0,2.0,1.0,1.0,4.0,1.0,2.0,1.0,2.0,1.0,415.0,1.0,41.0,2.0,6.0,1.0,2.0,2.0,1.0,1.0,1.0,1.0,2.0,1.0,3.0,1.0,1.0,1.0,1.0,1.0,2.0,3.0,1.0,2.0,5.0,2.0,17.0,4.0,25.0,53.0,38.0,41.0,46.0,36.0,59.0,54.0,197.0,5.0,47.0,52.0,82.0,148.0,492.0,4.0,5.0,1.0,4.0,4.0,2.0,2.0,1.0,2.0,2.0,1.0,2.0,204.0,463.0,566.0,46.0,9.0,20.0,2.0,2.0,1.0,3.0,40.0,70.0,103.0,6.0,5.0,2.0,204.0,6.0,12.0,7.0,2.0,2.0,1.0,1.0,3.0,2.0,2.0,2.0,1.0,2.0,1.0,1.0,42.0,3.0,5.0,6.0,4.0,3.0,1.0,10.0,5.0,25.0,1.0,2.0,44.0,6.0,2.0,21.0,16.0,61.0,3.0,4.0,17.0,11.0,6.0,2.0,1.0,9.0,9.0,24.0,27.0,26.0,12.0,3.0,10.0,1.0
2024-02-18,1.0,1.0,1.0,1.0,1.0,2.0,1.0,1.0,1.0,1.0,1.0,2.0,1.0,1.0,1.0,1.0,1.0,1.0,2.0,1.0,1.0,2.0,1.0,1.0,2.0,1.0,1.0,1.0,1.0,1.0,3.0,3.0,2.0,1.0,1.0,1.0,1.0,1.0,1.0,2.0,1.0,1.0,1.0,1.0,1.0,1.0,1.0,1.0,1.0,1.0,2.0,1.0,2.0,1.0,1.0,1.0,1.0,1.0,1.0,1.0,2.0,1.0,1.0,1.0,2.0,3.0,1.0,1.0,1.0,1.0,1.0,1.0,1.0,1.0,1.0,1.0,2.0,1.0,1.0,1.0,1.0,3.0,1.0,1.0,3.0,1.0,1.0,1.0,1.0,1.0,1.0,1.0,1.0,1.0,1.0,2.0,2.0,2.0,4.0,1.0,1.0,1.0,2.0,2.0,1.0,4.0,1.0,1.0,1.0,3.0,2.0,1.0,1.0,1.0,1.0,2.0,1.0,1.0,1.0,1.0,1.0,1.0,5.0,1.0,1.0,2.0,1.0,1.0,1.0,1.0,1.0,2.0,1.0,1.0,2.0,1.0,1.0,1.0,3.0,1.0,1.0,1.0,2.0,1.0,2.0,1.0,1.0,1.0,1.0,1.0,1.0,1.0,1.0,1.0,1.0,1.0,1.0,1.0,1.0,1.0,1.0,2.0,4.0,2.0,1.0,1.0,1.0,1.0,1.0,1.0,1.0,1.0,1.0,1.0,1.0,1.0,1.0,1.0,1.0,1.0,1.0,1.0,2.0,1.0,1.0,147.0,2.0,1.0,1.0,1.0,1.0,2.0,3.0,1.0,1.0,2.0,1.0,1.0,1.0,2.0,1.0,1.0,1.0,1.0,1.0,1.0,1.0,1.0,347.0,1.0,3.0,1.0,1.0,1.0,1.0,1.0,1.0,2.0,1.0,2.0,1.0,4.0,1.0,3.0,1.0,2.0,2.0,1.0,2.0,1.0,1.0,2.0,1.0,2.0,1.0,2.0,2.0,3.0,2.0,1.0,4.0,1.0,2.0,1.0,1.0,1.0,1.0,1.0,1.0,1.0,1.0,3.0,1.0,1.0,1.0,1.0,1.0,2.0,1.0,186.0,13.0,1.0,1.0,2.0,2.0,1.0,1.0,2.0,3.0,3.0,2.0,1.0,3.0,1.0,4.0,2.0,4.0,1.0,1.0,1.0,1.0,1.0,1.0,1.0,2.0,1.0,4.0,2.0,1.0,1.0,5.0,5.0,2.0,1.0,1.0,2.0,1.0,2.0,1.0,1.0,1.0,1.0,419.0,5.0,1.0,1.0,1.0,9.0,2.0,2.0,5.0,2.0,1.0,2.0,1.0,2.0,1.0,2.0,1.0,1.0,2.0,1.0,1.0,1.0,2.0,1.0,1.0,1.0,1.0,2.0,1.0,1.0,4.0,1.0,2.0,1.0,1.0,5.0,3.0,1.0,1.0,2.0,1.0,1.0,3.0,6.0,4.0,1.0,4.0,2.0,2.0,5.0,1.0,2.0,2.0,1.0,3.0,2.0,5.0,4.0,3.0,1.0,1.0,1.0,1.0,1.0,1.0,1.0,2.0,1.0,2.0,2.0,5.0,1.0,2.0,1.0,1.0,3.0,1.0,1.0,1.0,1.0,2.0,2.0,3.0,1.0,2.0,1.0,1.0,1.0,1.0,1.0,1.0,1.0,1.0,1.0,1.0,7.0,2.0,1.0,1.0,1.0,1.0,1.0,1.0,3.0,1.0,1.0,4.0,3.0,2.0,1.0,1.0,1.0,1.0,1.0,1.0,2.0,6.0,1.0,2.0,1.0,389.0,1.0,1.0,2.0,1.0,1.0,1.0,1.0,5.0,1.0,1.0,4.0,2.0,1.0,1.0,1.0,1.0,1.0,3.0,1.0,2.0,1.0,1.0,1.0,192.0,2.0,2.0,2.0,1.0,3.0,1.0,1.0,2.0,1.0,1.0,3.0,5.0,541.0,7.0,5.0,1.0,1.0,1.0,1.0,20.0,8.0,2.0,4.0,1.0,1.0,1.0,1.0,1.0,2.0,2.0,3.0,1.0,415.0,1.0,3.0,1.0,6.0,1.0,1.0,1.0,4.0,1.0,1.0,1.0,1.0,1.0,1.0,1.0,1.0,2.0,1.0,1.0,1.0,1.0,2.0,1.0,1.0,1.0,1.0,1.0,1.0,2.0,2.0,1.0,1.0,1.0,1.0,1.0,1.0,1.0,1.0,9.0,2.0,1.0,492.0,1.0,1.0,2.0,1.0,2.0,3.0,1.0,2.0,1.0,1.0,1.0,1.0,1.0,413.0,566.0,5.0,1.0,1.0,1.0,1.0,1.0,1.0,1.0,1.0,1.0,28.0,7.0,1.0,214.0,1.0,2.0,5.0,2.0,4.0,1.0,1.0,4.0,2.0,1.0,2.0,1.0,2.0,1.0,1.0,1.0,1.0,1.0,2.0,1.0,1.0,8.0,1.0,1.0,2.0,1.0,1.0,19.0,14.0,12.0,48.0,44.0,62.0,3.0,4.0,10.0,11.0,8.0,2.0,1.0,5.0,6.0,25.0,36.0,45.0,1.0,1.0,47.0,14.0
2024-02-19,1.0,1.0,1.0,1.0,1.0,1.0,2.0,1.0,1.0,1.0,1.0,2.0,1.0,1.0,1.0,1.0,1.0,1.0,1.0,1.0,2.0,1.0,2.0,1.0,2.0,1.0,2.0,1.0,2.0,1.0,1.0,2.0,3.0,1.0,1.0,1.0,1.0,1.0,1.0,1.0,1.0,1.0,1.0,1.0,1.0,1.0,1.0,1.0,1.0,1.0,1.0,1.0,1.0,1.0,1.0,1.0,1.0,1.0,1.0,5.0,2.0,1.0,2.0,1.0,1.0,2.0,1.0,4.0,1.0,1.0,1.0,1.0,1.0,1.0,1.0,1.0,1.0,2.0,1.0,1.0,1.0,1.0,1.0,2.0,2.0,3.0,1.0,3.0,3.0,1.0,3.0,1.0,1.0,1.0,1.0,1.0,1.0,4.0,2.0,1.0,1.0,1.0,1.0,1.0,2.0,2.0,2.0,2.0,1.0,2.0,2.0,1.0,1.0,1.0,1.0,1.0,2.0,1.0,2.0,1.0,1.0,1.0,1.0,1.0,1.0,1.0,1.0,1.0,1.0,1.0,1.0,1.0,2.0,1.0,1.0,1.0,1.0,2.0,1.0,1.0,1.0,2.0,1.0,1.0,2.0,1.0,1.0,1.0,1.0,1.0,1.0,1.0,1.0,1.0,1.0,1.0,2.0,1.0,1.0,1.0,2.0,2.0,2.0,1.0,1.0,1.0,1.0,1.0,493.0,1.0,1.0,1.0,1.0,1.0,1.0,1.0,2.0,1.0,1.0,1.0,1.0,1.0,1.0,1.0,1.0,591.0,1.0,1.0,1.0,1.0,1.0,2.0,1.0,2.0,1.0,2.0,1.0,2.0,1.0,1.0,1.0,1.0,2.0,1.0,1.0,1.0,1.0,1.0,318.0,1.0,1.0,1.0,1.0,1.0,1.0,2.0,1.0,1.0,1.0,1.0,1.0,2.0,3.0,2.0,2.0,1.0,1.0,1.0,1.0,1.0,1.0,3.0,1.0,1.0,1.0,2.0,2.0,1.0,2.0,3.0,1.0,1.0,1.0,1.0,4.0,1.0,1.0,1.0,1.0,1.0,1.0,1.0,1.0,1.0,1.0,1.0,1.0,1.0,2.0,186.0,1.0,4.0,4.0,2.0,3.0,1.0,1.0,2.0,1.0,2.0,2.0,1.0,1.0,2.0,3.0,2.0,1.0,2.0,1.0,2.0,1.0,1.0,1.0,1.0,1.0,1.0,3.0,4.0,1.0,1.0,4.0,3.0,1.0,2.0,5.0,2.0,1.0,2.0,3.0,2.0,2.0,1.0,419.0,1.0,1.0,2.0,1.0,1.0,1.0,2.0,2.0,1.0,2.0,2.0,1.0,3.0,1.0,1.0,1.0,1.0,1.0,1.0,1.0,1.0,1.0,1.0,1.0,1.0,2.0,2.0,1.0,2.0,1.0,2.0,1.0,3.0,1.0,5.0,1.0,1.0,1.0,2.0,2.0,1.0,5.0,9.0,5.0,3.0,2.0,1.0,2.0,3.0,1.0,2.0,2.0,1.0,2.0,3.0,4.0,3.0,1.0,2.0,1.0,6.0,4.0,3.0,1.0,3.0,1.0,2.0,1.0,2.0,5.0,2.0,2.0,2.0,1.0,1.0,1.0,3.0,3.0,1.0,1.0,1.0,1.0,1.0,1.0,1.0,1.0,1.0,1.0,1.0,2.0,2.0,2.0,1.0,1.0,2.0,1.0,134.0,1.0,1.0,1.0,1.0,1.0,2.0,1.0,3.0,1.0,2.0,1.0,1.0,1.0,1.0,1.0,2.0,2.0,3.0,1.0,1.0,1.0,1.0,389.0,1.0,1.0,2.0,2.0,1.0,1.0,1.0,3.0,1.0,3.0,1.0,1.0,1.0,1.0,87.0,1.0,1.0,2.0,1.0,1.0,1.0,1.0,2.0,277.0,1.0,1.0,3.0,2.0,1.0,1.0,1.0,1.0,1.0,1.0,2.0,3.0,541.0,5.0,4.0,4.0,2.0,1.0,1.0,1.0,1.0,3.0,2.0,1.0,1.0,1.0,2.0,1.0,1.0,1.0,2.0,1.0,415.0,1.0,1.0,3.0,1.0,1.0,2.0,1.0,2.0,1.0,1.0,1.0,1.0,1.0,1.0,1.0,1.0,1.0,1.0,1.0,1.0,2.0,1.0,1.0,1.0,2.0,1.0,1.0,2.0,1.0,3.0,3.0,1.0,1.0,2.0,1.0,1.0,1.0,1.0,3.0,2.0,6.0,492.0,1.0,6.0,9.0,6.0,4.0,2.0,1.0,1.0,2.0,1.0,1.0,2.0,370.0,494.0,566.0,1.0,1.0,1.0,1.0,1.0,2.0,1.0,1.0,1.0,130.0,1.0,1.0,1.0,179.0,1.0,1.0,1.0,3.0,1.0,2.0,1.0,3.0,2.0,1.0,1.0,1.0,2.0,1.0,1.0,1.0,1.0,1.0,2.0,1.0,1.0,1.0,1.0,1.0,1.0,1.0,2.0,1.0,1.0,2.0,2.0,1.0,2.0,1.0,2.0,5.0,5.0,1.0,3.0,2.0,5.0,4.0,1.0,1.0,1.0,1.0,1.0,1.0,1.0
2024-02-20,1.0,1.0,1.0,1.0,1.0,1.0,1.0,1.0,1.0,1.0,1.0,2.0,1.0,2.0,1.0,1.0,1.0,1.0,1.0,1.0,1.0,1.0,1.0,1.0,1.0,1.0,1.0,1.0,2.0,1.0,1.0,1.0,2.0,1.0,1.0,1.0,1.0,1.0,1.0,1.0,2.0,1.0,1.0,2.0,1.0,1.0,1.0,1.0,1.0,1.0,1.0,1.0,1.0,1.0,1.0,1.0,1.0,1.0,1.0,1.0,1.0,1.0,3.0,8.0,1.0,1.0,1.0,1.0,1.0,1.0,1.0,1.0,1.0,1.0,2.0,1.0,1.0,2.0,1.0,1.0,1.0,1.0,1.0,2.0,1.0,3.0,1.0,1.0,1.0,1.0,3.0,1.0,1.0,1.0,1.0,1.0,1.0,3.0,1.0,1.0,3.0,1.0,1.0,1.0,3.0,2.0,2.0,1.0,1.0,3.0,6.0,5.0,1.0,1.0,1.0,1.0,1.0,1.0,2.0,1.0,1.0,1.0,1.0,1.0,1.0,1.0,1.0,1.0,1.0,1.0,1.0,1.0,1.0,1.0,2.0,1.0,1.0,2.0,1.0,1.0,1.0,1.0,1.0,1.0,2.0,1.0,1.0,1.0,1.0,1.0,1.0,1.0,1.0,1.0,1.0,1.0,1.0,1.0,2.0,1.0,1.0,1.0,1.0,1.0,1.0,1.0,1.0,1.0,582.0,1.0,1.0,1.0,1.0,1.0,1.0,1.0,1.0,1.0,2.0,1.0,1.0,1.0,1.0,1.0,1.0,591.0,1.0,1.0,1.0,1.0,1.0,2.0,1.0,1.0,1.0,2.0,1.0,1.0,1.0,1.0,1.0,1.0,1.0,2.0,1.0,1.0,1.0,1.0,334.0,1.0,1.0,1.0,1.0,1.0,1.0,1.0,1.0,1.0,1.0,1.0,1.0,1.0,1.0,3.0,1.0,1.0,1.0,1.0,1.0,1.0,1.0,1.0,1.0,1.0,1.0,2.0,1.0,2.0,1.0,4.0,1.0,1.0,1.0,1.0,1.0,1.0,1.0,1.0,1.0,1.0,1.0,2.0,1.0,1.0,1.0,1.0,1.0,1.0,2.0,186.0,1.0,1.0,1.0,2.0,1.0,1.0,1.0,1.0,1.0,1.0,4.0,1.0,3.0,1.0,4.0,3.0,1.0,2.0,3.0,1.0,1.0,1.0,1.0,1.0,1.0,1.0,2.0,3.0,1.0,2.0,1.0,3.0,1.0,1.0,1.0,2.0,1.0,2.0,6.0,2.0,3.0,1.0,419.0,1.0,2.0,1.0,1.0,1.0,1.0,1.0,2.0,1.0,1.0,1.0,1.0,1.0,1.0,1.0,1.0,1.0,1.0,1.0,1.0,1.0,1.0,1.0,1.0,1.0,2.0,3.0,1.0,1.0,2.0,1.0,2.0,1.0,3.0,5.0,1.0,1.0,1.0,2.0,1.0,1.0,7.0,3.0,3.0,4.0,2.0,1.0,2.0,1.0,1.0,2.0,7.0,1.0,5.0,1.0,4.0,1.0,1.0,2.0,1.0,4.0,1.0,1.0,1.0,1.0,1.0,1.0,1.0,1.0,3.0,1.0,4.0,6.0,1.0,1.0,1.0,1.0,1.0,1.0,1.0,1.0,1.0,1.0,1.0,1.0,1.0,1.0,1.0,1.0,2.0,1.0,1.0,1.0,1.0,2.0,1.0,151.0,1.0,1.0,1.0,1.0,1.0,2.0,1.0,3.0,1.0,1.0,1.0,1.0,1.0,2.0,1.0,1.0,1.0,1.0,1.0,1.0,1.0,1.0,389.0,1.0,1.0,1.0,1.0,2.0,2.0,1.0,2.0,1.0,2.0,1.0,1.0,1.0,1.0,39.0,1.0,1.0,2.0,1.0,2.0,1.0,1.0,2.0,136.0,1.0,2.0,2.0,1.0,1.0,1.0,1.0,1.0,1.0,1.0,1.0,1.0,541.0,5.0,3.0,1.0,2.0,1.0,1.0,1.0,1.0,2.0,2.0,1.0,1.0,1.0,2.0,1.0,4.0,2.0,2.0,1.0,415.0,1.0,1.0,1.0,4.0,1.0,3.0,1.0,1.0,1.0,1.0,1.0,1.0,1.0,1.0,1.0,2.0,2.0,1.0,1.0,1.0,2.0,1.0,1.0,1.0,1.0,1.0,1.0,2.0,1.0,1.0,1.0,1.0,1.0,1.0,1.0,1.0,1.0,1.0,2.0,2.0,4.0,492.0,1.0,1.0,2.0,2.0,1.0,1.0,1.0,3.0,1.0,1.0,1.0,4.0,1.0,506.0,566.0,1.0,1.0,1.0,1.0,1.0,1.0,1.0,1.0,1.0,1.0,1.0,1.0,1.0,183.0,1.0,1.0,1.0,1.0,1.0,1.0,1.0,1.0,4.0,1.0,1.0,1.0,2.0,2.0,1.0,1.0,1.0,1.0,2.0,2.0,1.0,1.0,1.0,1.0,1.0,1.0,2.0,1.0,1.0,2.0,1.0,1.0,1.0,1.0,3.0,2.0,3.0,1.0,2.0,1.0,1.0,1.0,1.0,1.0,1.0,1.0,1.0,1.0,1.0
2024-02-21,1.0,1.0,1.0,1.0,1.0,3.0,1.0,1.0,1.0,1.0,1.0,2.0,1.0,1.0,1.0,1.0,1.0,1.0,1.0,1.0,1.0,1.0,1.0,1.0,1.0,1.0,2.0,1.0,1.0,1.0,1.0,1.0,3.0,1.0,1.0,1.0,2.0,1.0,1.0,1.0,1.0,1.0,1.0,7.0,1.0,1.0,1.0,1.0,1.0,1.0,1.0,1.0,1.0,1.0,1.0,1.0,1.0,1.0,1.0,1.0,1.0,1.0,1.0,2.0,1.0,2.0,2.0,2.0,1.0,1.0,1.0,1.0,1.0,1.0,2.0,1.0,1.0,1.0,1.0,1.0,1.0,1.0,1.0,1.0,1.0,1.0,1.0,1.0,1.0,1.0,1.0,1.0,1.0,1.0,1.0,1.0,1.0,4.0,3.0,1.0,1.0,1.0,1.0,1.0,3.0,2.0,1.0,2.0,1.0,3.0,2.0,1.0,1.0,1.0,1.0,1.0,2.0,1.0,2.0,1.0,1.0,1.0,1.0,1.0,1.0,1.0,1.0,1.0,1.0,1.0,1.0,1.0,1.0,1.0,2.0,1.0,1.0,1.0,1.0,1.0,1.0,1.0,1.0,1.0,2.0,1.0,1.0,1.0,1.0,1.0,1.0,1.0,1.0,2.0,1.0,1.0,1.0,1.0,2.0,1.0,1.0,1.0,1.0,1.0,1.0,1.0,1.0,1.0,26.0,1.0,1.0,1.0,1.0,1.0,1.0,1.0,1.0,1.0,2.0,1.0,1.0,1.0,1.0,1.0,1.0,23.0,1.0,1.0,1.0,1.0,1.0,2.0,1.0,1.0,1.0,2.0,1.0,1.0,1.0,1.0,1.0,1.0,1.0,1.0,1.0,1.0,1.0,1.0,322.0,1.0,2.0,1.0,1.0,1.0,1.0,1.0,1.0,2.0,1.0,1.0,1.0,2.0,1.0,3.0,1.0,1.0,2.0,1.0,1.0,1.0,1.0,1.0,1.0,1.0,1.0,1.0,1.0,2.0,1.0,1.0,1.0,1.0,1.0,1.0,1.0,1.0,1.0,1.0,1.0,1.0,1.0,1.0,1.0,1.0,1.0,1.0,1.0,1.0,1.0,186.0,1.0,1.0,2.0,1.0,1.0,1.0,2.0,2.0,1.0,2.0,5.0,2.0,1.0,2.0,4.0,2.0,1.0,1.0,3.0,1.0,2.0,1.0,1.0,1.0,1.0,1.0,3.0,3.0,1.0,2.0,1.0,3.0,2.0,1.0,1.0,1.0,2.0,2.0,3.0,1.0,1.0,1.0,419.0,1.0,2.0,2.0,1.0,1.0,1.0,1.0,1.0,1.0,1.0,1.0,1.0,2.0,1.0,1.0,1.0,1.0,2.0,1.0,1.0,1.0,1.0,1.0,1.0,1.0,2.0,2.0,1.0,1.0,1.0,1.0,2.0,3.0,1.0,2.0,1.0,1.0,1.0,1.0,1.0,1.0,1.0,1.0,2.0,2.0,1.0,4.0,8.0,5.0,2.0,1.0,1.0,1.0,4.0,1.0,2.0,5.0,3.0,2.0,1.0,3.0,1.0,4.0,1.0,2.0,2.0,1.0,1.0,2.0,3.0,2.0,3.0,2.0,1.0,1.0,1.0,111.0,1.0,1.0,1.0,1.0,1.0,1.0,1.0,1.0,1.0,1.0,1.0,1.0,1.0,1.0,1.0,1.0,1.0,1.0,1.0,119.0,1.0,1.0,2.0,1.0,1.0,1.0,1.0,1.0,1.0,1.0,2.0,1.0,1.0,1.0,2.0,1.0,1.0,1.0,3.0,1.0,1.0,1.0,73.0,1.0,1.0,1.0,1.0,1.0,2.0,1.0,1.0,1.0,2.0,1.0,59.0,1.0,1.0,1.0,1.0,1.0,6.0,1.0,2.0,1.0,1.0,1.0,292.0,1.0,1.0,2.0,1.0,1.0,1.0,1.0,2.0,3.0,2.0,1.0,1.0,189.0,2.0,3.0,2.0,1.0,1.0,2.0,1.0,1.0,3.0,2.0,1.0,1.0,1.0,1.0,1.0,1.0,1.0,1.0,1.0,254.0,1.0,1.0,1.0,3.0,1.0,3.0,2.0,1.0,1.0,1.0,1.0,2.0,1.0,52.0,1.0,1.0,2.0,1.0,1.0,1.0,2.0,1.0,1.0,1.0,1.0,1.0,1.0,2.0,1.0,1.0,1.0,1.0,1.0,1.0,1.0,1.0,1.0,1.0,1.0,1.0,1.0,208.0,4.0,1.0,1.0,2.0,1.0,1.0,1.0,5.0,1.0,1.0,1.0,1.0,203.0,489.0,566.0,1.0,1.0,1.0,1.0,1.0,1.0,1.0,13.0,1.0,1.0,1.0,1.0,1.0,170.0,1.0,1.0,1.0,124.0,1.0,1.0,1.0,14.0,3.0,1.0,1.0,1.0,2.0,1.0,1.0,1.0,1.0,1.0,2.0,1.0,1.0,1.0,1.0,1.0,1.0,1.0,2.0,1.0,1.0,2.0,1.0,1.0,1.0,3.0,2.0,1.0,1.0,3.0,2.0,1.0,1.0,2.0,1.0,1.0,1.0,1.0,1.0,1.0,1.0
2024-02-22,1.0,1.0,1.0,1.0,1.0,1.0,1.0,1.0,1.0,1.0,1.0,2.0,1.0,1.0,1.0,1.0,1.0,1.0,1.0,2.0,2.0,1.0,1.0,1.0,1.0,1.0,2.0,1.0,1.0,1.0,2.0,1.0,3.0,2.0,1.0,1.0,1.0,1.0,1.0,1.0,1.0,1.0,1.0,2.0,1.0,1.0,1.0,1.0,1.0,1.0,1.0,1.0,1.0,1.0,1.0,1.0,1.0,1.0,1.0,1.0,1.0,1.0,1.0,2.0,1.0,3.0,3.0,2.0,1.0,1.0,1.0,1.0,1.0,1.0,2.0,1.0,1.0,2.0,1.0,1.0,1.0,1.0,1.0,1.0,2.0,3.0,1.0,1.0,1.0,1.0,3.0,1.0,2.0,2.0,1.0,1.0,1.0,3.0,2.0,2.0,1.0,1.0,1.0,4.0,3.0,2.0,2.0,2.0,1.0,1.0,2.0,1.0,1.0,1.0,1.0,1.0,1.0,1.0,1.0,1.0,1.0,1.0,1.0,1.0,1.0,2.0,1.0,1.0,1.0,1.0,1.0,1.0,1.0,1.0,1.0,1.0,1.0,1.0,1.0,1.0,1.0,1.0,1.0,3.0,1.0,1.0,1.0,1.0,1.0,1.0,1.0,1.0,1.0,1.0,1.0,1.0,1.0,1.0,1.0,2.0,1.0,2.0,1.0,1.0,1.0,1.0,1.0,1.0,1.0,1.0,1.0,1.0,1.0,1.0,1.0,1.0,1.0,1.0,1.0,1.0,1.0,1.0,1.0,1.0,1.0,1.0,1.0,1.0,1.0,1.0,1.0,2.0,1.0,1.0,1.0,2.0,1.0,1.0,1.0,1.0,1.0,1.0,1.0,1.0,1.0,1.0,1.0,1.0,249.0,1.0,1.0,1.0,1.0,1.0,1.0,1.0,1.0,1.0,1.0,1.0,1.0,1.0,2.0,1.0,1.0,1.0,1.0,1.0,1.0,1.0,1.0,1.0,1.0,1.0,1.0,1.0,1.0,1.0,1.0,1.0,1.0,1.0,1.0,1.0,1.0,1.0,1.0,1.0,1.0,1.0,1.0,1.0,1.0,1.0,1.0,1.0,1.0,1.0,1.0,186.0,1.0,1.0,1.0,1.0,1.0,1.0,2.0,3.0,1.0,2.0,4.0,1.0,1.0,1.0,1.0,3.0,1.0,2.0,1.0,1.0,1.0,1.0,1.0,1.0,1.0,1.0,3.0,2.0,1.0,3.0,1.0,2.0,2.0,1.0,1.0,2.0,1.0,2.0,2.0,4.0,1.0,1.0,419.0,1.0,1.0,2.0,1.0,1.0,1.0,1.0,2.0,1.0,1.0,2.0,1.0,1.0,2.0,1.0,1.0,1.0,2.0,1.0,1.0,1.0,1.0,1.0,1.0,1.0,1.0,2.0,1.0,2.0,1.0,1.0,2.0,1.0,1.0,4.0,1.0,1.0,1.0,2.0,1.0,1.0,6.0,1.0,4.0,1.0,5.0,4.0,1.0,1.0,1.0,1.0,2.0,1.0,2.0,2.0,3.0,2.0,1.0,1.0,1.0,2.0,1.0,1.0,1.0,1.0,1.0,2.0,1.0,1.0,5.0,5.0,3.0,1.0,1.0,1.0,1.0,1.0,1.0,1.0,1.0,1.0,1.0,1.0,1.0,1.0,1.0,1.0,1.0,1.0,2.0,2.0,1.0,1.0,1.0,2.0,1.0,2.0,1.0,140.0,1.0,1.0,1.0,2.0,1.0,1.0,1.0,1.0,1.0,1.0,1.0,2.0,1.0,1.0,1.0,1.0,1.0,3.0,4.0,1.0,57.0,1.0,1.0,1.0,1.0,1.0,1.0,1.0,1.0,1.0,2.0,1.0,2.0,1.0,2.0,1.0,1.0,1.0,1.0,1.0,1.0,1.0,1.0,1.0,139.0,1.0,1.0,2.0,1.0,1.0,1.0,1.0,1.0,1.0,1.0,2.0,1.0,1.0,3.0,1.0,1.0,2.0,1.0,1.0,1.0,1.0,3.0,2.0,1.0,4.0,1.0,2.0,1.0,2.0,1.0,2.0,1.0,1.0,1.0,1.0,1.0,1.0,1.0,1.0,1.0,1.0,1.0,1.0,1.0,1.0,1.0,1.0,1.0,1.0,1.0,1.0,1.0,1.0,1.0,1.0,1.0,1.0,1.0,1.0,1.0,2.0,1.0,1.0,1.0,1.0,1.0,1.0,1.0,1.0,1.0,1.0,1.0,1.0,2.0,351.0,1.0,1.0,1.0,1.0,1.0,1.0,2.0,3.0,1.0,2.0,1.0,1.0,1.0,494.0,566.0,1.0,1.0,1.0,1.0,1.0,1.0,1.0,1.0,1.0,540.0,1.0,1.0,1.0,172.0,1.0,1.0,1.0,11.0,1.0,3.0,1.0,3.0,3.0,1.0,1.0,1.0,2.0,1.0,1.0,1.0,2.0,1.0,1.0,2.0,1.0,1.0,1.0,1.0,1.0,1.0,1.0,1.0,1.0,2.0,1.0,1.0,1.0,2.0,3.0,1.0,1.0,1.0,3.0,2.0,1.0,2.0,1.0,1.0,1.0,1.0,1.0,1.0,1.0
2024-02-23,1.0,1.0,1.0,1.0,1.0,2.0,1.0,1.0,1.0,1.0,2.0,1.0,1.0,1.0,1.0,1.0,1.0,1.0,1.0,1.0,1.0,1.0,1.0,1.0,1.0,1.0,2.0,1.0,1.0,1.0,2.0,1.0,1.0,1.0,1.0,1.0,1.0,1.0,1.0,1.0,1.0,1.0,1.0,1.0,1.0,1.0,1.0,1.0,1.0,1.0,1.0,2.0,1.0,1.0,1.0,1.0,1.0,1.0,1.0,1.0,1.0,1.0,1.0,1.0,1.0,1.0,2.0,1.0,1.0,1.0,1.0,1.0,1.0,1.0,2.0,2.0,1.0,1.0,1.0,1.0,1.0,28.0,1.0,1.0,2.0,3.0,1.0,1.0,1.0,1.0,2.0,1.0,1.0,1.0,1.0,1.0,1.0,3.0,1.0,4.0,1.0,1.0,2.0,1.0,4.0,2.0,1.0,2.0,1.0,2.0,1.0,1.0,1.0,1.0,1.0,1.0,3.0,1.0,1.0,1.0,1.0,1.0,1.0,1.0,1.0,1.0,1.0,1.0,1.0,1.0,1.0,1.0,1.0,1.0,1.0,2.0,1.0,2.0,1.0,1.0,1.0,1.0,1.0,1.0,1.0,1.0,1.0,1.0,1.0,1.0,1.0,1.0,1.0,1.0,1.0,1.0,1.0,1.0,1.0,1.0,2.0,2.0,1.0,1.0,1.0,1.0,2.0,1.0,1.0,1.0,1.0,1.0,1.0,1.0,1.0,1.0,1.0,1.0,1.0,1.0,1.0,1.0,1.0,1.0,1.0,1.0,2.0,1.0,1.0,1.0,2.0,1.0,1.0,1.0,1.0,2.0,1.0,1.0,1.0,1.0,1.0,1.0,1.0,2.0,1.0,1.0,1.0,1.0,249.0,1.0,1.0,1.0,1.0,1.0,3.0,1.0,1.0,1.0,1.0,1.0,1.0,1.0,1.0,1.0,1.0,1.0,1.0,1.0,1.0,1.0,1.0,1.0,1.0,1.0,2.0,1.0,2.0,1.0,1.0,1.0,1.0,1.0,1.0,1.0,1.0,1.0,1.0,1.0,1.0,1.0,1.0,1.0,1.0,1.0,1.0,1.0,1.0,1.0,1.0,186.0,1.0,2.0,1.0,6.0,1.0,1.0,2.0,3.0,2.0,2.0,1.0,1.0,1.0,3.0,1.0,2.0,2.0,3.0,1.0,2.0,1.0,1.0,1.0,1.0,1.0,1.0,4.0,2.0,1.0,2.0,2.0,2.0,1.0,1.0,2.0,2.0,2.0,1.0,1.0,2.0,3.0,1.0,419.0,1.0,1.0,1.0,2.0,1.0,1.0,1.0,2.0,1.0,1.0,1.0,1.0,1.0,1.0,1.0,1.0,1.0,1.0,1.0,1.0,1.0,1.0,1.0,1.0,1.0,1.0,1.0,1.0,1.0,2.0,1.0,2.0,3.0,1.0,1.0,1.0,1.0,2.0,2.0,1.0,1.0,2.0,8.0,5.0,1.0,2.0,4.0,1.0,2.0,2.0,1.0,3.0,1.0,2.0,3.0,4.0,4.0,5.0,2.0,1.0,1.0,1.0,1.0,1.0,2.0,2.0,3.0,1.0,1.0,4.0,3.0,2.0,1.0,1.0,1.0,1.0,1.0,2.0,1.0,1.0,1.0,2.0,1.0,1.0,2.0,1.0,1.0,1.0,1.0,1.0,3.0,1.0,1.0,1.0,1.0,1.0,1.0,1.0,88.0,1.0,1.0,1.0,2.0,1.0,1.0,1.0,2.0,1.0,1.0,1.0,2.0,1.0,1.0,1.0,1.0,12.0,3.0,2.0,1.0,414.0,1.0,1.0,1.0,2.0,1.0,1.0,1.0,1.0,1.0,1.0,2.0,1.0,1.0,2.0,1.0,1.0,1.0,1.0,1.0,2.0,1.0,1.0,2.0,273.0,1.0,2.0,2.0,1.0,1.0,1.0,1.0,1.0,1.0,1.0,2.0,1.0,5.0,2.0,3.0,1.0,2.0,1.0,1.0,1.0,1.0,3.0,2.0,1.0,1.0,1.0,1.0,1.0,2.0,2.0,1.0,1.0,1.0,1.0,1.0,1.0,4.0,1.0,2.0,1.0,3.0,1.0,1.0,1.0,1.0,1.0,1.0,11.0,7.0,1.0,1.0,1.0,1.0,1.0,1.0,1.0,1.0,1.0,1.0,1.0,3.0,1.0,1.0,2.0,1.0,1.0,1.0,1.0,1.0,1.0,1.0,1.0,1.0,1.0,185.0,2.0,2.0,1.0,4.0,1.0,1.0,2.0,3.0,1.0,2.0,1.0,1.0,1.0,512.0,566.0,1.0,1.0,1.0,1.0,1.0,1.0,1.0,1.0,1.0,1.0,1.0,1.0,1.0,205.0,1.0,1.0,1.0,1.0,1.0,2.0,1.0,3.0,1.0,1.0,1.0,1.0,2.0,2.0,1.0,1.0,1.0,3.0,1.0,6.0,1.0,1.0,10.0,1.0,1.0,1.0,2.0,1.0,1.0,2.0,1.0,1.0,2.0,3.0,2.0,2.0,2.0,2.0,2.0,1.0,3.0,3.0,1.0,1.0,1.0,1.0,1.0,1.0,1.0
2024-02-24,1.0,1.0,1.0,1.0,1.0,1.0,2.0,1.0,1.0,1.0,1.0,2.0,1.0,1.0,1.0,1.0,1.0,1.0,1.0,1.0,1.0,1.0,1.0,1.0,1.0,1.0,1.0,1.0,1.0,1.0,1.0,2.0,3.0,1.0,2.0,1.0,1.0,1.0,2.0,2.0,1.0,1.0,1.0,1.0,1.0,1.0,1.0,1.0,1.0,1.0,1.0,2.0,1.0,1.0,1.0,1.0,1.0,2.0,1.0,1.0,1.0,1.0,2.0,1.0,1.0,2.0,1.0,3.0,1.0,1.0,1.0,1.0,1.0,1.0,2.0,1.0,1.0,2.0,1.0,1.0,1.0,20.0,1.0,1.0,2.0,1.0,1.0,2.0,2.0,2.0,2.0,1.0,1.0,1.0,1.0,1.0,2.0,3.0,1.0,1.0,1.0,1.0,1.0,1.0,2.0,3.0,1.0,2.0,1.0,2.0,1.0,1.0,1.0,1.0,1.0,3.0,2.0,1.0,1.0,1.0,1.0,1.0,1.0,1.0,1.0,1.0,1.0,1.0,1.0,1.0,1.0,1.0,1.0,1.0,2.0,1.0,1.0,1.0,1.0,1.0,1.0,2.0,1.0,1.0,1.0,1.0,1.0,1.0,1.0,1.0,1.0,1.0,1.0,1.0,1.0,1.0,1.0,1.0,1.0,2.0,2.0,1.0,1.0,1.0,1.0,2.0,1.0,1.0,2.0,2.0,1.0,1.0,1.0,1.0,1.0,1.0,1.0,1.0,1.0,1.0,1.0,1.0,1.0,1.0,1.0,1.0,1.0,1.0,1.0,1.0,1.0,2.0,1.0,1.0,1.0,2.0,1.0,1.0,1.0,1.0,1.0,1.0,1.0,1.0,1.0,1.0,1.0,1.0,369.0,1.0,1.0,1.0,1.0,1.0,1.0,1.0,1.0,2.0,1.0,1.0,1.0,2.0,5.0,2.0,3.0,1.0,1.0,1.0,1.0,1.0,1.0,1.0,1.0,1.0,4.0,2.0,2.0,1.0,1.0,1.0,1.0,1.0,2.0,1.0,1.0,1.0,1.0,1.0,1.0,1.0,1.0,1.0,1.0,1.0,1.0,1.0,1.0,1.0,1.0,186.0,1.0,1.0,1.0,1.0,2.0,2.0,3.0,3.0,1.0,1.0,4.0,6.0,1.0,1.0,5.0,3.0,1.0,2.0,6.0,1.0,2.0,1.0,1.0,2.0,1.0,1.0,3.0,4.0,1.0,3.0,1.0,2.0,2.0,2.0,5.0,2.0,1.0,3.0,5.0,3.0,1.0,2.0,419.0,1.0,2.0,2.0,1.0,1.0,1.0,1.0,2.0,1.0,3.0,2.0,1.0,1.0,1.0,1.0,1.0,1.0,1.0,1.0,1.0,2.0,1.0,1.0,1.0,1.0,1.0,1.0,1.0,1.0,2.0,1.0,1.0,2.0,1.0,1.0,1.0,1.0,2.0,1.0,2.0,1.0,6.0,3.0,6.0,2.0,2.0,1.0,2.0,2.0,1.0,2.0,2.0,1.0,1.0,5.0,4.0,1.0,1.0,1.0,1.0,1.0,1.0,2.0,1.0,2.0,2.0,1.0,1.0,2.0,3.0,2.0,1.0,2.0,1.0,1.0,1.0,2.0,1.0,501.0,2.0,1.0,2.0,1.0,1.0,517.0,1.0,1.0,1.0,1.0,1.0,1.0,3.0,1.0,1.0,2.0,1.0,235.0,1.0,136.0,1.0,1.0,1.0,1.0,1.0,2.0,1.0,2.0,2.0,1.0,1.0,1.0,1.0,1.0,1.0,1.0,2.0,1.0,5.0,4.0,38.0,1.0,1.0,2.0,1.0,1.0,1.0,1.0,1.0,1.0,4.0,1.0,76.0,1.0,2.0,1.0,1.0,1.0,1.0,1.0,2.0,3.0,1.0,1.0,133.0,1.0,2.0,1.0,2.0,1.0,1.0,1.0,1.0,1.0,1.0,2.0,1.0,1.0,3.0,1.0,1.0,1.0,1.0,1.0,1.0,1.0,3.0,2.0,1.0,1.0,1.0,1.0,1.0,2.0,1.0,1.0,2.0,1.0,1.0,1.0,1.0,5.0,1.0,2.0,1.0,1.0,1.0,1.0,1.0,1.0,1.0,1.0,2.0,3.0,1.0,1.0,1.0,1.0,2.0,1.0,1.0,1.0,1.0,1.0,1.0,2.0,1.0,1.0,2.0,1.0,1.0,1.0,1.0,1.0,1.0,1.0,7.0,1.0,3.0,511.0,1.0,4.0,1.0,4.0,4.0,1.0,2.0,1.0,1.0,1.0,1.0,4.0,328.0,482.0,566.0,1.0,1.0,1.0,1.0,1.0,1.0,1.0,1.0,1.0,1.0,1.0,1.0,1.0,193.0,1.0,1.0,1.0,1.0,2.0,1.0,2.0,1.0,1.0,1.0,2.0,1.0,2.0,1.0,1.0,1.0,1.0,1.0,2.0,2.0,1.0,1.0,1.0,1.0,2.0,1.0,1.0,6.0,2.0,3.0,8.0,4.0,36.0,4.0,3.0,9.0,9.0,6.0,1.0,2.0,3.0,5.0,6.0,1.0,1.0,1.0,1.0,8.0,1.0
2024-02-25,1.0,1.0,1.0,1.0,1.0,4.0,2.0,1.0,1.0,1.0,2.0,1.0,2.0,1.0,1.0,1.0,1.0,3.0,1.0,1.0,1.0,2.0,1.0,1.0,1.0,1.0,1.0,1.0,1.0,1.0,2.0,2.0,1.0,2.0,1.0,1.0,1.0,1.0,1.0,1.0,1.0,1.0,1.0,1.0,1.0,1.0,1.0,1.0,1.0,1.0,1.0,1.0,2.0,1.0,1.0,1.0,1.0,1.0,1.0,1.0,2.0,1.0,4.0,1.0,1.0,4.0,3.0,1.0,1.0,1.0,1.0,1.0,1.0,2.0,1.0,1.0,2.0,1.0,1.0,1.0,1.0,26.0,1.0,1.0,2.0,3.0,1.0,3.0,2.0,2.0,1.0,2.0,1.0,3.0,1.0,2.0,1.0,1.0,4.0,2.0,1.0,2.0,1.0,4.0,2.0,2.0,1.0,3.0,1.0,3.0,2.0,1.0,1.0,2.0,1.0,1.0,1.0,1.0,2.0,1.0,1.0,1.0,1.0,1.0,1.0,2.0,1.0,2.0,1.0,1.0,3.0,1.0,1.0,1.0,2.0,1.0,1.0,1.0,1.0,2.0,1.0,1.0,2.0,1.0,2.0,1.0,1.0,1.0,1.0,1.0,1.0,1.0,1.0,1.0,1.0,1.0,1.0,2.0,1.0,2.0,3.0,2.0,1.0,1.0,1.0,1.0,1.0,1.0,1.0,1.0,2.0,1.0,1.0,1.0,1.0,1.0,1.0,1.0,1.0,1.0,1.0,2.0,1.0,1.0,1.0,1.0,2.0,1.0,1.0,1.0,1.0,2.0,3.0,1.0,1.0,2.0,1.0,3.0,1.0,1.0,1.0,1.0,2.0,1.0,1.0,1.0,1.0,1.0,202.0,1.0,1.0,1.0,1.0,1.0,4.0,1.0,1.0,1.0,1.0,1.0,1.0,2.0,4.0,3.0,1.0,1.0,1.0,1.0,1.0,1.0,1.0,1.0,1.0,6.0,1.0,3.0,3.0,1.0,1.0,1.0,1.0,1.0,1.0,1.0,1.0,3.0,1.0,2.0,1.0,1.0,2.0,1.0,1.0,1.0,1.0,1.0,1.0,2.0,1.0,186.0,3.0,2.0,1.0,4.0,2.0,2.0,3.0,5.0,1.0,4.0,7.0,4.0,3.0,1.0,1.0,4.0,2.0,2.0,1.0,1.0,2.0,1.0,1.0,1.0,1.0,1.0,4.0,1.0,2.0,1.0,4.0,1.0,1.0,2.0,1.0,4.0,1.0,1.0,4.0,2.0,1.0,1.0,419.0,1.0,1.0,1.0,2.0,15.0,3.0,1.0,3.0,1.0,1.0,2.0,1.0,1.0,1.0,1.0,1.0,1.0,1.0,1.0,1.0,1.0,1.0,1.0,1.0,3.0,1.0,1.0,2.0,1.0,2.0,1.0,2.0,4.0,1.0,1.0,1.0,1.0,1.0,1.0,1.0,1.0,4.0,1.0,2.0,1.0,3.0,2.0,5.0,4.0,1.0,2.0,1.0,1.0,4.0,2.0,3.0,4.0,1.0,1.0,2.0,1.0,1.0,1.0,1.0,3.0,1.0,2.0,6.0,2.0,4.0,1.0,2.0,4.0,1.0,1.0,1.0,1.0,1.0,57.0,2.0,1.0,1.0,1.0,1.0,1.0,1.0,1.0,1.0,1.0,1.0,1.0,2.0,4.0,3.0,11.0,7.0,1.0,1.0,1.0,1.0,1.0,2.0,3.0,1.0,2.0,2.0,2.0,1.0,1.0,1.0,1.0,1.0,1.0,1.0,1.0,2.0,2.0,3.0,1.0,3.0,3.0,1.0,1.0,1.0,1.0,6.0,1.0,6.0,2.0,4.0,1.0,589.0,3.0,1.0,1.0,1.0,1.0,1.0,1.0,3.0,1.0,1.0,2.0,42.0,1.0,560.0,1.0,1.0,1.0,1.0,1.0,1.0,1.0,2.0,1.0,2.0,1.0,1.0,4.0,2.0,1.0,1.0,1.0,19.0,1.0,1.0,4.0,4.0,1.0,1.0,4.0,1.0,2.0,1.0,1.0,1.0,14.0,1.0,11.0,1.0,5.0,1.0,3.0,1.0,1.0,1.0,1.0,1.0,1.0,1.0,48.0,1.0,1.0,1.0,1.0,1.0,1.0,2.0,1.0,1.0,1.0,2.0,1.0,1.0,2.0,2.0,1.0,2.0,1.0,1.0,1.0,1.0,1.0,1.0,3.0,2.0,2.0,6.0,492.0,1.0,2.0,1.0,7.0,10.0,2.0,3.0,1.0,1.0,1.0,1.0,1.0,1.0,433.0,566.0,2.0,2.0,1.0,1.0,1.0,1.0,1.0,1.0,1.0,1.0,12.0,4.0,1.0,222.0,8.0,1.0,1.0,1.0,3.0,2.0,4.0,4.0,2.0,1.0,1.0,1.0,2.0,1.0,1.0,1.0,1.0,1.0,1.0,2.0,1.0,2.0,1.0,1.0,1.0,1.0,1.0,20.0,20.0,10.0,30.0,48.0,60.0,3.0,3.0,12.0,13.0,7.0,2.0,1.0,6.0,6.0,13.0,13.0,16.0,1.0,1.0,41.0,24.0
2024-02-26,1.0,1.0,1.0,1.0,1.0,2.0,2.0,1.0,1.0,1.0,1.0,2.0,2.0,1.0,1.0,1.0,1.0,3.0,1.0,1.0,1.0,2.0,1.0,1.0,1.0,1.0,1.0,2.0,3.0,1.0,3.0,1.0,1.0,1.0,2.0,1.0,1.0,1.0,1.0,1.0,1.0,1.0,1.0,1.0,1.0,1.0,1.0,1.0,1.0,1.0,1.0,1.0,1.0,1.0,1.0,1.0,1.0,2.0,1.0,1.0,1.0,1.0,1.0,1.0,1.0,2.0,1.0,2.0,1.0,1.0,1.0,1.0,1.0,1.0,1.0,1.0,1.0,1.0,1.0,1.0,1.0,13.0,1.0,2.0,1.0,2.0,1.0,2.0,1.0,1.0,1.0,1.0,1.0,1.0,1.0,1.0,1.0,1.0,1.0,1.0,2.0,1.0,1.0,3.0,3.0,2.0,1.0,1.0,1.0,1.0,2.0,1.0,1.0,1.0,1.0,1.0,2.0,1.0,1.0,2.0,1.0,1.0,1.0,1.0,1.0,1.0,2.0,1.0,1.0,1.0,1.0,1.0,1.0,1.0,1.0,1.0,1.0,1.0,1.0,1.0,1.0,1.0,1.0,1.0,1.0,1.0,1.0,1.0,1.0,1.0,1.0,1.0,1.0,1.0,1.0,1.0,1.0,1.0,1.0,1.0,1.0,1.0,2.0,1.0,1.0,1.0,1.0,1.0,1.0,1.0,1.0,1.0,1.0,1.0,1.0,1.0,1.0,1.0,1.0,1.0,1.0,1.0,1.0,1.0,1.0,1.0,1.0,1.0,1.0,1.0,1.0,1.0,1.0,1.0,1.0,2.0,1.0,1.0,1.0,1.0,1.0,1.0,1.0,2.0,1.0,1.0,1.0,1.0,161.0,1.0,1.0,1.0,1.0,1.0,1.0,1.0,1.0,1.0,1.0,1.0,1.0,1.0,2.0,2.0,2.0,1.0,1.0,1.0,1.0,1.0,1.0,1.0,2.0,1.0,1.0,1.0,1.0,1.0,1.0,1.0,1.0,1.0,1.0,1.0,3.0,1.0,1.0,1.0,1.0,1.0,1.0,2.0,2.0,1.0,1.0,1.0,1.0,1.0,2.0,186.0,1.0,1.0,1.0,4.0,1.0,1.0,1.0,2.0,3.0,1.0,2.0,3.0,4.0,3.0,1.0,5.0,2.0,2.0,1.0,1.0,1.0,1.0,1.0,3.0,1.0,1.0,4.0,2.0,1.0,3.0,2.0,1.0,2.0,1.0,2.0,1.0,1.0,3.0,1.0,1.0,1.0,1.0,419.0,1.0,1.0,1.0,1.0,1.0,1.0,1.0,2.0,1.0,1.0,1.0,1.0,1.0,1.0,1.0,1.0,1.0,1.0,1.0,1.0,1.0,1.0,1.0,1.0,1.0,1.0,1.0,1.0,2.0,1.0,1.0,2.0,2.0,1.0,2.0,1.0,1.0,1.0,1.0,1.0,1.0,6.0,1.0,3.0,1.0,3.0,3.0,1.0,1.0,1.0,2.0,2.0,1.0,2.0,2.0,3.0,1.0,1.0,1.0,1.0,1.0,1.0,1.0,1.0,1.0,2.0,2.0,1.0,1.0,3.0,3.0,1.0,2.0,1.0,1.0,1.0,1.0,1.0,19.0,1.0,1.0,1.0,1.0,1.0,1.0,1.0,1.0,1.0,1.0,4.0,2.0,1.0,1.0,1.0,1.0,2.0,1.0,1.0,155.0,1.0,1.0,1.0,2.0,1.0,1.0,1.0,1.0,1.0,1.0,1.0,1.0,1.0,1.0,1.0,1.0,1.0,1.0,1.0,1.0,2.0,1.0,1.0,1.0,2.0,1.0,1.0,1.0,1.0,1.0,2.0,1.0,119.0,1.0,1.0,1.0,1.0,1.0,1.0,1.0,1.0,1.0,1.0,2.0,54.0,1.0,532.0,2.0,3.0,1.0,1.0,1.0,1.0,2.0,1.0,2.0,1.0,2.0,4.0,1.0,1.0,2.0,1.0,1.0,1.0,1.0,2.0,1.0,2.0,2.0,2.0,1.0,1.0,2.0,1.0,1.0,1.0,224.0,1.0,1.0,1.0,4.0,1.0,2.0,1.0,1.0,1.0,1.0,1.0,1.0,1.0,35.0,1.0,1.0,1.0,1.0,1.0,1.0,1.0,1.0,1.0,1.0,1.0,1.0,1.0,1.0,1.0,1.0,2.0,1.0,1.0,1.0,1.0,1.0,1.0,1.0,1.0,2.0,4.0,372.0,1.0,2.0,1.0,4.0,4.0,1.0,3.0,1.0,2.0,1.0,1.0,1.0,1.0,509.0,566.0,1.0,1.0,1.0,1.0,1.0,1.0,1.0,1.0,1.0,1.0,1.0,1.0,1.0,175.0,1.0,1.0,1.0,1.0,2.0,1.0,3.0,1.0,1.0,1.0,1.0,1.0,1.0,1.0,1.0,1.0,1.0,1.0,1.0,2.0,1.0,1.0,1.0,1.0,1.0,1.0,1.0,1.0,2.0,1.0,1.0,1.0,1.0,4.0,1.0,3.0,2.0,1.0,3.0,2.0,1.0,5.0,1.0,1.0,1.0,1.0,1.0,1.0,1.0
2024-02-27,1.0,1.0,1.0,1.0,1.0,1.0,3.0,1.0,1.0,1.0,2.0,1.0,1.0,1.0,1.0,1.0,1.0,1.0,1.0,1.0,1.0,1.0,1.0,1.0,1.0,1.0,1.0,1.0,1.0,1.0,2.0,2.0,3.0,1.0,1.0,1.0,1.0,1.0,1.0,1.0,1.0,1.0,1.0,1.0,2.0,1.0,1.0,1.0,1.0,1.0,1.0,1.0,1.0,1.0,1.0,1.0,1.0,1.0,3.0,2.0,2.0,1.0,2.0,2.0,1.0,1.0,2.0,1.0,1.0,1.0,1.0,1.0,1.0,1.0,1.0,1.0,1.0,2.0,1.0,1.0,1.0,30.0,1.0,1.0,2.0,3.0,1.0,1.0,1.0,1.0,2.0,1.0,1.0,1.0,1.0,1.0,1.0,2.0,1.0,1.0,1.0,1.0,1.0,1.0,3.0,1.0,1.0,2.0,1.0,1.0,2.0,1.0,1.0,1.0,1.0,1.0,3.0,1.0,1.0,2.0,1.0,1.0,1.0,1.0,1.0,1.0,2.0,1.0,1.0,1.0,1.0,1.0,1.0,1.0,1.0,1.0,1.0,2.0,1.0,1.0,1.0,1.0,1.0,2.0,1.0,1.0,1.0,1.0,1.0,1.0,1.0,1.0,1.0,1.0,1.0,1.0,1.0,1.0,2.0,1.0,1.0,3.0,1.0,1.0,1.0,1.0,1.0,1.0,1.0,1.0,1.0,1.0,1.0,1.0,1.0,1.0,1.0,1.0,1.0,1.0,1.0,1.0,1.0,1.0,1.0,1.0,1.0,1.0,1.0,1.0,1.0,4.0,2.0,1.0,1.0,2.0,1.0,1.0,1.0,1.0,1.0,1.0,1.0,1.0,1.0,1.0,1.0,1.0,139.0,1.0,1.0,1.0,1.0,1.0,1.0,1.0,1.0,1.0,1.0,1.0,1.0,1.0,2.0,1.0,1.0,1.0,1.0,1.0,1.0,1.0,1.0,1.0,1.0,1.0,1.0,1.0,1.0,2.0,1.0,1.0,1.0,1.0,1.0,1.0,1.0,1.0,1.0,1.0,1.0,1.0,1.0,1.0,1.0,1.0,1.0,1.0,1.0,1.0,2.0,186.0,2.0,2.0,1.0,2.0,3.0,1.0,1.0,4.0,1.0,2.0,1.0,2.0,3.0,3.0,1.0,3.0,2.0,4.0,1.0,2.0,1.0,1.0,1.0,1.0,1.0,1.0,1.0,1.0,1.0,4.0,1.0,4.0,2.0,1.0,1.0,3.0,1.0,5.0,3.0,1.0,1.0,1.0,419.0,1.0,1.0,2.0,1.0,1.0,1.0,1.0,2.0,1.0,1.0,1.0,1.0,1.0,1.0,1.0,1.0,1.0,1.0,1.0,1.0,1.0,1.0,1.0,1.0,1.0,1.0,1.0,1.0,1.0,1.0,1.0,2.0,1.0,2.0,1.0,1.0,1.0,1.0,2.0,1.0,1.0,7.0,3.0,6.0,3.0,5.0,3.0,1.0,2.0,1.0,2.0,2.0,1.0,1.0,3.0,3.0,2.0,1.0,1.0,1.0,1.0,2.0,1.0,1.0,1.0,1.0,2.0,1.0,1.0,5.0,2.0,2.0,1.0,1.0,1.0,1.0,1.0,1.0,18.0,1.0,1.0,1.0,1.0,1.0,1.0,1.0,1.0,1.0,1.0,1.0,2.0,1.0,1.0,1.0,2.0,1.0,1.0,2.0,85.0,1.0,1.0,1.0,2.0,1.0,2.0,3.0,2.0,1.0,1.0,1.0,1.0,1.0,1.0,1.0,1.0,1.0,1.0,2.0,1.0,3.0,1.0,1.0,2.0,1.0,1.0,1.0,1.0,1.0,1.0,2.0,1.0,1.0,1.0,1.0,1.0,1.0,1.0,1.0,1.0,1.0,2.0,1.0,1.0,249.0,1.0,1.0,1.0,2.0,1.0,2.0,1.0,1.0,2.0,2.0,1.0,3.0,1.0,2.0,1.0,2.0,1.0,1.0,1.0,1.0,1.0,2.0,2.0,1.0,1.0,1.0,1.0,1.0,1.0,1.0,1.0,2.0,1.0,1.0,3.0,1.0,1.0,1.0,2.0,1.0,1.0,1.0,1.0,1.0,1.0,1.0,220.0,1.0,1.0,1.0,1.0,1.0,1.0,2.0,1.0,1.0,1.0,1.0,1.0,1.0,2.0,1.0,1.0,2.0,1.0,1.0,1.0,1.0,1.0,1.0,1.0,1.0,1.0,3.0,523.0,1.0,3.0,1.0,2.0,2.0,3.0,1.0,1.0,1.0,1.0,1.0,2.0,1.0,514.0,566.0,1.0,2.0,1.0,1.0,1.0,1.0,1.0,1.0,1.0,1.0,1.0,1.0,1.0,173.0,1.0,1.0,1.0,1.0,2.0,2.0,3.0,3.0,1.0,1.0,1.0,1.0,2.0,1.0,1.0,1.0,2.0,1.0,1.0,1.0,1.0,1.0,1.0,1.0,1.0,1.0,2.0,1.0,1.0,2.0,1.0,1.0,6.0,9.0,7.0,6.0,4.0,1.0,3.0,1.0,1.0,2.0,1.0,1.0,1.0,1.0,1.0,1.0,1.0
2024-02-28,1.0,1.0,1.0,1.0,1.0,2.0,1.0,1.0,1.0,1.0,1.0,2.0,1.0,1.0,1.0,1.0,1.0,1.0,1.0,1.0,1.0,1.0,1.0,1.0,1.0,1.0,1.0,1.0,1.0,1.0,1.0,1.0,3.0,1.0,4.0,1.0,1.0,1.0,1.0,1.0,1.0,1.0,1.0,1.0,1.0,1.0,1.0,1.0,1.0,1.0,1.0,1.0,1.0,1.0,1.0,1.0,1.0,1.0,1.0,2.0,1.0,1.0,1.0,1.0,1.0,1.0,2.0,4.0,1.0,1.0,1.0,1.0,1.0,1.0,2.0,1.0,1.0,1.0,1.0,1.0,1.0,42.0,1.0,2.0,1.0,1.0,1.0,3.0,1.0,1.0,3.0,1.0,1.0,1.0,1.0,1.0,1.0,1.0,1.0,1.0,1.0,1.0,1.0,2.0,1.0,2.0,1.0,2.0,1.0,1.0,1.0,1.0,1.0,1.0,1.0,1.0,2.0,1.0,1.0,1.0,1.0,1.0,1.0,1.0,1.0,1.0,2.0,1.0,1.0,1.0,1.0,1.0,1.0,1.0,1.0,1.0,1.0,1.0,1.0,1.0,1.0,1.0,1.0,2.0,1.0,1.0,1.0,1.0,1.0,1.0,1.0,1.0,1.0,1.0,1.0,1.0,1.0,1.0,2.0,1.0,1.0,5.0,1.0,1.0,1.0,1.0,1.0,1.0,1.0,1.0,1.0,1.0,1.0,1.0,1.0,1.0,1.0,1.0,1.0,1.0,1.0,1.0,2.0,1.0,1.0,1.0,1.0,1.0,1.0,1.0,1.0,2.0,1.0,1.0,1.0,2.0,1.0,1.0,1.0,1.0,1.0,1.0,1.0,1.0,1.0,1.0,1.0,1.0,2.0,1.0,1.0,1.0,1.0,1.0,1.0,1.0,1.0,1.0,1.0,1.0,1.0,1.0,2.0,1.0,3.0,1.0,1.0,1.0,1.0,1.0,1.0,1.0,1.0,1.0,4.0,1.0,1.0,1.0,1.0,1.0,1.0,1.0,1.0,1.0,1.0,2.0,1.0,1.0,1.0,1.0,1.0,1.0,1.0,1.0,1.0,1.0,1.0,1.0,2.0,186.0,1.0,1.0,1.0,2.0,1.0,1.0,1.0,1.0,2.0,3.0,5.0,4.0,5.0,3.0,1.0,4.0,2.0,2.0,3.0,1.0,2.0,1.0,1.0,2.0,1.0,1.0,2.0,2.0,1.0,2.0,2.0,1.0,2.0,3.0,5.0,3.0,2.0,5.0,3.0,2.0,2.0,1.0,520.0,1.0,1.0,2.0,1.0,1.0,1.0,1.0,2.0,1.0,1.0,2.0,1.0,2.0,1.0,1.0,1.0,1.0,1.0,1.0,1.0,1.0,1.0,1.0,1.0,2.0,1.0,1.0,1.0,2.0,1.0,2.0,1.0,3.0,1.0,1.0,2.0,1.0,1.0,2.0,1.0,1.0,7.0,1.0,6.0,1.0,1.0,3.0,1.0,2.0,1.0,2.0,7.0,1.0,1.0,3.0,6.0,2.0,1.0,2.0,1.0,1.0,1.0,1.0,1.0,3.0,1.0,2.0,1.0,1.0,3.0,6.0,2.0,1.0,1.0,1.0,1.0,1.0,2.0,96.0,1.0,1.0,1.0,1.0,1.0,1.0,1.0,1.0,1.0,1.0,3.0,1.0,1.0,1.0,1.0,2.0,1.0,1.0,1.0,32.0,1.0,1.0,1.0,2.0,1.0,2.0,2.0,1.0,1.0,1.0,1.0,1.0,1.0,1.0,1.0,538.0,1.0,2.0,1.0,1.0,3.0,1.0,1.0,1.0,2.0,1.0,1.0,1.0,1.0,1.0,1.0,1.0,1.0,1.0,1.0,3.0,1.0,1.0,1.0,1.0,2.0,2.0,1.0,1.0,90.0,1.0,1.0,1.0,2.0,1.0,1.0,1.0,1.0,2.0,1.0,2.0,1.0,1.0,3.0,4.0,1.0,1.0,1.0,1.0,1.0,1.0,3.0,2.0,1.0,1.0,1.0,1.0,1.0,1.0,1.0,2.0,1.0,1.0,1.0,1.0,2.0,3.0,1.0,1.0,1.0,1.0,1.0,2.0,1.0,1.0,1.0,1.0,1.0,1.0,1.0,1.0,1.0,1.0,1.0,1.0,1.0,1.0,1.0,1.0,1.0,3.0,1.0,1.0,1.0,1.0,1.0,1.0,1.0,1.0,1.0,1.0,1.0,1.0,1.0,299.0,3.0,2.0,1.0,2.0,1.0,3.0,1.0,1.0,1.0,2.0,1.0,1.0,1.0,519.0,566.0,1.0,1.0,1.0,1.0,1.0,1.0,1.0,1.0,1.0,1.0,1.0,1.0,1.0,177.0,1.0,1.0,1.0,1.0,1.0,3.0,3.0,3.0,2.0,1.0,1.0,1.0,1.0,26.0,1.0,1.0,1.0,1.0,1.0,8.0,1.0,1.0,1.0,1.0,1.0,1.0,1.0,1.0,2.0,1.0,1.0,1.0,1.0,7.0,6.0,4.0,8.0,1.0,2.0,1.0,1.0,4.0,1.0,1.0,1.0,1.0,1.0,1.0,1.0
2024-02-29,1.0,1.0,1.0,1.0,1.0,1.0,1.0,1.0,1.0,1.0,2.0,1.0,1.0,1.0,1.0,1.0,1.0,1.0,1.0,1.0,1.0,2.0,1.0,1.0,1.0,1.0,1.0,1.0,1.0,1.0,1.0,2.0,1.0,1.0,1.0,1.0,1.0,1.0,1.0,1.0,1.0,1.0,1.0,1.0,1.0,1.0,1.0,1.0,1.0,1.0,1.0,1.0,1.0,1.0,1.0,1.0,1.0,1.0,1.0,1.0,1.0,1.0,1.0,1.0,1.0,1.0,2.0,1.0,1.0,1.0,1.0,1.0,1.0,1.0,1.0,1.0,1.0,2.0,1.0,1.0,1.0,32.0,1.0,1.0,2.0,1.0,1.0,1.0,1.0,2.0,2.0,1.0,1.0,1.0,1.0,1.0,1.0,1.0,2.0,1.0,4.0,1.0,1.0,4.0,1.0,2.0,1.0,3.0,1.0,1.0,1.0,1.0,1.0,1.0,1.0,1.0,2.0,1.0,1.0,3.0,1.0,1.0,1.0,1.0,1.0,1.0,2.0,1.0,1.0,1.0,1.0,1.0,1.0,1.0,1.0,1.0,1.0,1.0,1.0,1.0,1.0,1.0,1.0,1.0,1.0,1.0,1.0,1.0,1.0,1.0,1.0,1.0,1.0,2.0,1.0,1.0,1.0,1.0,1.0,2.0,1.0,2.0,1.0,1.0,1.0,1.0,1.0,1.0,1.0,1.0,1.0,1.0,1.0,1.0,1.0,1.0,1.0,1.0,1.0,1.0,1.0,1.0,1.0,1.0,1.0,1.0,2.0,1.0,1.0,1.0,1.0,2.0,1.0,1.0,1.0,2.0,1.0,1.0,1.0,1.0,1.0,1.0,1.0,2.0,1.0,1.0,1.0,1.0,1.0,1.0,1.0,1.0,1.0,1.0,1.0,1.0,1.0,1.0,1.0,1.0,1.0,1.0,1.0,1.0,1.0,1.0,1.0,1.0,1.0,1.0,1.0,1.0,2.0,1.0,1.0,1.0,1.0,1.0,1.0,1.0,1.0,1.0,1.0,1.0,1.0,1.0,1.0,1.0,1.0,1.0,1.0,1.0,1.0,1.0,1.0,1.0,1.0,1.0,1.0,186.0,1.0,1.0,1.0,1.0,1.0,1.0,1.0,2.0,1.0,1.0,1.0,3.0,3.0,4.0,1.0,2.0,3.0,2.0,2.0,1.0,1.0,1.0,1.0,1.0,1.0,1.0,1.0,2.0,2.0,2.0,1.0,2.0,3.0,2.0,1.0,3.0,3.0,2.0,1.0,2.0,2.0,1.0,2.0,1.0,1.0,2.0,1.0,1.0,1.0,1.0,2.0,1.0,1.0,1.0,1.0,1.0,1.0,1.0,1.0,1.0,1.0,1.0,1.0,1.0,1.0,1.0,1.0,1.0,1.0,2.0,1.0,1.0,2.0,2.0,1.0,3.0,1.0,1.0,1.0,1.0,1.0,2.0,1.0,1.0,5.0,5.0,6.0,1.0,5.0,5.0,1.0,2.0,1.0,2.0,1.0,1.0,2.0,3.0,4.0,5.0,1.0,2.0,1.0,1.0,2.0,2.0,1.0,2.0,1.0,2.0,1.0,1.0,2.0,1.0,1.0,1.0,1.0,1.0,1.0,1.0,1.0,53.0,1.0,1.0,1.0,1.0,1.0,1.0,1.0,1.0,1.0,1.0,1.0,2.0,1.0,1.0,1.0,2.0,1.0,1.0,1.0,94.0,1.0,1.0,1.0,2.0,1.0,3.0,2.0,2.0,1.0,3.0,1.0,2.0,1.0,1.0,1.0,335.0,1.0,9.0,1.0,1.0,3.0,1.0,1.0,2.0,2.0,1.0,2.0,1.0,1.0,1.0,2.0,2.0,1.0,1.0,2.0,1.0,1.0,1.0,1.0,1.0,1.0,1.0,1.0,1.0,27.0,1.0,1.0,2.0,1.0,1.0,1.0,1.0,1.0,1.0,2.0,1.0,1.0,1.0,1.0,1.0,2.0,1.0,1.0,1.0,1.0,1.0,2.0,1.0,1.0,1.0,1.0,1.0,1.0,3.0,1.0,1.0,1.0,1.0,1.0,1.0,1.0,2.0,5.0,3.0,1.0,5.0,1.0,1.0,1.0,1.0,1.0,2.0,1.0,1.0,1.0,1.0,1.0,3.0,2.0,1.0,1.0,1.0,1.0,1.0,1.0,1.0,1.0,6.0,1.0,1.0,1.0,1.0,1.0,1.0,1.0,1.0,1.0,2.0,2.0,294.0,1.0,3.0,1.0,2.0,1.0,3.0,1.0,1.0,2.0,2.0,1.0,1.0,433.0,518.0,566.0,1.0,1.0,1.0,1.0,1.0,1.0,1.0,5.0,2.0,1.0,1.0,1.0,1.0,182.0,1.0,1.0,1.0,4.0,1.0,2.0,3.0,3.0,1.0,1.0,1.0,1.0,2.0,1.0,1.0,1.0,2.0,1.0,1.0,10.0,1.0,1.0,1.0,1.0,1.0,1.0,2.0,1.0,2.0,2.0,1.0,1.0,1.0,1.0,4.0,1.0,7.0,3.0,2.0,1.0,2.0,4.0,1.0,1.0,1.0,1.0,1.0,1.0,1.0
2024-03-01,1.0,1.0,1.0,1.0,1.0,1.0,1.0,1.0,1.0,1.0,1.0,1.0,1.0,1.0,1.0,1.0,1.0,1.0,1.0,1.0,2.0,1.0,1.0,1.0,1.0,1.0,1.0,1.0,1.0,1.0,1.0,1.0,4.0,1.0,1.0,1.0,1.0,1.0,1.0,1.0,1.0,1.0,1.0,1.0,1.0,1.0,1.0,1.0,1.0,1.0,1.0,1.0,1.0,1.0,1.0,1.0,1.0,2.0,1.0,1.0,2.0,1.0,1.0,1.0,1.0,1.0,2.0,2.0,1.0,1.0,1.0,1.0,1.0,2.0,1.0,1.0,1.0,1.0,1.0,1.0,1.0,27.0,1.0,2.0,1.0,3.0,1.0,1.0,1.0,1.0,3.0,1.0,1.0,1.0,1.0,1.0,1.0,1.0,1.0,1.0,1.0,1.0,1.0,1.0,2.0,3.0,4.0,1.0,3.0,2.0,2.0,1.0,1.0,1.0,1.0,1.0,3.0,1.0,1.0,1.0,1.0,1.0,1.0,1.0,1.0,1.0,1.0,1.0,1.0,1.0,1.0,1.0,1.0,1.0,1.0,1.0,1.0,1.0,1.0,1.0,1.0,1.0,1.0,1.0,1.0,1.0,1.0,1.0,1.0,1.0,1.0,1.0,1.0,1.0,1.0,2.0,1.0,1.0,1.0,2.0,1.0,1.0,1.0,1.0,1.0,1.0,1.0,1.0,1.0,1.0,1.0,1.0,1.0,1.0,1.0,1.0,1.0,2.0,1.0,1.0,1.0,1.0,1.0,1.0,1.0,1.0,1.0,1.0,1.0,1.0,1.0,2.0,1.0,1.0,1.0,1.0,2.0,1.0,1.0,1.0,1.0,1.0,1.0,2.0,1.0,1.0,1.0,1.0,3.0,1.0,1.0,1.0,1.0,1.0,1.0,1.0,1.0,2.0,1.0,1.0,1.0,1.0,1.0,3.0,1.0,2.0,1.0,1.0,1.0,1.0,1.0,1.0,1.0,1.0,1.0,1.0,1.0,1.0,1.0,1.0,1.0,1.0,1.0,1.0,1.0,1.0,1.0,1.0,1.0,1.0,1.0,1.0,1.0,1.0,1.0,1.0,1.0,2.0,1.0,186.0,1.0,2.0,2.0,2.0,1.0,1.0,3.0,2.0,2.0,6.0,1.0,4.0,5.0,3.0,1.0,1.0,2.0,2.0,1.0,1.0,1.0,1.0,1.0,1.0,1.0,1.0,1.0,2.0,4.0,3.0,2.0,1.0,3.0,1.0,1.0,6.0,3.0,4.0,1.0,2.0,1.0,2.0,58.0,1.0,1.0,2.0,1.0,1.0,1.0,1.0,1.0,1.0,1.0,2.0,1.0,2.0,1.0,1.0,1.0,1.0,1.0,2.0,1.0,1.0,1.0,1.0,1.0,2.0,1.0,1.0,1.0,2.0,1.0,1.0,2.0,2.0,1.0,1.0,1.0,1.0,1.0,2.0,1.0,1.0,2.0,8.0,4.0,5.0,1.0,2.0,1.0,4.0,2.0,1.0,2.0,1.0,1.0,1.0,3.0,3.0,1.0,2.0,1.0,1.0,1.0,2.0,1.0,1.0,2.0,2.0,1.0,1.0,4.0,2.0,3.0,1.0,1.0,1.0,1.0,1.0,1.0,181.0,3.0,1.0,1.0,1.0,1.0,1.0,1.0,1.0,1.0,1.0,1.0,3.0,1.0,1.0,1.0,2.0,1.0,1.0,1.0,81.0,1.0,1.0,1.0,2.0,1.0,1.0,1.0,3.0,1.0,20.0,24.0,566.0,1.0,9.0,6.0,8.0,1.0,8.0,4.0,9.0,6.0,1.0,1.0,14.0,1.0,3.0,34.0,1.0,1.0,1.0,5.0,1.0,1.0,1.0,1.0,2.0,1.0,2.0,1.0,1.0,1.0,1.0,1.0,1.0,157.0,1.0,1.0,2.0,1.0,1.0,1.0,1.0,8.0,1.0,2.0,1.0,1.0,2.0,2.0,4.0,1.0,1.0,1.0,1.0,1.0,1.0,1.0,2.0,2.0,1.0,1.0,1.0,1.0,1.0,3.0,3.0,1.0,1.0,1.0,6.0,2.0,1.0,1.0,3.0,2.0,1.0,1.0,1.0,1.0,2.0,1.0,6.0,1.0,1.0,1.0,1.0,1.0,1.0,1.0,2.0,1.0,1.0,1.0,1.0,1.0,2.0,1.0,1.0,1.0,1.0,1.0,1.0,1.0,1.0,1.0,1.0,1.0,1.0,1.0,286.0,1.0,1.0,1.0,1.0,1.0,1.0,3.0,1.0,1.0,2.0,1.0,2.0,1.0,518.0,566.0,1.0,1.0,1.0,1.0,1.0,1.0,1.0,1.0,1.0,1.0,1.0,1.0,1.0,202.0,1.0,1.0,2.0,1.0,1.0,1.0,3.0,1.0,2.0,3.0,1.0,1.0,2.0,85.0,6.0,7.0,1.0,1.0,2.0,2.0,1.0,1.0,1.0,1.0,1.0,5.0,2.0,1.0,2.0,1.0,1.0,1.0,5.0,2.0,6.0,2.0,2.0,1.0,3.0,2.0,2.0,3.0,1.0,1.0,1.0,1.0,9.0,1.0,1.0
2024-03-02,1.0,1.0,1.0,1.0,1.0,2.0,1.0,1.0,1.0,1.0,1.0,2.0,1.0,1.0,2.0,1.0,1.0,2.0,2.0,1.0,1.0,2.0,1.0,1.0,1.0,1.0,1.0,1.0,1.0,1.0,1.0,1.0,4.0,1.0,5.0,2.0,1.0,2.0,1.0,1.0,1.0,1.0,1.0,1.0,1.0,1.0,1.0,1.0,1.0,1.0,1.0,1.0,1.0,1.0,1.0,1.0,1.0,2.0,1.0,2.0,2.0,1.0,2.0,1.0,2.0,2.0,1.0,2.0,1.0,1.0,1.0,1.0,1.0,1.0,2.0,1.0,1.0,3.0,1.0,1.0,1.0,2.0,1.0,2.0,2.0,1.0,1.0,1.0,3.0,1.0,2.0,1.0,1.0,1.0,1.0,1.0,1.0,2.0,1.0,1.0,1.0,1.0,2.0,4.0,3.0,2.0,1.0,2.0,1.0,2.0,2.0,1.0,1.0,1.0,2.0,2.0,1.0,1.0,2.0,2.0,1.0,1.0,1.0,1.0,1.0,1.0,1.0,1.0,1.0,1.0,1.0,1.0,1.0,1.0,1.0,2.0,1.0,2.0,1.0,1.0,1.0,1.0,1.0,2.0,1.0,1.0,1.0,1.0,1.0,1.0,1.0,1.0,1.0,1.0,2.0,2.0,1.0,1.0,1.0,2.0,2.0,1.0,1.0,1.0,1.0,2.0,1.0,1.0,1.0,3.0,1.0,1.0,1.0,1.0,1.0,1.0,1.0,1.0,1.0,2.0,1.0,1.0,1.0,1.0,1.0,2.0,1.0,1.0,1.0,1.0,1.0,1.0,1.0,2.0,1.0,2.0,1.0,1.0,1.0,1.0,1.0,1.0,1.0,2.0,1.0,1.0,1.0,1.0,1.0,1.0,1.0,1.0,1.0,1.0,1.0,1.0,1.0,1.0,1.0,1.0,1.0,1.0,3.0,3.0,1.0,2.0,1.0,2.0,1.0,3.0,1.0,1.0,1.0,1.0,2.0,1.0,2.0,2.0,1.0,5.0,1.0,1.0,1.0,1.0,1.0,1.0,1.0,2.0,1.0,4.0,1.0,10.0,1.0,1.0,1.0,1.0,1.0,2.0,2.0,186.0,1.0,2.0,1.0,1.0,1.0,1.0,1.0,3.0,1.0,4.0,4.0,1.0,1.0,1.0,1.0,2.0,1.0,2.0,3.0,1.0,1.0,1.0,1.0,1.0,2.0,1.0,1.0,2.0,4.0,3.0,3.0,1.0,3.0,1.0,1.0,3.0,2.0,1.0,4.0,1.0,1.0,4.0,419.0,1.0,1.0,2.0,1.0,1.0,1.0,1.0,2.0,1.0,2.0,2.0,1.0,2.0,1.0,1.0,1.0,1.0,2.0,1.0,1.0,1.0,1.0,1.0,1.0,1.0,2.0,1.0,2.0,1.0,2.0,1.0,2.0,4.0,1.0,1.0,1.0,1.0,2.0,2.0,1.0,1.0,7.0,5.0,9.0,3.0,1.0,2.0,5.0,6.0,1.0,3.0,1.0,1.0,3.0,4.0,3.0,2.0,1.0,2.0,1.0,2.0,1.0,2.0,1.0,1.0,1.0,1.0,1.0,1.0,3.0,2.0,2.0,1.0,1.0,1.0,1.0,1.0,1.0,7.0,1.0,1.0,2.0,1.0,1.0,1.0,1.0,1.0,1.0,1.0,1.0,3.0,1.0,1.0,1.0,2.0,1.0,198.0,1.0,88.0,1.0,1.0,1.0,2.0,1.0,2.0,1.0,2.0,1.0,1.0,3.0,580.0,1.0,1.0,2.0,3.0,2.0,1.0,1.0,2.0,5.0,1.0,1.0,5.0,1.0,2.0,4.0,1.0,4.0,1.0,4.0,1.0,1.0,1.0,2.0,1.0,1.0,1.0,1.0,1.0,2.0,5.0,1.0,1.0,280.0,1.0,1.0,2.0,3.0,1.0,1.0,1.0,1.0,1.0,1.0,2.0,1.0,6.0,3.0,3.0,5.0,1.0,1.0,1.0,1.0,1.0,2.0,1.0,3.0,1.0,1.0,3.0,4.0,1.0,4.0,2.0,2.0,1.0,1.0,2.0,4.0,1.0,1.0,3.0,3.0,4.0,4.0,1.0,1.0,2.0,1.0,285.0,1.0,1.0,1.0,1.0,1.0,1.0,2.0,1.0,1.0,2.0,1.0,1.0,1.0,2.0,1.0,2.0,2.0,1.0,1.0,1.0,1.0,1.0,1.0,2.0,1.0,2.0,1.0,2.0,1.0,1.0,1.0,8.0,4.0,3.0,2.0,1.0,1.0,1.0,1.0,1.0,2.0,476.0,566.0,1.0,1.0,1.0,1.0,1.0,1.0,1.0,1.0,1.0,1.0,1.0,1.0,1.0,182.0,15.0,1.0,12.0,2.0,2.0,3.0,4.0,6.0,3.0,2.0,1.0,1.0,2.0,1.0,3.0,1.0,1.0,1.0,2.0,1.0,2.0,1.0,1.0,1.0,2.0,2.0,1.0,14.0,2.0,1.0,2.0,5.0,42.0,3.0,4.0,11.0,11.0,6.0,2.0,1.0,4.0,3.0,11.0,1.0,1.0,1.0,1.0,16.0,1.0
2024-03-03,1.0,2.0,1.0,1.0,1.0,2.0,1.0,1.0,1.0,1.0,1.0,2.0,1.0,1.0,1.0,1.0,1.0,2.0,2.0,1.0,1.0,2.0,1.0,3.0,1.0,2.0,2.0,1.0,1.0,1.0,2.0,1.0,2.0,1.0,1.0,1.0,1.0,1.0,2.0,1.0,1.0,1.0,1.0,2.0,2.0,1.0,1.0,1.0,1.0,1.0,1.0,2.0,1.0,1.0,1.0,1.0,2.0,1.0,1.0,2.0,2.0,1.0,2.0,4.0,3.0,1.0,2.0,1.0,1.0,1.0,1.0,1.0,1.0,2.0,1.0,1.0,2.0,1.0,1.0,1.0,1.0,2.0,1.0,1.0,3.0,1.0,1.0,3.0,4.0,1.0,3.0,1.0,1.0,1.0,1.0,2.0,1.0,1.0,2.0,4.0,1.0,1.0,1.0,1.0,1.0,4.0,1.0,2.0,1.0,3.0,1.0,1.0,1.0,1.0,2.0,1.0,2.0,1.0,2.0,3.0,1.0,1.0,6.0,1.0,1.0,1.0,3.0,1.0,1.0,1.0,2.0,1.0,3.0,1.0,1.0,1.0,2.0,1.0,1.0,3.0,1.0,1.0,2.0,2.0,1.0,2.0,1.0,1.0,2.0,1.0,1.0,1.0,1.0,1.0,1.0,1.0,1.0,1.0,1.0,2.0,1.0,5.0,1.0,1.0,1.0,1.0,1.0,1.0,1.0,1.0,1.0,1.0,1.0,1.0,1.0,1.0,1.0,2.0,1.0,1.0,1.0,1.0,1.0,2.0,1.0,1.0,1.0,1.0,8.0,1.0,3.0,2.0,1.0,1.0,1.0,2.0,1.0,1.0,1.0,1.0,1.0,1.0,2.0,1.0,1.0,1.0,1.0,1.0,3.0,1.0,2.0,1.0,1.0,1.0,5.0,1.0,1.0,2.0,7.0,2.0,1.0,2.0,1.0,1.0,2.0,1.0,1.0,1.0,1.0,1.0,1.0,13.0,10.0,1.0,7.0,5.0,4.0,2.0,1.0,3.0,1.0,1.0,1.0,1.0,1.0,1.0,1.0,1.0,1.0,1.0,2.0,2.0,1.0,1.0,1.0,2.0,1.0,1.0,6.0,186.0,2.0,1.0,1.0,5.0,4.0,2.0,1.0,2.0,1.0,5.0,2.0,1.0,4.0,1.0,4.0,3.0,2.0,1.0,1.0,1.0,1.0,1.0,1.0,1.0,1.0,1.0,2.0,1.0,1.0,3.0,4.0,4.0,2.0,1.0,1.0,3.0,1.0,2.0,1.0,1.0,2.0,1.0,478.0,4.0,1.0,1.0,2.0,6.0,3.0,1.0,2.0,1.0,1.0,2.0,2.0,2.0,4.0,1.0,1.0,1.0,1.0,8.0,14.0,1.0,1.0,1.0,1.0,1.0,2.0,1.0,4.0,1.0,2.0,1.0,2.0,3.0,1.0,1.0,5.0,1.0,1.0,2.0,1.0,1.0,9.0,10.0,5.0,1.0,5.0,8.0,12.0,9.0,2.0,1.0,1.0,6.0,6.0,2.0,2.0,1.0,2.0,1.0,1.0,3.0,2.0,2.0,1.0,1.0,2.0,1.0,1.0,4.0,3.0,1.0,3.0,1.0,2.0,1.0,1.0,1.0,1.0,47.0,4.0,1.0,2.0,34.0,1.0,2.0,2.0,1.0,24.0,1.0,2.0,4.0,1.0,1.0,1.0,7.0,5.0,1.0,1.0,88.0,1.0,1.0,3.0,2.0,1.0,2.0,1.0,2.0,1.0,1.0,1.0,580.0,1.0,1.0,1.0,565.0,9.0,5.0,3.0,1.0,2.0,4.0,1.0,2.0,2.0,1.0,1.0,1.0,4.0,2.0,2.0,1.0,3.0,1.0,1.0,1.0,1.0,1.0,1.0,1.0,2.0,4.0,1.0,1.0,191.0,2.0,3.0,2.0,1.0,1.0,1.0,1.0,2.0,1.0,1.0,2.0,2.0,4.0,4.0,5.0,1.0,1.0,1.0,1.0,33.0,2.0,1.0,2.0,3.0,6.0,1.0,4.0,3.0,1.0,1.0,1.0,1.0,1.0,1.0,2.0,1.0,1.0,1.0,2.0,4.0,6.0,1.0,1.0,1.0,1.0,1.0,1.0,1.0,1.0,1.0,2.0,1.0,1.0,2.0,1.0,2.0,1.0,1.0,1.0,2.0,1.0,3.0,1.0,2.0,1.0,1.0,1.0,1.0,1.0,1.0,1.0,4.0,1.0,2.0,1.0,2.0,1.0,4.0,7.0,1.0,1.0,2.0,2.0,1.0,2.0,1.0,7.0,1.0,431.0,566.0,3.0,1.0,1.0,1.0,1.0,2.0,1.0,1.0,4.0,1.0,15.0,15.0,1.0,252.0,1.0,1.0,1.0,3.0,1.0,3.0,1.0,4.0,3.0,2.0,1.0,1.0,1.0,1.0,1.0,1.0,6.0,1.0,1.0,4.0,1.0,2.0,1.0,1.0,3.0,2.0,2.0,30.0,10.0,4.0,35.0,35.0,63.0,3.0,4.0,10.0,19.0,7.0,2.0,1.0,8.0,4.0,14.0,4.0,16.0,1.0,1.0,53.0,33.0
2024-03-04,1.0,1.0,1.0,1.0,1.0,1.0,1.0,1.0,1.0,1.0,2.0,2.0,1.0,1.0,1.0,123.0,1.0,1.0,1.0,1.0,1.0,2.0,1.0,1.0,1.0,1.0,2.0,1.0,1.0,1.0,1.0,1.0,3.0,1.0,1.0,1.0,1.0,1.0,1.0,2.0,1.0,1.0,1.0,2.0,1.0,1.0,1.0,1.0,1.0,1.0,1.0,1.0,1.0,1.0,1.0,1.0,1.0,2.0,2.0,2.0,1.0,1.0,2.0,2.0,1.0,2.0,1.0,3.0,1.0,1.0,1.0,1.0,1.0,1.0,2.0,1.0,1.0,2.0,1.0,1.0,1.0,1.0,1.0,1.0,3.0,1.0,1.0,1.0,1.0,1.0,1.0,1.0,1.0,1.0,1.0,1.0,1.0,2.0,1.0,3.0,1.0,1.0,1.0,3.0,1.0,3.0,2.0,3.0,1.0,1.0,2.0,1.0,1.0,1.0,1.0,1.0,1.0,1.0,2.0,1.0,1.0,1.0,1.0,1.0,1.0,1.0,2.0,1.0,1.0,1.0,1.0,1.0,1.0,1.0,1.0,1.0,1.0,1.0,1.0,1.0,1.0,1.0,1.0,1.0,1.0,1.0,1.0,1.0,1.0,1.0,1.0,1.0,1.0,1.0,1.0,1.0,1.0,1.0,2.0,1.0,4.0,2.0,1.0,1.0,1.0,2.0,1.0,1.0,1.0,2.0,1.0,1.0,1.0,1.0,1.0,1.0,1.0,1.0,1.0,1.0,1.0,2.0,1.0,1.0,1.0,1.0,1.0,1.0,1.0,1.0,2.0,1.0,1.0,1.0,1.0,2.0,1.0,1.0,1.0,1.0,1.0,1.0,2.0,1.0,1.0,1.0,1.0,2.0,1.0,1.0,1.0,1.0,1.0,1.0,1.0,1.0,1.0,1.0,2.0,1.0,1.0,1.0,3.0,1.0,2.0,1.0,1.0,1.0,1.0,2.0,1.0,1.0,2.0,2.0,1.0,1.0,2.0,1.0,1.0,2.0,1.0,1.0,1.0,1.0,1.0,1.0,1.0,1.0,1.0,1.0,1.0,1.0,1.0,1.0,1.0,1.0,1.0,1.0,1.0,186.0,2.0,1.0,3.0,1.0,1.0,2.0,1.0,1.0,3.0,1.0,3.0,2.0,4.0,1.0,3.0,2.0,1.0,1.0,1.0,2.0,1.0,1.0,1.0,1.0,2.0,1.0,1.0,4.0,5.0,1.0,2.0,1.0,3.0,5.0,1.0,3.0,3.0,1.0,1.0,2.0,1.0,3.0,30.0,1.0,3.0,3.0,1.0,1.0,1.0,1.0,2.0,1.0,1.0,2.0,1.0,2.0,1.0,1.0,1.0,1.0,1.0,1.0,1.0,1.0,1.0,1.0,2.0,1.0,1.0,1.0,1.0,2.0,1.0,1.0,1.0,3.0,1.0,1.0,2.0,1.0,2.0,1.0,1.0,1.0,5.0,1.0,7.0,4.0,1.0,2.0,1.0,2.0,1.0,1.0,6.0,4.0,1.0,2.0,3.0,2.0,1.0,2.0,1.0,1.0,3.0,2.0,1.0,1.0,1.0,1.0,1.0,1.0,2.0,2.0,1.0,1.0,1.0,1.0,1.0,161.0,1.0,145.0,1.0,1.0,1.0,1.0,2.0,2.0,1.0,1.0,1.0,1.0,3.0,1.0,1.0,1.0,1.0,2.0,1.0,1.0,1.0,88.0,1.0,1.0,1.0,1.0,1.0,1.0,1.0,2.0,1.0,1.0,1.0,580.0,1.0,2.0,1.0,51.0,3.0,3.0,1.0,1.0,3.0,1.0,1.0,1.0,1.0,1.0,4.0,1.0,1.0,1.0,3.0,1.0,4.0,1.0,1.0,1.0,1.0,1.0,1.0,1.0,2.0,1.0,1.0,1.0,148.0,1.0,1.0,1.0,1.0,1.0,1.0,1.0,1.0,1.0,1.0,2.0,1.0,4.0,2.0,2.0,1.0,1.0,1.0,1.0,1.0,1.0,2.0,2.0,1.0,1.0,1.0,1.0,1.0,1.0,1.0,1.0,2.0,1.0,1.0,1.0,2.0,1.0,1.0,4.0,1.0,1.0,2.0,1.0,1.0,1.0,1.0,1.0,1.0,1.0,1.0,2.0,1.0,1.0,2.0,1.0,1.0,1.0,1.0,1.0,1.0,1.0,1.0,1.0,1.0,1.0,1.0,2.0,1.0,1.0,1.0,1.0,1.0,1.0,2.0,1.0,1.0,1.0,1.0,1.0,1.0,1.0,2.0,1.0,1.0,2.0,1.0,1.0,1.0,502.0,566.0,1.0,1.0,1.0,1.0,1.0,1.0,1.0,9.0,1.0,1.0,1.0,1.0,1.0,190.0,1.0,1.0,1.0,1.0,1.0,2.0,3.0,2.0,1.0,1.0,1.0,1.0,2.0,2.0,1.0,1.0,1.0,1.0,2.0,30.0,1.0,1.0,1.0,1.0,1.0,1.0,1.0,1.0,2.0,1.0,1.0,1.0,3.0,8.0,7.0,9.0,12.0,5.0,2.0,2.0,1.0,3.0,2.0,1.0,1.0,1.0,1.0,1.0,1.0
2024-03-05,1.0,1.0,1.0,1.0,1.0,1.0,1.0,1.0,1.0,1.0,1.0,1.0,1.0,1.0,1.0,305.0,1.0,2.0,1.0,1.0,1.0,2.0,1.0,1.0,1.0,1.0,1.0,1.0,1.0,1.0,2.0,1.0,1.0,1.0,1.0,2.0,1.0,1.0,1.0,1.0,1.0,1.0,1.0,1.0,1.0,1.0,1.0,1.0,1.0,1.0,1.0,1.0,1.0,1.0,1.0,1.0,1.0,2.0,1.0,1.0,2.0,1.0,1.0,1.0,1.0,1.0,1.0,2.0,1.0,1.0,1.0,1.0,1.0,1.0,1.0,1.0,1.0,1.0,1.0,1.0,1.0,1.0,1.0,1.0,1.0,1.0,1.0,1.0,1.0,2.0,1.0,1.0,1.0,1.0,1.0,1.0,1.0,1.0,4.0,3.0,1.0,1.0,1.0,1.0,3.0,2.0,1.0,2.0,1.0,2.0,2.0,1.0,1.0,1.0,1.0,1.0,1.0,1.0,2.0,1.0,1.0,1.0,1.0,1.0,1.0,1.0,1.0,1.0,1.0,1.0,1.0,1.0,1.0,1.0,1.0,2.0,1.0,1.0,1.0,1.0,1.0,1.0,1.0,1.0,1.0,1.0,1.0,1.0,1.0,1.0,1.0,1.0,1.0,1.0,1.0,1.0,1.0,1.0,2.0,1.0,1.0,1.0,1.0,1.0,1.0,1.0,1.0,1.0,2.0,1.0,1.0,1.0,1.0,1.0,1.0,1.0,1.0,1.0,1.0,1.0,1.0,1.0,1.0,1.0,1.0,1.0,1.0,1.0,1.0,1.0,2.0,1.0,1.0,1.0,1.0,2.0,1.0,1.0,1.0,1.0,1.0,1.0,2.0,1.0,1.0,1.0,1.0,1.0,1.0,1.0,1.0,1.0,1.0,1.0,1.0,1.0,1.0,1.0,2.0,1.0,1.0,1.0,1.0,1.0,1.0,3.0,1.0,1.0,1.0,1.0,1.0,1.0,1.0,1.0,1.0,1.0,1.0,1.0,1.0,1.0,1.0,1.0,1.0,1.0,1.0,1.0,1.0,1.0,1.0,1.0,1.0,1.0,1.0,1.0,1.0,1.0,1.0,1.0,1.0,186.0,1.0,2.0,1.0,2.0,2.0,1.0,1.0,3.0,1.0,2.0,2.0,3.0,2.0,1.0,2.0,4.0,2.0,3.0,1.0,8.0,1.0,1.0,1.0,2.0,1.0,3.0,4.0,1.0,1.0,2.0,5.0,3.0,2.0,1.0,1.0,1.0,2.0,2.0,3.0,3.0,2.0,1.0,419.0,2.0,2.0,2.0,1.0,1.0,1.0,1.0,1.0,2.0,1.0,1.0,2.0,2.0,1.0,1.0,1.0,1.0,1.0,1.0,1.0,1.0,1.0,1.0,1.0,1.0,1.0,3.0,1.0,1.0,2.0,1.0,2.0,1.0,1.0,1.0,1.0,1.0,1.0,1.0,1.0,1.0,5.0,2.0,7.0,2.0,1.0,1.0,1.0,1.0,1.0,1.0,2.0,1.0,2.0,2.0,4.0,2.0,1.0,2.0,1.0,1.0,1.0,2.0,1.0,1.0,1.0,2.0,1.0,1.0,2.0,1.0,1.0,1.0,1.0,1.0,1.0,245.0,1.0,1.0,1.0,1.0,1.0,1.0,1.0,8.0,1.0,1.0,1.0,1.0,1.0,1.0,1.0,1.0,1.0,2.0,1.0,1.0,1.0,59.0,1.0,2.0,1.0,1.0,1.0,1.0,1.0,1.0,1.0,1.0,1.0,348.0,1.0,1.0,1.0,538.0,1.0,1.0,1.0,1.0,3.0,1.0,1.0,1.0,1.0,1.0,3.0,1.0,1.0,2.0,1.0,2.0,103.0,1.0,1.0,1.0,1.0,1.0,1.0,1.0,1.0,1.0,1.0,1.0,88.0,2.0,1.0,2.0,1.0,1.0,1.0,1.0,1.0,3.0,238.0,2.0,1.0,1.0,3.0,1.0,1.0,2.0,1.0,1.0,1.0,1.0,1.0,2.0,1.0,1.0,1.0,1.0,1.0,1.0,1.0,2.0,1.0,1.0,1.0,1.0,2.0,1.0,1.0,3.0,1.0,1.0,1.0,1.0,1.0,1.0,1.0,1.0,1.0,1.0,1.0,1.0,1.0,1.0,1.0,1.0,1.0,1.0,1.0,1.0,1.0,2.0,1.0,1.0,2.0,1.0,1.0,1.0,1.0,1.0,1.0,1.0,1.0,2.0,2.0,193.0,2.0,2.0,1.0,1.0,1.0,1.0,2.0,2.0,1.0,2.0,1.0,1.0,179.0,512.0,566.0,1.0,1.0,1.0,1.0,1.0,1.0,1.0,1.0,1.0,1.0,1.0,1.0,1.0,186.0,1.0,1.0,1.0,1.0,1.0,1.0,1.0,2.0,1.0,2.0,1.0,1.0,1.0,2.0,1.0,1.0,2.0,1.0,1.0,4.0,2.0,1.0,1.0,1.0,2.0,1.0,1.0,1.0,2.0,1.0,1.0,1.0,6.0,4.0,6.0,6.0,9.0,2.0,1.0,1.0,1.0,4.0,6.0,1.0,1.0,1.0,1.0,1.0,1.0
2024-03-06,1.0,1.0,1.0,1.0,1.0,1.0,1.0,1.0,1.0,1.0,2.0,1.0,1.0,1.0,1.0,65.0,1.0,2.0,1.0,1.0,1.0,1.0,1.0,1.0,1.0,1.0,2.0,1.0,1.0,1.0,2.0,1.0,1.0,1.0,1.0,1.0,1.0,1.0,1.0,1.0,1.0,2.0,1.0,2.0,1.0,1.0,1.0,1.0,1.0,1.0,1.0,2.0,1.0,1.0,1.0,1.0,1.0,2.0,1.0,1.0,2.0,3.0,2.0,5.0,1.0,1.0,3.0,1.0,1.0,1.0,1.0,1.0,1.0,1.0,2.0,1.0,2.0,1.0,1.0,1.0,1.0,1.0,1.0,1.0,1.0,3.0,1.0,4.0,1.0,5.0,3.0,1.0,1.0,1.0,1.0,1.0,1.0,1.0,4.0,1.0,1.0,1.0,1.0,5.0,2.0,2.0,1.0,3.0,1.0,2.0,2.0,1.0,1.0,1.0,1.0,1.0,1.0,1.0,1.0,1.0,1.0,1.0,1.0,1.0,1.0,1.0,2.0,1.0,1.0,1.0,1.0,1.0,1.0,1.0,1.0,1.0,1.0,1.0,1.0,1.0,1.0,1.0,1.0,1.0,2.0,1.0,1.0,1.0,1.0,1.0,1.0,1.0,1.0,1.0,1.0,1.0,1.0,1.0,1.0,1.0,1.0,2.0,1.0,1.0,1.0,1.0,1.0,1.0,1.0,1.0,1.0,1.0,1.0,1.0,1.0,1.0,1.0,1.0,1.0,1.0,1.0,1.0,1.0,1.0,1.0,1.0,1.0,1.0,1.0,1.0,2.0,1.0,1.0,1.0,1.0,2.0,1.0,1.0,1.0,1.0,1.0,1.0,1.0,2.0,1.0,1.0,1.0,1.0,1.0,1.0,1.0,1.0,1.0,1.0,1.0,1.0,1.0,2.0,1.0,1.0,1.0,1.0,1.0,1.0,1.0,1.0,1.0,1.0,1.0,1.0,1.0,2.0,1.0,1.0,1.0,1.0,2.0,1.0,1.0,1.0,1.0,1.0,1.0,1.0,1.0,1.0,1.0,1.0,1.0,1.0,1.0,2.0,1.0,1.0,1.0,1.0,1.0,1.0,1.0,186.0,1.0,1.0,1.0,2.0,1.0,2.0,2.0,2.0,1.0,2.0,4.0,6.0,1.0,1.0,1.0,2.0,2.0,2.0,2.0,1.0,1.0,1.0,1.0,1.0,1.0,1.0,3.0,1.0,3.0,3.0,1.0,3.0,2.0,1.0,3.0,1.0,5.0,2.0,4.0,2.0,1.0,1.0,558.0,1.0,3.0,2.0,1.0,1.0,1.0,1.0,1.0,1.0,1.0,1.0,1.0,1.0,2.0,2.0,1.0,1.0,2.0,1.0,1.0,1.0,1.0,1.0,1.0,1.0,1.0,1.0,1.0,2.0,1.0,2.0,1.0,1.0,2.0,1.0,1.0,1.0,1.0,2.0,2.0,1.0,2.0,3.0,2.0,2.0,1.0,3.0,4.0,2.0,2.0,1.0,1.0,2.0,6.0,1.0,3.0,2.0,1.0,1.0,1.0,1.0,2.0,2.0,1.0,1.0,1.0,2.0,1.0,3.0,1.0,3.0,3.0,1.0,1.0,9.0,1.0,1.0,1.0,1.0,1.0,1.0,1.0,1.0,1.0,1.0,1.0,1.0,31.0,1.0,3.0,2.0,1.0,1.0,1.0,1.0,1.0,1.0,1.0,1.0,1.0,1.0,1.0,1.0,1.0,2.0,1.0,1.0,1.0,1.0,1.0,1.0,1.0,1.0,1.0,15.0,1.0,1.0,4.0,1.0,6.0,1.0,2.0,1.0,2.0,1.0,2.0,1.0,2.0,2.0,1.0,1.0,3.0,1.0,1.0,1.0,1.0,1.0,3.0,1.0,2.0,1.0,1.0,1.0,53.0,1.0,1.0,1.0,1.0,1.0,1.0,1.0,2.0,1.0,2.0,1.0,1.0,2.0,3.0,4.0,1.0,2.0,1.0,1.0,1.0,1.0,1.0,1.0,2.0,1.0,1.0,1.0,1.0,1.0,1.0,2.0,2.0,1.0,1.0,1.0,1.0,1.0,1.0,2.0,1.0,1.0,2.0,1.0,1.0,1.0,1.0,1.0,1.0,1.0,2.0,1.0,1.0,1.0,2.0,1.0,1.0,1.0,1.0,1.0,1.0,2.0,1.0,1.0,1.0,1.0,1.0,1.0,1.0,1.0,1.0,1.0,1.0,1.0,1.0,195.0,1.0,1.0,1.0,1.0,1.0,2.0,1.0,1.0,1.0,2.0,1.0,1.0,2.0,496.0,566.0,1.0,1.0,1.0,1.0,1.0,1.0,1.0,1.0,1.0,1.0,1.0,1.0,1.0,180.0,1.0,1.0,1.0,2.0,1.0,4.0,3.0,4.0,2.0,1.0,1.0,1.0,1.0,1.0,1.0,1.0,1.0,1.0,1.0,3.0,1.0,1.0,1.0,1.0,2.0,1.0,1.0,1.0,2.0,1.0,1.0,2.0,1.0,1.0,6.0,4.0,9.0,2.0,2.0,1.0,1.0,3.0,1.0,1.0,1.0,1.0,1.0,1.0,1.0
2024-03-07,1.0,1.0,1.0,1.0,1.0,1.0,1.0,1.0,1.0,1.0,1.0,2.0,1.0,1.0,1.0,9.0,1.0,1.0,1.0,1.0,1.0,1.0,1.0,1.0,1.0,1.0,3.0,1.0,1.0,1.0,1.0,1.0,2.0,1.0,1.0,1.0,1.0,1.0,1.0,1.0,1.0,1.0,6.0,1.0,1.0,1.0,1.0,1.0,1.0,1.0,1.0,1.0,1.0,1.0,1.0,1.0,1.0,1.0,1.0,1.0,1.0,1.0,2.0,1.0,1.0,1.0,1.0,1.0,1.0,1.0,1.0,1.0,1.0,1.0,1.0,1.0,1.0,1.0,1.0,1.0,1.0,150.0,1.0,1.0,2.0,1.0,1.0,1.0,1.0,1.0,1.0,1.0,1.0,1.0,1.0,1.0,1.0,1.0,1.0,2.0,1.0,1.0,1.0,1.0,2.0,1.0,1.0,2.0,1.0,3.0,2.0,1.0,1.0,1.0,1.0,1.0,1.0,1.0,1.0,1.0,1.0,1.0,1.0,1.0,1.0,1.0,1.0,1.0,1.0,1.0,1.0,1.0,2.0,1.0,1.0,1.0,2.0,1.0,1.0,1.0,1.0,1.0,1.0,1.0,2.0,1.0,1.0,1.0,1.0,1.0,1.0,1.0,1.0,1.0,1.0,1.0,1.0,1.0,1.0,2.0,1.0,3.0,1.0,1.0,1.0,1.0,1.0,1.0,1.0,1.0,1.0,1.0,1.0,1.0,1.0,1.0,1.0,1.0,1.0,1.0,1.0,1.0,1.0,1.0,1.0,1.0,1.0,1.0,1.0,1.0,1.0,1.0,1.0,1.0,1.0,2.0,1.0,1.0,1.0,1.0,1.0,1.0,1.0,2.0,1.0,1.0,1.0,1.0,1.0,1.0,1.0,1.0,1.0,1.0,1.0,1.0,1.0,1.0,1.0,1.0,1.0,1.0,1.0,1.0,3.0,1.0,1.0,1.0,1.0,1.0,1.0,1.0,1.0,1.0,1.0,1.0,1.0,1.0,1.0,1.0,1.0,1.0,1.0,1.0,1.0,1.0,1.0,1.0,1.0,1.0,1.0,1.0,1.0,1.0,1.0,1.0,1.0,1.0,1.0,186.0,1.0,1.0,2.0,2.0,1.0,1.0,1.0,1.0,1.0,2.0,2.0,2.0,1.0,5.0,1.0,2.0,1.0,1.0,1.0,1.0,1.0,1.0,1.0,2.0,1.0,1.0,1.0,2.0,2.0,1.0,1.0,2.0,1.0,2.0,1.0,1.0,3.0,1.0,1.0,1.0,1.0,2.0,419.0,1.0,1.0,2.0,1.0,2.0,1.0,1.0,2.0,1.0,1.0,2.0,1.0,2.0,1.0,1.0,1.0,1.0,1.0,1.0,1.0,1.0,1.0,1.0,1.0,1.0,1.0,1.0,1.0,1.0,1.0,2.0,1.0,1.0,1.0,1.0,1.0,1.0,2.0,1.0,1.0,1.0,3.0,8.0,3.0,2.0,4.0,4.0,2.0,1.0,2.0,1.0,6.0,1.0,1.0,1.0,3.0,2.0,1.0,2.0,1.0,1.0,1.0,1.0,1.0,1.0,1.0,1.0,1.0,1.0,3.0,4.0,2.0,1.0,1.0,1.0,1.0,1.0,2.0,3.0,1.0,2.0,1.0,1.0,1.0,1.0,1.0,1.0,1.0,1.0,3.0,3.0,1.0,1.0,1.0,2.0,1.0,1.0,1.0,1.0,1.0,1.0,1.0,2.0,1.0,2.0,1.0,1.0,1.0,1.0,1.0,1.0,1.0,1.0,1.0,1.0,1.0,1.0,3.0,1.0,4.0,1.0,1.0,1.0,2.0,1.0,2.0,1.0,2.0,1.0,1.0,1.0,2.0,1.0,1.0,1.0,1.0,1.0,1.0,1.0,1.0,1.0,1.0,1.0,57.0,1.0,1.0,2.0,1.0,1.0,1.0,1.0,1.0,1.0,1.0,2.0,1.0,2.0,2.0,2.0,1.0,2.0,1.0,1.0,1.0,1.0,1.0,1.0,1.0,1.0,1.0,1.0,1.0,1.0,1.0,1.0,1.0,1.0,1.0,1.0,1.0,3.0,1.0,1.0,1.0,1.0,1.0,1.0,1.0,2.0,1.0,1.0,1.0,1.0,1.0,1.0,1.0,1.0,1.0,1.0,1.0,1.0,1.0,1.0,1.0,2.0,1.0,1.0,1.0,1.0,1.0,1.0,1.0,1.0,1.0,1.0,4.0,1.0,1.0,358.0,4.0,1.0,1.0,1.0,1.0,1.0,2.0,1.0,1.0,2.0,1.0,1.0,349.0,519.0,566.0,1.0,1.0,1.0,1.0,1.0,1.0,1.0,1.0,1.0,1.0,1.0,1.0,1.0,172.0,1.0,1.0,1.0,3.0,1.0,2.0,1.0,3.0,1.0,1.0,1.0,1.0,2.0,1.0,1.0,1.0,1.0,1.0,1.0,2.0,1.0,1.0,1.0,1.0,1.0,1.0,2.0,1.0,1.0,2.0,1.0,1.0,3.0,1.0,3.0,2.0,4.0,2.0,2.0,1.0,1.0,3.0,4.0,1.0,1.0,1.0,1.0,1.0,1.0
2024-03-08,1.0,1.0,1.0,1.0,1.0,1.0,1.0,1.0,1.0,1.0,1.0,1.0,1.0,1.0,1.0,1.0,1.0,1.0,1.0,1.0,1.0,2.0,1.0,1.0,1.0,1.0,1.0,1.0,1.0,1.0,3.0,1.0,1.0,1.0,1.0,1.0,1.0,1.0,1.0,1.0,1.0,1.0,1.0,1.0,1.0,1.0,1.0,1.0,1.0,1.0,1.0,1.0,1.0,1.0,1.0,1.0,1.0,2.0,1.0,1.0,2.0,1.0,1.0,1.0,1.0,1.0,1.0,1.0,1.0,1.0,1.0,1.0,1.0,1.0,2.0,1.0,1.0,1.0,1.0,1.0,1.0,22.0,1.0,2.0,3.0,1.0,1.0,1.0,3.0,1.0,2.0,1.0,2.0,1.0,1.0,1.0,1.0,3.0,2.0,1.0,1.0,1.0,1.0,2.0,1.0,1.0,1.0,2.0,1.0,1.0,2.0,1.0,1.0,1.0,1.0,1.0,2.0,1.0,1.0,1.0,1.0,1.0,1.0,1.0,1.0,1.0,1.0,1.0,1.0,1.0,1.0,1.0,1.0,1.0,1.0,1.0,1.0,1.0,1.0,1.0,1.0,1.0,2.0,1.0,2.0,1.0,1.0,1.0,1.0,1.0,1.0,1.0,1.0,1.0,1.0,1.0,1.0,1.0,1.0,1.0,1.0,1.0,1.0,1.0,1.0,1.0,1.0,1.0,1.0,1.0,1.0,1.0,1.0,1.0,1.0,1.0,1.0,1.0,2.0,1.0,1.0,1.0,1.0,1.0,1.0,1.0,2.0,1.0,1.0,1.0,1.0,1.0,1.0,1.0,1.0,1.0,2.0,1.0,1.0,1.0,1.0,1.0,1.0,1.0,1.0,1.0,1.0,1.0,1.0,2.0,1.0,1.0,1.0,1.0,1.0,1.0,2.0,1.0,1.0,1.0,1.0,1.0,1.0,4.0,1.0,3.0,1.0,1.0,1.0,1.0,1.0,1.0,1.0,1.0,1.0,1.0,1.0,1.0,1.0,1.0,1.0,1.0,1.0,1.0,1.0,1.0,1.0,1.0,1.0,1.0,1.0,1.0,1.0,9.0,5.0,1.0,1.0,1.0,1.0,186.0,1.0,4.0,2.0,1.0,1.0,1.0,1.0,2.0,1.0,3.0,1.0,1.0,4.0,2.0,2.0,2.0,2.0,2.0,1.0,1.0,1.0,1.0,1.0,2.0,1.0,1.0,1.0,2.0,2.0,3.0,4.0,1.0,2.0,1.0,4.0,1.0,4.0,2.0,1.0,1.0,1.0,2.0,419.0,4.0,2.0,1.0,1.0,1.0,1.0,1.0,1.0,2.0,1.0,1.0,1.0,1.0,1.0,1.0,1.0,1.0,1.0,1.0,1.0,1.0,1.0,1.0,1.0,1.0,1.0,1.0,1.0,1.0,1.0,1.0,2.0,3.0,1.0,1.0,1.0,1.0,1.0,1.0,3.0,1.0,1.0,2.0,5.0,1.0,2.0,1.0,1.0,1.0,1.0,2.0,2.0,1.0,1.0,4.0,4.0,1.0,3.0,1.0,1.0,1.0,2.0,1.0,1.0,1.0,3.0,1.0,1.0,1.0,2.0,1.0,2.0,1.0,1.0,1.0,1.0,1.0,2.0,37.0,1.0,1.0,2.0,1.0,1.0,3.0,1.0,1.0,1.0,1.0,3.0,1.0,1.0,1.0,1.0,2.0,1.0,454.0,1.0,1.0,1.0,1.0,1.0,2.0,1.0,1.0,1.0,1.0,1.0,1.0,1.0,1.0,1.0,1.0,1.0,1.0,4.0,1.0,1.0,1.0,5.0,1.0,1.0,1.0,2.0,1.0,1.0,1.0,1.0,1.0,1.0,1.0,1.0,1.0,1.0,1.0,1.0,1.0,1.0,1.0,1.0,1.0,1.0,1.0,77.0,1.0,1.0,1.0,1.0,1.0,1.0,2.0,1.0,1.0,200.0,1.0,4.0,1.0,2.0,2.0,1.0,2.0,1.0,1.0,1.0,1.0,1.0,1.0,2.0,1.0,1.0,1.0,1.0,1.0,1.0,1.0,2.0,1.0,1.0,1.0,1.0,1.0,1.0,3.0,1.0,1.0,1.0,1.0,1.0,1.0,2.0,1.0,1.0,2.0,1.0,1.0,1.0,1.0,1.0,2.0,1.0,1.0,1.0,1.0,1.0,1.0,1.0,3.0,1.0,1.0,1.0,1.0,1.0,1.0,1.0,1.0,1.0,1.0,2.0,1.0,1.0,2.0,3.0,1.0,3.0,1.0,2.0,3.0,1.0,1.0,1.0,2.0,1.0,2.0,566.0,1.0,1.0,1.0,1.0,1.0,1.0,1.0,1.0,1.0,1.0,1.0,1.0,1.0,197.0,1.0,1.0,1.0,1.0,1.0,2.0,3.0,2.0,1.0,2.0,1.0,1.0,1.0,1.0,1.0,1.0,1.0,1.0,2.0,2.0,1.0,1.0,1.0,1.0,1.0,1.0,2.0,1.0,1.0,2.0,1.0,1.0,1.0,2.0,3.0,3.0,1.0,1.0,1.0,3.0,1.0,4.0,1.0,1.0,1.0,1.0,1.0,1.0,1.0
2024-03-09,1.0,1.0,1.0,2.0,1.0,1.0,2.0,1.0,1.0,1.0,1.0,1.0,1.0,1.0,3.0,1.0,1.0,1.0,1.0,1.0,1.0,2.0,1.0,1.0,1.0,1.0,1.0,1.0,1.0,1.0,2.0,1.0,2.0,1.0,3.0,1.0,1.0,1.0,1.0,1.0,1.0,1.0,1.0,2.0,1.0,1.0,1.0,1.0,3.0,1.0,1.0,1.0,2.0,1.0,1.0,1.0,2.0,1.0,2.0,1.0,2.0,1.0,2.0,1.0,4.0,3.0,1.0,1.0,1.0,1.0,1.0,1.0,1.0,1.0,1.0,1.0,1.0,1.0,1.0,1.0,1.0,13.0,1.0,3.0,1.0,1.0,2.0,2.0,2.0,1.0,1.0,1.0,1.0,1.0,1.0,1.0,1.0,2.0,2.0,1.0,2.0,1.0,1.0,1.0,2.0,1.0,1.0,1.0,1.0,1.0,2.0,1.0,1.0,1.0,2.0,3.0,3.0,2.0,1.0,1.0,1.0,1.0,1.0,1.0,1.0,1.0,2.0,1.0,1.0,1.0,2.0,1.0,1.0,1.0,1.0,2.0,2.0,1.0,2.0,2.0,1.0,2.0,2.0,2.0,1.0,1.0,1.0,1.0,1.0,1.0,1.0,1.0,1.0,1.0,1.0,1.0,1.0,1.0,3.0,2.0,1.0,3.0,1.0,1.0,1.0,1.0,1.0,1.0,1.0,2.0,1.0,1.0,1.0,1.0,1.0,1.0,1.0,5.0,2.0,1.0,1.0,1.0,1.0,2.0,1.0,1.0,1.0,1.0,1.0,1.0,2.0,2.0,1.0,1.0,1.0,2.0,1.0,1.0,1.0,1.0,1.0,1.0,1.0,2.0,1.0,1.0,1.0,1.0,1.0,1.0,1.0,1.0,1.0,1.0,1.0,1.0,1.0,1.0,1.0,1.0,1.0,1.0,1.0,1.0,2.0,3.0,1.0,1.0,1.0,1.0,1.0,2.0,1.0,1.0,2.0,1.0,3.0,1.0,1.0,2.0,1.0,1.0,1.0,1.0,1.0,1.0,1.0,1.0,1.0,1.0,1.0,1.0,1.0,1.0,1.0,1.0,1.0,2.0,1.0,186.0,1.0,1.0,1.0,1.0,1.0,1.0,1.0,3.0,2.0,2.0,12.0,6.0,1.0,1.0,7.0,3.0,2.0,1.0,1.0,2.0,1.0,1.0,1.0,1.0,1.0,1.0,1.0,2.0,2.0,3.0,2.0,1.0,3.0,1.0,1.0,2.0,1.0,1.0,2.0,1.0,1.0,4.0,419.0,1.0,1.0,2.0,1.0,1.0,1.0,1.0,2.0,2.0,1.0,2.0,1.0,2.0,1.0,2.0,1.0,1.0,1.0,1.0,2.0,1.0,1.0,1.0,1.0,1.0,2.0,1.0,1.0,1.0,2.0,1.0,1.0,2.0,1.0,1.0,4.0,1.0,2.0,1.0,1.0,1.0,8.0,2.0,5.0,1.0,1.0,1.0,4.0,5.0,6.0,8.0,1.0,2.0,3.0,2.0,5.0,5.0,4.0,2.0,1.0,2.0,1.0,2.0,1.0,1.0,1.0,2.0,1.0,4.0,4.0,3.0,1.0,2.0,1.0,1.0,1.0,1.0,3.0,282.0,1.0,1.0,2.0,1.0,1.0,1.0,1.0,1.0,1.0,1.0,1.0,3.0,1.0,1.0,1.0,2.0,1.0,187.0,1.0,118.0,1.0,1.0,1.0,3.0,1.0,1.0,1.0,1.0,1.0,126.0,2.0,1.0,1.0,1.0,1.0,2.0,1.0,2.0,3.0,1.0,2.0,1.0,1.0,1.0,1.0,2.0,1.0,1.0,1.0,4.0,1.0,1.0,2.0,1.0,1.0,2.0,1.0,2.0,1.0,2.0,2.0,1.0,5.0,1.0,262.0,1.0,1.0,1.0,2.0,1.0,1.0,1.0,2.0,1.0,552.0,1.0,1.0,1.0,3.0,3.0,1.0,2.0,2.0,1.0,1.0,1.0,1.0,1.0,2.0,1.0,1.0,5.0,6.0,1.0,1.0,1.0,2.0,1.0,1.0,1.0,2.0,1.0,1.0,2.0,1.0,1.0,1.0,1.0,1.0,2.0,2.0,1.0,1.0,2.0,1.0,1.0,1.0,1.0,1.0,2.0,1.0,1.0,1.0,1.0,1.0,2.0,1.0,1.0,1.0,1.0,1.0,1.0,1.0,1.0,1.0,1.0,1.0,1.0,3.0,1.0,2.0,4.0,1.0,11.0,1.0,1.0,1.0,4.0,3.0,1.0,1.0,1.0,1.0,3.0,566.0,1.0,1.0,1.0,1.0,1.0,1.0,1.0,1.0,1.0,1.0,1.0,1.0,1.0,232.0,1.0,1.0,1.0,1.0,1.0,2.0,1.0,3.0,3.0,4.0,2.0,1.0,2.0,2.0,1.0,1.0,1.0,1.0,5.0,2.0,1.0,1.0,3.0,1.0,3.0,4.0,4.0,12.0,1.0,1.0,1.0,5.0,48.0,3.0,4.0,9.0,15.0,6.0,2.0,1.0,4.0,3.0,11.0,1.0,1.0,1.0,1.0,12.0,1.0
2024-03-10,1.0,1.0,1.0,2.0,1.0,13.0,6.0,1.0,2.0,1.0,1.0,1.0,1.0,1.0,1.0,1.0,1.0,1.0,2.0,3.0,1.0,2.0,2.0,6.0,1.0,1.0,2.0,1.0,4.0,3.0,3.0,1.0,1.0,4.0,1.0,2.0,1.0,1.0,1.0,1.0,1.0,1.0,1.0,2.0,1.0,1.0,1.0,1.0,1.0,1.0,1.0,2.0,1.0,1.0,10.0,1.0,2.0,1.0,1.0,2.0,2.0,1.0,2.0,4.0,3.0,1.0,2.0,3.0,1.0,4.0,1.0,1.0,1.0,1.0,2.0,2.0,4.0,1.0,1.0,1.0,1.0,14.0,1.0,1.0,3.0,1.0,4.0,1.0,5.0,1.0,5.0,1.0,2.0,1.0,1.0,1.0,1.0,2.0,1.0,3.0,4.0,1.0,2.0,3.0,1.0,3.0,1.0,2.0,1.0,1.0,2.0,1.0,1.0,1.0,1.0,3.0,2.0,2.0,2.0,1.0,1.0,1.0,1.0,1.0,1.0,1.0,2.0,1.0,1.0,1.0,3.0,3.0,1.0,1.0,2.0,1.0,2.0,1.0,5.0,3.0,1.0,2.0,4.0,2.0,1.0,1.0,1.0,1.0,4.0,1.0,1.0,1.0,1.0,1.0,1.0,1.0,1.0,1.0,1.0,2.0,1.0,4.0,3.0,1.0,1.0,1.0,2.0,1.0,1.0,1.0,1.0,1.0,1.0,1.0,1.0,1.0,1.0,3.0,1.0,1.0,1.0,1.0,1.0,2.0,2.0,1.0,2.0,1.0,3.0,2.0,3.0,2.0,1.0,2.0,1.0,2.0,1.0,1.0,1.0,1.0,1.0,1.0,1.0,2.0,1.0,1.0,1.0,3.0,1.0,2.0,1.0,1.0,1.0,1.0,2.0,1.0,1.0,2.0,2.0,1.0,1.0,2.0,3.0,2.0,1.0,2.0,10.0,4.0,1.0,1.0,1.0,3.0,2.0,1.0,5.0,2.0,2.0,1.0,4.0,1.0,2.0,1.0,1.0,1.0,1.0,1.0,1.0,1.0,1.0,1.0,1.0,2.0,1.0,1.0,1.0,1.0,1.0,1.0,3.0,186.0,3.0,1.0,3.0,1.0,2.0,1.0,1.0,2.0,1.0,4.0,2.0,2.0,1.0,5.0,3.0,1.0,1.0,2.0,1.0,2.0,1.0,1.0,1.0,1.0,2.0,3.0,4.0,2.0,3.0,2.0,1.0,3.0,1.0,2.0,2.0,2.0,2.0,1.0,3.0,2.0,1.0,2.0,419.0,1.0,1.0,1.0,2.0,7.0,3.0,4.0,3.0,1.0,3.0,3.0,1.0,2.0,1.0,1.0,1.0,1.0,1.0,1.0,3.0,1.0,1.0,3.0,1.0,3.0,1.0,1.0,1.0,1.0,2.0,1.0,2.0,4.0,1.0,1.0,6.0,1.0,1.0,2.0,3.0,1.0,3.0,1.0,3.0,2.0,4.0,5.0,8.0,8.0,1.0,4.0,1.0,2.0,4.0,2.0,5.0,3.0,7.0,2.0,1.0,3.0,2.0,3.0,1.0,1.0,1.0,1.0,1.0,4.0,2.0,1.0,2.0,1.0,1.0,1.0,2.0,1.0,1.0,59.0,1.0,1.0,2.0,1.0,2.0,2.0,1.0,1.0,8.0,5.0,2.0,4.0,1.0,1.0,1.0,8.0,4.0,1.0,1.0,88.0,1.0,1.0,4.0,2.0,1.0,3.0,1.0,1.0,1.0,2.0,1.0,1.0,1.0,1.0,1.0,2.0,1.0,6.0,2.0,2.0,1.0,5.0,1.0,1.0,2.0,1.0,1.0,1.0,3.0,1.0,2.0,2.0,5.0,1.0,1.0,1.0,2.0,1.0,2.0,1.0,2.0,2.0,2.0,3.0,246.0,1.0,3.0,1.0,3.0,1.0,1.0,1.0,5.0,1.0,2.0,1.0,1.0,1.0,3.0,9.0,3.0,430.0,16.0,1.0,12.0,4.0,3.0,41.0,1.0,3.0,1.0,1.0,1.0,1.0,2.0,1.0,1.0,1.0,1.0,10.0,3.0,2.0,6.0,4.0,2.0,1.0,1.0,1.0,1.0,2.0,1.0,1.0,1.0,1.0,1.0,2.0,1.0,1.0,2.0,1.0,1.0,1.0,1.0,1.0,1.0,1.0,1.0,1.0,3.0,1.0,2.0,1.0,6.0,1.0,1.0,1.0,4.0,2.0,1.0,1.0,1.0,2.0,1.0,8.0,4.0,1.0,2.0,3.0,1.0,1.0,1.0,1.0,1.0,2.0,566.0,7.0,2.0,1.0,1.0,1.0,1.0,1.0,1.0,1.0,1.0,5.0,5.0,1.0,233.0,1.0,7.0,8.0,5.0,1.0,3.0,1.0,6.0,3.0,2.0,1.0,1.0,2.0,12.0,7.0,1.0,1.0,2.0,2.0,6.0,2.0,1.0,1.0,1.0,3.0,3.0,2.0,25.0,4.0,5.0,42.0,40.0,50.0,3.0,4.0,10.0,13.0,6.0,2.0,1.0,6.0,5.0,18.0,18.0,33.0,1.0,1.0,38.0,1.0
2024-03-11,1.0,2.0,1.0,1.0,1.0,2.0,1.0,1.0,1.0,1.0,1.0,1.0,1.0,1.0,1.0,1.0,1.0,1.0,2.0,1.0,1.0,2.0,1.0,1.0,1.0,1.0,1.0,1.0,1.0,1.0,2.0,1.0,2.0,1.0,1.0,2.0,1.0,1.0,1.0,1.0,1.0,1.0,1.0,1.0,1.0,1.0,1.0,1.0,1.0,1.0,1.0,1.0,1.0,1.0,1.0,1.0,1.0,1.0,1.0,1.0,1.0,1.0,2.0,1.0,4.0,2.0,1.0,1.0,1.0,1.0,1.0,1.0,1.0,1.0,1.0,1.0,1.0,2.0,1.0,1.0,1.0,2.0,1.0,3.0,3.0,1.0,1.0,8.0,6.0,1.0,3.0,1.0,1.0,1.0,1.0,1.0,1.0,1.0,3.0,3.0,1.0,1.0,1.0,4.0,3.0,1.0,1.0,2.0,1.0,1.0,2.0,1.0,1.0,1.0,1.0,1.0,1.0,1.0,1.0,1.0,1.0,1.0,1.0,1.0,1.0,1.0,1.0,1.0,1.0,1.0,1.0,1.0,2.0,1.0,1.0,1.0,2.0,1.0,1.0,1.0,1.0,1.0,1.0,2.0,1.0,1.0,1.0,1.0,1.0,1.0,1.0,1.0,1.0,1.0,1.0,1.0,1.0,1.0,1.0,2.0,3.0,1.0,1.0,1.0,1.0,1.0,1.0,1.0,1.0,1.0,1.0,1.0,1.0,1.0,1.0,1.0,1.0,1.0,1.0,1.0,1.0,1.0,1.0,1.0,1.0,1.0,1.0,1.0,1.0,1.0,2.0,1.0,1.0,1.0,1.0,2.0,1.0,1.0,3.0,1.0,1.0,1.0,2.0,1.0,1.0,1.0,1.0,1.0,1.0,1.0,1.0,1.0,1.0,1.0,1.0,1.0,2.0,1.0,3.0,1.0,1.0,2.0,2.0,2.0,1.0,1.0,1.0,1.0,1.0,1.0,1.0,5.0,2.0,1.0,2.0,1.0,2.0,1.0,1.0,1.0,1.0,1.0,1.0,1.0,3.0,1.0,1.0,1.0,1.0,1.0,1.0,1.0,1.0,7.0,1.0,1.0,1.0,1.0,1.0,186.0,1.0,7.0,3.0,1.0,1.0,1.0,1.0,5.0,6.0,3.0,1.0,1.0,1.0,3.0,1.0,5.0,1.0,2.0,1.0,2.0,1.0,1.0,1.0,2.0,1.0,1.0,1.0,4.0,1.0,2.0,1.0,3.0,2.0,1.0,2.0,2.0,3.0,1.0,3.0,2.0,1.0,4.0,419.0,1.0,2.0,1.0,1.0,1.0,1.0,1.0,2.0,1.0,1.0,1.0,1.0,4.0,1.0,7.0,1.0,1.0,1.0,2.0,1.0,1.0,1.0,1.0,1.0,1.0,3.0,1.0,1.0,2.0,1.0,2.0,1.0,2.0,1.0,2.0,1.0,1.0,1.0,2.0,1.0,1.0,2.0,8.0,2.0,4.0,5.0,3.0,1.0,2.0,1.0,1.0,5.0,3.0,1.0,3.0,2.0,2.0,1.0,3.0,1.0,2.0,3.0,9.0,1.0,4.0,3.0,1.0,1.0,3.0,4.0,1.0,2.0,4.0,1.0,1.0,7.0,1.0,1.0,79.0,1.0,1.0,1.0,1.0,1.0,1.0,1.0,1.0,1.0,1.0,1.0,1.0,1.0,1.0,1.0,3.0,1.0,398.0,8.0,53.0,1.0,1.0,1.0,1.0,1.0,3.0,2.0,1.0,1.0,534.0,1.0,1.0,1.0,1.0,1.0,5.0,1.0,6.0,1.0,1.0,59.0,2.0,2.0,1.0,1.0,1.0,6.0,1.0,1.0,1.0,2.0,1.0,1.0,1.0,3.0,1.0,2.0,2.0,5.0,1.0,2.0,1.0,7.0,2.0,275.0,1.0,1.0,1.0,3.0,1.0,1.0,2.0,1.0,2.0,1.0,2.0,3.0,16.0,1.0,37.0,273.0,133.0,2.0,1.0,44.0,1.0,3.0,2.0,1.0,1.0,1.0,3.0,1.0,1.0,1.0,2.0,3.0,1.0,1.0,2.0,1.0,8.0,6.0,1.0,1.0,1.0,2.0,1.0,1.0,1.0,1.0,1.0,6.0,2.0,1.0,2.0,1.0,3.0,1.0,2.0,3.0,1.0,2.0,1.0,2.0,16.0,1.0,1.0,2.0,2.0,1.0,1.0,1.0,1.0,1.0,5.0,3.0,1.0,3.0,1.0,1.0,3.0,1.0,1.0,1.0,4.0,2.0,1.0,1.0,1.0,1.0,1.0,1.0,1.0,566.0,1.0,1.0,1.0,1.0,1.0,1.0,1.0,14.0,1.0,1.0,1.0,1.0,9.0,203.0,1.0,1.0,2.0,1.0,3.0,1.0,3.0,3.0,1.0,2.0,9.0,1.0,2.0,12.0,1.0,1.0,2.0,1.0,1.0,5.0,1.0,1.0,2.0,1.0,1.0,1.0,1.0,1.0,1.0,7.0,1.0,1.0,3.0,1.0,4.0,1.0,2.0,3.0,2.0,1.0,1.0,3.0,1.0,1.0,1.0,2.0,89.0,1.0,1.0
2024-03-12,1.0,1.0,1.0,1.0,1.0,3.0,1.0,2.0,1.0,1.0,1.0,2.0,1.0,1.0,1.0,1.0,1.0,1.0,1.0,1.0,1.0,2.0,1.0,1.0,1.0,1.0,1.0,1.0,1.0,1.0,2.0,1.0,1.0,1.0,1.0,1.0,1.0,1.0,1.0,1.0,1.0,1.0,1.0,1.0,1.0,1.0,1.0,1.0,1.0,1.0,1.0,1.0,1.0,1.0,1.0,1.0,1.0,2.0,1.0,2.0,1.0,1.0,1.0,1.0,2.0,2.0,1.0,1.0,1.0,1.0,1.0,1.0,1.0,2.0,1.0,1.0,1.0,1.0,1.0,1.0,1.0,27.0,1.0,1.0,2.0,2.0,1.0,1.0,1.0,1.0,1.0,1.0,1.0,1.0,1.0,1.0,1.0,2.0,4.0,1.0,1.0,2.0,1.0,1.0,1.0,2.0,1.0,1.0,1.0,1.0,2.0,1.0,1.0,1.0,1.0,1.0,2.0,1.0,1.0,1.0,1.0,1.0,1.0,1.0,1.0,1.0,2.0,1.0,1.0,1.0,1.0,1.0,1.0,1.0,1.0,1.0,1.0,1.0,1.0,1.0,1.0,1.0,1.0,2.0,2.0,1.0,2.0,1.0,1.0,1.0,1.0,1.0,1.0,1.0,1.0,1.0,1.0,1.0,1.0,2.0,1.0,1.0,1.0,2.0,1.0,1.0,1.0,1.0,1.0,1.0,1.0,1.0,1.0,1.0,1.0,1.0,1.0,1.0,1.0,1.0,1.0,1.0,1.0,1.0,1.0,1.0,2.0,1.0,1.0,1.0,1.0,1.0,1.0,1.0,1.0,2.0,1.0,1.0,1.0,1.0,1.0,1.0,1.0,2.0,1.0,1.0,1.0,1.0,1.0,2.0,1.0,1.0,1.0,1.0,1.0,1.0,1.0,1.0,1.0,1.0,1.0,2.0,1.0,3.0,2.0,1.0,1.0,2.0,2.0,1.0,1.0,2.0,1.0,1.0,1.0,1.0,1.0,1.0,1.0,1.0,1.0,1.0,1.0,1.0,2.0,1.0,1.0,1.0,1.0,1.0,1.0,1.0,3.0,3.0,4.0,1.0,1.0,2.0,1.0,186.0,1.0,1.0,1.0,1.0,1.0,1.0,1.0,3.0,1.0,3.0,4.0,4.0,2.0,1.0,1.0,3.0,2.0,2.0,1.0,1.0,2.0,1.0,1.0,1.0,2.0,1.0,3.0,2.0,1.0,3.0,3.0,2.0,2.0,1.0,1.0,2.0,3.0,1.0,4.0,2.0,1.0,1.0,419.0,1.0,1.0,1.0,2.0,1.0,1.0,1.0,1.0,2.0,1.0,1.0,1.0,1.0,1.0,1.0,1.0,1.0,1.0,2.0,1.0,1.0,1.0,1.0,1.0,1.0,1.0,1.0,1.0,1.0,1.0,2.0,1.0,1.0,3.0,1.0,1.0,1.0,2.0,1.0,1.0,1.0,4.0,3.0,4.0,9.0,5.0,2.0,1.0,2.0,1.0,2.0,6.0,2.0,6.0,4.0,3.0,1.0,1.0,1.0,1.0,1.0,2.0,2.0,1.0,1.0,2.0,1.0,2.0,3.0,3.0,1.0,2.0,1.0,1.0,1.0,1.0,1.0,1.0,20.0,2.0,1.0,1.0,1.0,1.0,2.0,1.0,1.0,1.0,1.0,1.0,1.0,1.0,1.0,1.0,1.0,2.0,1.0,1.0,2.0,1.0,1.0,1.0,2.0,1.0,1.0,1.0,1.0,1.0,219.0,2.0,1.0,1.0,1.0,1.0,1.0,1.0,1.0,1.0,1.0,1.0,1.0,1.0,1.0,1.0,1.0,1.0,1.0,1.0,2.0,1.0,2.0,1.0,1.0,1.0,1.0,1.0,1.0,1.0,1.0,1.0,1.0,1.0,2.0,129.0,1.0,1.0,2.0,1.0,1.0,1.0,1.0,1.0,1.0,2.0,1.0,2.0,1.0,1.0,1.0,1.0,1.0,1.0,1.0,1.0,2.0,3.0,2.0,2.0,2.0,2.0,1.0,4.0,1.0,2.0,1.0,1.0,1.0,1.0,1.0,2.0,1.0,1.0,6.0,1.0,1.0,1.0,1.0,1.0,1.0,1.0,2.0,1.0,1.0,1.0,2.0,1.0,1.0,1.0,2.0,1.0,1.0,1.0,1.0,1.0,1.0,1.0,1.0,1.0,1.0,1.0,1.0,1.0,1.0,1.0,3.0,1.0,1.0,1.0,1.0,15.0,1.0,1.0,1.0,1.0,1.0,1.0,2.0,1.0,1.0,2.0,3.0,1.0,1.0,566.0,1.0,1.0,1.0,1.0,1.0,1.0,1.0,22.0,1.0,1.0,1.0,1.0,4.0,184.0,1.0,1.0,1.0,1.0,2.0,1.0,2.0,2.0,1.0,2.0,1.0,1.0,1.0,1.0,1.0,1.0,2.0,1.0,1.0,1.0,1.0,1.0,1.0,1.0,1.0,1.0,1.0,1.0,2.0,1.0,1.0,1.0,5.0,3.0,3.0,1.0,2.0,4.0,2.0,1.0,1.0,4.0,2.0,1.0,1.0,1.0,1.0,1.0,1.0
2024-03-13,1.0,1.0,1.0,1.0,1.0,1.0,1.0,1.0,1.0,1.0,1.0,2.0,1.0,1.0,1.0,1.0,1.0,1.0,1.0,1.0,1.0,1.0,1.0,1.0,1.0,1.0,1.0,1.0,1.0,1.0,2.0,1.0,1.0,1.0,1.0,1.0,1.0,1.0,1.0,1.0,1.0,1.0,1.0,1.0,1.0,1.0,1.0,1.0,1.0,1.0,1.0,1.0,1.0,1.0,1.0,1.0,1.0,2.0,1.0,1.0,1.0,1.0,2.0,1.0,2.0,1.0,1.0,1.0,1.0,1.0,1.0,1.0,1.0,2.0,1.0,1.0,1.0,1.0,1.0,1.0,1.0,12.0,1.0,1.0,2.0,1.0,1.0,1.0,1.0,3.0,3.0,1.0,1.0,1.0,1.0,1.0,1.0,1.0,2.0,1.0,1.0,1.0,2.0,1.0,1.0,1.0,1.0,1.0,1.0,1.0,2.0,1.0,1.0,1.0,1.0,1.0,3.0,1.0,1.0,1.0,1.0,1.0,1.0,1.0,1.0,1.0,1.0,1.0,1.0,1.0,1.0,1.0,1.0,1.0,1.0,1.0,1.0,2.0,1.0,1.0,1.0,2.0,1.0,1.0,2.0,1.0,1.0,1.0,1.0,1.0,1.0,1.0,2.0,1.0,1.0,1.0,1.0,1.0,1.0,1.0,1.0,2.0,1.0,1.0,1.0,1.0,1.0,1.0,2.0,1.0,1.0,1.0,1.0,1.0,1.0,1.0,1.0,1.0,1.0,1.0,1.0,1.0,1.0,1.0,1.0,1.0,2.0,1.0,5.0,1.0,2.0,2.0,1.0,1.0,1.0,2.0,1.0,1.0,1.0,1.0,1.0,1.0,1.0,2.0,1.0,1.0,1.0,1.0,1.0,1.0,1.0,1.0,1.0,1.0,1.0,1.0,1.0,1.0,1.0,1.0,2.0,1.0,1.0,1.0,3.0,1.0,1.0,1.0,1.0,1.0,1.0,1.0,1.0,1.0,1.0,1.0,2.0,1.0,1.0,1.0,1.0,1.0,1.0,1.0,1.0,1.0,1.0,1.0,1.0,1.0,1.0,1.0,1.0,1.0,2.0,1.0,1.0,1.0,1.0,186.0,1.0,1.0,1.0,2.0,1.0,1.0,2.0,2.0,1.0,3.0,2.0,1.0,4.0,1.0,1.0,2.0,3.0,2.0,1.0,1.0,1.0,1.0,1.0,1.0,1.0,1.0,2.0,2.0,5.0,3.0,1.0,1.0,2.0,1.0,1.0,2.0,1.0,1.0,3.0,1.0,1.0,1.0,566.0,1.0,1.0,2.0,1.0,1.0,1.0,1.0,2.0,1.0,1.0,3.0,1.0,1.0,2.0,1.0,1.0,1.0,2.0,1.0,1.0,1.0,1.0,1.0,1.0,1.0,1.0,1.0,1.0,1.0,2.0,1.0,1.0,1.0,1.0,1.0,2.0,1.0,1.0,2.0,1.0,1.0,1.0,1.0,2.0,1.0,1.0,2.0,3.0,2.0,1.0,1.0,1.0,1.0,2.0,1.0,2.0,5.0,2.0,1.0,1.0,1.0,1.0,1.0,1.0,2.0,1.0,1.0,1.0,1.0,4.0,2.0,2.0,1.0,1.0,1.0,1.0,1.0,2.0,4.0,1.0,2.0,1.0,2.0,1.0,1.0,1.0,1.0,1.0,1.0,3.0,1.0,1.0,1.0,1.0,2.0,1.0,1.0,1.0,1.0,1.0,1.0,1.0,2.0,1.0,2.0,1.0,1.0,1.0,1.0,1.0,1.0,1.0,1.0,1.0,1.0,1.0,1.0,2.0,18.0,1.0,1.0,1.0,4.0,2.0,2.0,1.0,1.0,2.0,1.0,1.0,1.0,2.0,1.0,1.0,1.0,1.0,1.0,1.0,1.0,1.0,2.0,1.0,1.0,191.0,1.0,1.0,1.0,3.0,1.0,1.0,1.0,1.0,2.0,1.0,1.0,1.0,2.0,2.0,1.0,1.0,1.0,1.0,1.0,1.0,1.0,1.0,2.0,2.0,1.0,1.0,1.0,1.0,1.0,1.0,2.0,1.0,1.0,1.0,1.0,1.0,2.0,1.0,1.0,1.0,1.0,1.0,1.0,1.0,2.0,1.0,1.0,1.0,1.0,1.0,1.0,1.0,1.0,1.0,1.0,1.0,1.0,1.0,1.0,1.0,2.0,1.0,1.0,1.0,1.0,1.0,1.0,1.0,1.0,1.0,1.0,1.0,1.0,1.0,1.0,4.0,2.0,1.0,2.0,1.0,2.0,1.0,1.0,1.0,1.0,1.0,1.0,1.0,2.0,566.0,1.0,1.0,1.0,1.0,1.0,1.0,1.0,1.0,1.0,1.0,1.0,1.0,1.0,186.0,1.0,1.0,1.0,1.0,1.0,2.0,4.0,3.0,2.0,1.0,1.0,2.0,1.0,1.0,1.0,1.0,1.0,1.0,2.0,1.0,1.0,1.0,1.0,1.0,1.0,1.0,1.0,1.0,1.0,2.0,1.0,1.0,5.0,2.0,3.0,1.0,2.0,3.0,2.0,1.0,1.0,4.0,1.0,1.0,1.0,1.0,1.0,1.0,1.0
2024-03-14,1.0,1.0,1.0,1.0,1.0,1.0,1.0,1.0,1.0,1.0,1.0,1.0,1.0,1.0,1.0,1.0,1.0,1.0,1.0,1.0,1.0,1.0,1.0,1.0,1.0,1.0,2.0,1.0,1.0,2.0,1.0,2.0,1.0,1.0,1.0,1.0,1.0,1.0,1.0,1.0,1.0,1.0,1.0,1.0,1.0,1.0,1.0,1.0,1.0,1.0,1.0,1.0,1.0,1.0,1.0,1.0,1.0,1.0,1.0,1.0,1.0,1.0,2.0,1.0,1.0,1.0,2.0,1.0,1.0,1.0,1.0,1.0,1.0,1.0,2.0,1.0,1.0,1.0,1.0,1.0,1.0,8.0,1.0,1.0,2.0,2.0,1.0,2.0,1.0,2.0,2.0,1.0,1.0,1.0,1.0,1.0,1.0,1.0,1.0,4.0,1.0,1.0,1.0,1.0,2.0,2.0,1.0,1.0,1.0,2.0,2.0,1.0,1.0,1.0,1.0,1.0,1.0,1.0,1.0,1.0,1.0,1.0,1.0,1.0,1.0,1.0,2.0,1.0,1.0,1.0,1.0,1.0,2.0,1.0,1.0,1.0,2.0,1.0,1.0,1.0,1.0,1.0,2.0,2.0,1.0,1.0,1.0,1.0,1.0,1.0,1.0,1.0,1.0,1.0,1.0,1.0,1.0,1.0,1.0,2.0,1.0,3.0,1.0,1.0,1.0,1.0,1.0,1.0,1.0,1.0,1.0,1.0,1.0,1.0,1.0,1.0,1.0,1.0,1.0,1.0,1.0,1.0,1.0,1.0,1.0,1.0,2.0,1.0,1.0,1.0,1.0,2.0,1.0,1.0,1.0,2.0,1.0,1.0,1.0,1.0,1.0,1.0,1.0,2.0,1.0,1.0,1.0,1.0,1.0,1.0,1.0,1.0,1.0,1.0,1.0,1.0,1.0,1.0,1.0,1.0,1.0,1.0,1.0,1.0,3.0,1.0,1.0,1.0,1.0,1.0,1.0,1.0,1.0,1.0,1.0,1.0,1.0,1.0,1.0,1.0,1.0,1.0,1.0,1.0,1.0,1.0,1.0,1.0,1.0,1.0,1.0,1.0,1.0,48.0,1.0,1.0,1.0,2.0,1.0,186.0,1.0,1.0,1.0,1.0,1.0,2.0,1.0,1.0,1.0,3.0,2.0,1.0,2.0,3.0,1.0,2.0,1.0,1.0,1.0,1.0,1.0,1.0,1.0,2.0,2.0,1.0,1.0,1.0,4.0,2.0,1.0,1.0,1.0,1.0,1.0,1.0,2.0,1.0,4.0,1.0,1.0,1.0,1.0,1.0,1.0,2.0,1.0,1.0,1.0,1.0,2.0,1.0,1.0,2.0,1.0,1.0,2.0,1.0,1.0,1.0,1.0,1.0,1.0,1.0,1.0,1.0,1.0,2.0,1.0,1.0,1.0,1.0,2.0,2.0,1.0,2.0,1.0,1.0,1.0,1.0,1.0,2.0,1.0,1.0,6.0,1.0,5.0,5.0,1.0,1.0,1.0,2.0,1.0,2.0,1.0,1.0,1.0,4.0,2.0,2.0,1.0,2.0,1.0,1.0,1.0,1.0,1.0,1.0,2.0,1.0,1.0,1.0,3.0,2.0,3.0,1.0,1.0,1.0,1.0,1.0,2.0,21.0,1.0,2.0,1.0,1.0,1.0,2.0,1.0,1.0,1.0,1.0,1.0,2.0,1.0,1.0,1.0,2.0,1.0,1.0,1.0,1.0,1.0,1.0,1.0,2.0,1.0,1.0,1.0,2.0,1.0,1.0,1.0,1.0,1.0,1.0,1.0,1.0,4.0,3.0,1.0,1.0,5.0,1.0,1.0,6.0,1.0,1.0,1.0,1.0,4.0,1.0,1.0,1.0,1.0,1.0,1.0,1.0,1.0,1.0,1.0,1.0,1.0,2.0,1.0,1.0,31.0,1.0,1.0,1.0,1.0,1.0,1.0,1.0,1.0,1.0,2.0,1.0,1.0,1.0,1.0,4.0,2.0,1.0,1.0,1.0,1.0,1.0,1.0,1.0,1.0,1.0,1.0,1.0,1.0,1.0,1.0,1.0,1.0,1.0,1.0,1.0,1.0,3.0,1.0,1.0,1.0,1.0,1.0,1.0,1.0,2.0,1.0,1.0,1.0,1.0,1.0,1.0,1.0,1.0,1.0,1.0,1.0,1.0,1.0,1.0,1.0,1.0,1.0,3.0,1.0,1.0,1.0,1.0,1.0,1.0,1.0,1.0,1.0,1.0,1.0,1.0,1.0,1.0,1.0,1.0,1.0,1.0,2.0,1.0,1.0,2.0,1.0,1.0,294.0,3.0,566.0,1.0,1.0,1.0,1.0,1.0,1.0,1.0,1.0,1.0,148.0,1.0,1.0,1.0,186.0,1.0,1.0,1.0,1.0,3.0,2.0,1.0,4.0,1.0,2.0,3.0,1.0,2.0,1.0,1.0,1.0,1.0,1.0,1.0,2.0,1.0,1.0,1.0,1.0,1.0,1.0,1.0,1.0,1.0,2.0,1.0,1.0,1.0,2.0,4.0,1.0,2.0,1.0,3.0,2.0,1.0,4.0,1.0,1.0,1.0,1.0,1.0,1.0,1.0
2024-03-15,1.0,1.0,1.0,1.0,1.0,1.0,2.0,1.0,1.0,1.0,1.0,1.0,1.0,1.0,1.0,1.0,1.0,1.0,1.0,1.0,2.0,2.0,1.0,1.0,1.0,1.0,1.0,1.0,1.0,1.0,1.0,2.0,2.0,1.0,1.0,1.0,1.0,1.0,1.0,1.0,1.0,1.0,1.0,1.0,1.0,1.0,1.0,1.0,1.0,1.0,1.0,1.0,1.0,1.0,1.0,1.0,1.0,1.0,1.0,1.0,1.0,1.0,1.0,1.0,1.0,1.0,2.0,2.0,1.0,1.0,1.0,1.0,1.0,1.0,2.0,1.0,1.0,1.0,1.0,1.0,1.0,1.0,1.0,1.0,2.0,2.0,1.0,1.0,1.0,1.0,1.0,1.0,2.0,1.0,1.0,1.0,1.0,2.0,1.0,4.0,1.0,1.0,1.0,1.0,2.0,2.0,2.0,1.0,1.0,2.0,1.0,2.0,1.0,1.0,1.0,1.0,2.0,1.0,1.0,1.0,1.0,1.0,1.0,1.0,1.0,1.0,1.0,1.0,1.0,1.0,1.0,1.0,1.0,1.0,1.0,2.0,2.0,1.0,1.0,1.0,1.0,1.0,1.0,2.0,1.0,1.0,1.0,1.0,1.0,1.0,1.0,1.0,1.0,1.0,1.0,1.0,1.0,1.0,1.0,1.0,1.0,1.0,1.0,1.0,1.0,1.0,1.0,1.0,1.0,1.0,1.0,1.0,1.0,1.0,1.0,1.0,1.0,1.0,1.0,1.0,2.0,1.0,1.0,1.0,1.0,1.0,1.0,1.0,1.0,1.0,2.0,1.0,1.0,1.0,1.0,1.0,1.0,1.0,1.0,1.0,1.0,1.0,1.0,1.0,1.0,1.0,1.0,1.0,1.0,1.0,1.0,1.0,1.0,1.0,1.0,1.0,1.0,1.0,1.0,1.0,1.0,1.0,1.0,3.0,1.0,2.0,1.0,1.0,2.0,1.0,1.0,1.0,1.0,1.0,1.0,1.0,1.0,1.0,2.0,1.0,1.0,1.0,1.0,1.0,1.0,1.0,1.0,1.0,1.0,1.0,2.0,1.0,1.0,1.0,1.0,1.0,1.0,1.0,1.0,186.0,1.0,3.0,1.0,8.0,1.0,1.0,1.0,5.0,1.0,4.0,1.0,2.0,5.0,3.0,1.0,3.0,1.0,3.0,1.0,1.0,1.0,1.0,1.0,1.0,1.0,1.0,1.0,4.0,2.0,3.0,3.0,4.0,2.0,1.0,1.0,1.0,1.0,1.0,1.0,2.0,2.0,1.0,3.0,3.0,1.0,2.0,1.0,1.0,1.0,1.0,2.0,1.0,1.0,1.0,1.0,1.0,2.0,1.0,1.0,1.0,1.0,2.0,1.0,1.0,1.0,1.0,1.0,2.0,1.0,1.0,3.0,1.0,1.0,2.0,1.0,1.0,3.0,1.0,3.0,1.0,2.0,1.0,1.0,1.0,5.0,1.0,6.0,4.0,1.0,3.0,3.0,1.0,2.0,1.0,1.0,4.0,1.0,4.0,1.0,2.0,1.0,1.0,1.0,3.0,1.0,3.0,3.0,1.0,3.0,1.0,1.0,3.0,2.0,1.0,2.0,3.0,1.0,1.0,1.0,1.0,1.0,7.0,1.0,1.0,1.0,1.0,1.0,2.0,1.0,1.0,1.0,1.0,2.0,2.0,1.0,1.0,1.0,2.0,1.0,1.0,1.0,1.0,1.0,1.0,1.0,2.0,1.0,1.0,2.0,2.0,1.0,1.0,1.0,1.0,1.0,1.0,1.0,1.0,1.0,2.0,1.0,1.0,1.0,1.0,1.0,1.0,1.0,2.0,1.0,1.0,1.0,2.0,1.0,2.0,1.0,1.0,1.0,2.0,1.0,1.0,1.0,1.0,3.0,1.0,1.0,1.0,180.0,1.0,1.0,1.0,1.0,1.0,1.0,1.0,1.0,1.0,1.0,1.0,3.0,2.0,2.0,1.0,2.0,1.0,1.0,1.0,1.0,1.0,2.0,1.0,2.0,1.0,1.0,2.0,1.0,1.0,1.0,2.0,1.0,1.0,1.0,1.0,1.0,1.0,1.0,1.0,1.0,1.0,1.0,1.0,1.0,1.0,2.0,1.0,1.0,1.0,1.0,1.0,1.0,1.0,1.0,1.0,1.0,1.0,1.0,1.0,1.0,1.0,2.0,1.0,1.0,2.0,1.0,1.0,1.0,1.0,1.0,1.0,3.0,1.0,1.0,1.0,2.0,2.0,3.0,1.0,1.0,3.0,2.0,1.0,2.0,2.0,1.0,1.0,1.0,1.0,566.0,1.0,1.0,1.0,1.0,1.0,1.0,1.0,1.0,1.0,1.0,1.0,1.0,1.0,195.0,1.0,1.0,1.0,1.0,1.0,1.0,3.0,2.0,1.0,1.0,2.0,1.0,2.0,1.0,1.0,1.0,1.0,1.0,1.0,1.0,1.0,2.0,1.0,1.0,1.0,1.0,1.0,1.0,1.0,2.0,1.0,1.0,1.0,4.0,3.0,2.0,1.0,3.0,1.0,2.0,1.0,3.0,1.0,1.0,1.0,1.0,1.0,1.0,1.0
2024-03-16,1.0,1.0,1.0,1.0,1.0,1.0,1.0,1.0,1.0,1.0,2.0,1.0,1.0,1.0,1.0,1.0,1.0,1.0,1.0,1.0,1.0,4.0,1.0,1.0,1.0,1.0,1.0,1.0,1.0,1.0,1.0,2.0,2.0,1.0,1.0,2.0,1.0,1.0,1.0,1.0,1.0,1.0,1.0,1.0,1.0,1.0,1.0,1.0,1.0,1.0,1.0,1.0,3.0,1.0,1.0,1.0,1.0,1.0,3.0,4.0,2.0,1.0,1.0,1.0,4.0,2.0,1.0,2.0,3.0,1.0,1.0,1.0,1.0,1.0,1.0,4.0,2.0,4.0,1.0,1.0,1.0,2.0,1.0,1.0,2.0,3.0,3.0,1.0,1.0,4.0,1.0,1.0,2.0,1.0,1.0,1.0,1.0,1.0,1.0,3.0,4.0,1.0,1.0,2.0,1.0,2.0,1.0,1.0,1.0,1.0,2.0,1.0,1.0,1.0,1.0,1.0,2.0,1.0,1.0,1.0,1.0,1.0,1.0,1.0,1.0,1.0,2.0,1.0,1.0,10.0,1.0,1.0,1.0,1.0,1.0,1.0,2.0,1.0,1.0,1.0,1.0,1.0,2.0,2.0,1.0,1.0,1.0,1.0,1.0,1.0,1.0,1.0,1.0,1.0,1.0,1.0,1.0,1.0,1.0,1.0,1.0,2.0,1.0,1.0,1.0,1.0,3.0,1.0,1.0,2.0,1.0,1.0,1.0,1.0,1.0,1.0,1.0,1.0,1.0,1.0,1.0,1.0,1.0,1.0,1.0,1.0,2.0,1.0,1.0,1.0,2.0,2.0,1.0,1.0,1.0,2.0,1.0,1.0,2.0,1.0,1.0,1.0,1.0,2.0,1.0,1.0,1.0,1.0,1.0,1.0,1.0,1.0,1.0,1.0,1.0,1.0,1.0,1.0,1.0,1.0,1.0,1.0,3.0,1.0,2.0,1.0,1.0,1.0,1.0,1.0,1.0,1.0,1.0,1.0,2.0,1.0,1.0,1.0,1.0,1.0,1.0,1.0,1.0,1.0,1.0,2.0,1.0,1.0,1.0,1.0,1.0,2.0,1.0,1.0,1.0,1.0,1.0,2.0,1.0,186.0,1.0,1.0,1.0,1.0,1.0,1.0,1.0,2.0,1.0,3.0,1.0,2.0,4.0,2.0,1.0,3.0,2.0,2.0,3.0,1.0,1.0,1.0,1.0,1.0,2.0,1.0,1.0,2.0,2.0,4.0,2.0,4.0,3.0,1.0,5.0,4.0,4.0,1.0,1.0,1.0,1.0,5.0,4.0,2.0,1.0,2.0,1.0,1.0,2.0,1.0,3.0,3.0,2.0,2.0,1.0,2.0,1.0,1.0,1.0,1.0,3.0,1.0,1.0,1.0,1.0,1.0,1.0,1.0,1.0,1.0,1.0,1.0,2.0,2.0,1.0,2.0,1.0,1.0,1.0,1.0,1.0,1.0,3.0,1.0,7.0,2.0,3.0,3.0,2.0,3.0,6.0,4.0,1.0,2.0,1.0,1.0,1.0,2.0,1.0,1.0,1.0,2.0,1.0,3.0,2.0,2.0,1.0,1.0,2.0,3.0,1.0,6.0,3.0,2.0,1.0,1.0,1.0,1.0,1.0,1.0,1.0,12.0,1.0,1.0,2.0,1.0,1.0,2.0,1.0,1.0,1.0,1.0,1.0,2.0,2.0,1.0,1.0,2.0,1.0,1.0,1.0,1.0,1.0,2.0,2.0,3.0,1.0,1.0,1.0,1.0,2.0,1.0,2.0,1.0,1.0,1.0,1.0,1.0,2.0,3.0,4.0,1.0,4.0,1.0,1.0,1.0,2.0,2.0,1.0,1.0,1.0,1.0,1.0,2.0,3.0,1.0,1.0,1.0,1.0,1.0,1.0,1.0,1.0,1.0,1.0,1.0,118.0,1.0,2.0,1.0,1.0,1.0,1.0,1.0,1.0,1.0,2.0,1.0,4.0,1.0,2.0,3.0,1.0,1.0,1.0,1.0,2.0,1.0,2.0,1.0,1.0,1.0,1.0,1.0,1.0,1.0,1.0,1.0,1.0,1.0,1.0,1.0,1.0,2.0,1.0,1.0,1.0,1.0,1.0,1.0,1.0,2.0,1.0,1.0,1.0,1.0,1.0,1.0,1.0,2.0,1.0,3.0,1.0,1.0,1.0,1.0,1.0,1.0,1.0,1.0,1.0,1.0,1.0,1.0,1.0,1.0,27.0,1.0,1.0,1.0,1.0,1.0,2.0,1.0,1.0,6.0,1.0,1.0,1.0,3.0,1.0,2.0,1.0,1.0,1.0,2.0,566.0,1.0,1.0,1.0,1.0,1.0,1.0,1.0,1.0,1.0,1.0,1.0,1.0,1.0,202.0,1.0,1.0,1.0,6.0,2.0,1.0,3.0,4.0,3.0,1.0,1.0,2.0,2.0,11.0,1.0,1.0,2.0,2.0,1.0,4.0,1.0,1.0,1.0,1.0,3.0,1.0,1.0,26.0,1.0,1.0,26.0,10.0,54.0,4.0,2.0,10.0,7.0,7.0,1.0,2.0,1.0,4.0,5.0,3.0,1.0,1.0,1.0,19.0,1.0
2024-03-17,1.0,1.0,1.0,1.0,1.0,1.0,1.0,1.0,1.0,1.0,1.0,1.0,2.0,1.0,2.0,1.0,1.0,1.0,1.0,1.0,1.0,2.0,1.0,1.0,1.0,1.0,2.0,1.0,1.0,1.0,2.0,1.0,2.0,1.0,1.0,1.0,1.0,1.0,1.0,1.0,1.0,1.0,1.0,1.0,2.0,1.0,1.0,1.0,1.0,1.0,1.0,1.0,3.0,1.0,1.0,1.0,1.0,2.0,1.0,1.0,1.0,1.0,2.0,1.0,1.0,2.0,1.0,4.0,1.0,1.0,1.0,2.0,1.0,1.0,2.0,1.0,4.0,3.0,2.0,5.0,1.0,1.0,1.0,2.0,1.0,7.0,1.0,1.0,1.0,3.0,1.0,1.0,1.0,1.0,1.0,2.0,1.0,1.0,1.0,2.0,1.0,454.0,1.0,1.0,2.0,1.0,1.0,1.0,1.0,2.0,2.0,1.0,1.0,1.0,1.0,1.0,1.0,1.0,3.0,1.0,1.0,1.0,1.0,1.0,1.0,2.0,2.0,1.0,1.0,6.0,1.0,2.0,2.0,1.0,1.0,1.0,2.0,1.0,1.0,1.0,1.0,1.0,2.0,2.0,1.0,1.0,1.0,1.0,2.0,1.0,1.0,1.0,1.0,1.0,1.0,1.0,1.0,1.0,1.0,2.0,1.0,7.0,1.0,3.0,1.0,1.0,1.0,1.0,1.0,1.0,1.0,1.0,1.0,1.0,1.0,1.0,1.0,1.0,1.0,1.0,1.0,1.0,1.0,2.0,1.0,1.0,2.0,1.0,1.0,1.0,2.0,1.0,2.0,1.0,1.0,2.0,3.0,1.0,1.0,1.0,1.0,6.0,1.0,2.0,1.0,1.0,1.0,1.0,1.0,2.0,1.0,1.0,1.0,1.0,1.0,1.0,1.0,1.0,1.0,1.0,1.0,2.0,1.0,2.0,3.0,1.0,1.0,1.0,1.0,1.0,1.0,1.0,1.0,1.0,1.0,2.0,1.0,1.0,2.0,1.0,1.0,1.0,1.0,1.0,1.0,1.0,3.0,1.0,1.0,1.0,3.0,2.0,1.0,1.0,1.0,1.0,1.0,2.0,3.0,186.0,3.0,1.0,1.0,1.0,1.0,1.0,2.0,2.0,6.0,1.0,3.0,5.0,3.0,1.0,1.0,1.0,3.0,2.0,1.0,1.0,1.0,1.0,1.0,1.0,1.0,1.0,2.0,2.0,1.0,3.0,2.0,3.0,4.0,1.0,2.0,1.0,2.0,3.0,3.0,1.0,1.0,1.0,1.0,2.0,1.0,1.0,1.0,18.0,3.0,1.0,2.0,1.0,1.0,3.0,1.0,1.0,2.0,1.0,1.0,1.0,1.0,1.0,1.0,2.0,1.0,1.0,1.0,1.0,1.0,1.0,3.0,1.0,1.0,2.0,1.0,1.0,1.0,2.0,6.0,2.0,1.0,3.0,10.0,1.0,5.0,1.0,2.0,2.0,3.0,8.0,13.0,8.0,1.0,5.0,1.0,1.0,5.0,3.0,1.0,1.0,1.0,1.0,3.0,2.0,2.0,1.0,1.0,1.0,1.0,2.0,2.0,2.0,4.0,1.0,2.0,1.0,1.0,1.0,1.0,1.0,4.0,1.0,1.0,2.0,1.0,1.0,1.0,2.0,1.0,1.0,1.0,1.0,1.0,3.0,2.0,1.0,1.0,8.0,4.0,1.0,2.0,2.0,1.0,1.0,3.0,2.0,1.0,1.0,2.0,1.0,1.0,1.0,1.0,1.0,1.0,1.0,1.0,1.0,6.0,1.0,2.0,1.0,3.0,1.0,1.0,2.0,2.0,2.0,2.0,1.0,1.0,3.0,2.0,3.0,2.0,2.0,1.0,1.0,1.0,1.0,1.0,1.0,2.0,4.0,1.0,2.0,118.0,1.0,1.0,3.0,2.0,1.0,1.0,1.0,1.0,1.0,2.0,1.0,2.0,1.0,3.0,4.0,2.0,6.0,1.0,1.0,48.0,3.0,2.0,1.0,3.0,1.0,3.0,10.0,1.0,1.0,3.0,1.0,2.0,1.0,1.0,1.0,1.0,1.0,1.0,1.0,1.0,1.0,2.0,1.0,1.0,1.0,1.0,1.0,1.0,2.0,1.0,1.0,1.0,1.0,3.0,1.0,1.0,1.0,1.0,1.0,1.0,3.0,1.0,1.0,1.0,1.0,1.0,1.0,1.0,1.0,1.0,1.0,10.0,1.0,3.0,67.0,2.0,6.0,1.0,1.0,2.0,2.0,1.0,1.0,1.0,1.0,1.0,1.0,1.0,2.0,566.0,1.0,1.0,1.0,1.0,1.0,1.0,1.0,1.0,1.0,3.0,7.0,13.0,7.0,232.0,7.0,3.0,3.0,1.0,1.0,1.0,4.0,5.0,3.0,1.0,2.0,2.0,1.0,4.0,1.0,1.0,1.0,1.0,1.0,1.0,1.0,1.0,1.0,1.0,2.0,1.0,1.0,27.0,11.0,8.0,38.0,37.0,52.0,1.0,1.0,8.0,12.0,6.0,1.0,2.0,5.0,8.0,13.0,27.0,12.0,1.0,1.0,44.0,4.0
2024-03-18,1.0,1.0,1.0,1.0,1.0,2.0,1.0,1.0,1.0,1.0,1.0,2.0,2.0,1.0,1.0,1.0,1.0,3.0,2.0,1.0,1.0,1.0,1.0,1.0,1.0,1.0,1.0,1.0,1.0,1.0,2.0,1.0,1.0,1.0,1.0,2.0,1.0,1.0,1.0,1.0,1.0,1.0,1.0,1.0,1.0,1.0,1.0,1.0,1.0,1.0,1.0,1.0,1.0,1.0,1.0,1.0,1.0,2.0,1.0,1.0,1.0,1.0,2.0,1.0,1.0,1.0,4.0,1.0,1.0,1.0,1.0,1.0,1.0,1.0,1.0,1.0,1.0,2.0,1.0,1.0,1.0,1.0,1.0,1.0,2.0,2.0,1.0,1.0,1.0,3.0,2.0,1.0,2.0,1.0,1.0,1.0,1.0,2.0,1.0,2.0,1.0,1.0,1.0,3.0,1.0,1.0,2.0,2.0,2.0,1.0,2.0,1.0,1.0,1.0,1.0,1.0,1.0,1.0,1.0,1.0,1.0,1.0,1.0,1.0,1.0,1.0,1.0,1.0,1.0,5.0,1.0,1.0,1.0,1.0,1.0,2.0,2.0,1.0,1.0,1.0,1.0,1.0,1.0,2.0,1.0,1.0,1.0,1.0,2.0,1.0,1.0,1.0,1.0,1.0,2.0,1.0,1.0,1.0,1.0,1.0,1.0,1.0,1.0,1.0,1.0,1.0,1.0,1.0,1.0,1.0,1.0,1.0,1.0,1.0,1.0,1.0,1.0,1.0,1.0,1.0,1.0,1.0,1.0,1.0,1.0,1.0,1.0,1.0,1.0,1.0,2.0,1.0,1.0,1.0,1.0,2.0,1.0,1.0,1.0,1.0,1.0,1.0,2.0,1.0,1.0,1.0,1.0,1.0,1.0,2.0,1.0,1.0,1.0,1.0,1.0,1.0,1.0,1.0,1.0,1.0,1.0,1.0,2.0,1.0,1.0,1.0,1.0,1.0,1.0,2.0,1.0,1.0,1.0,1.0,1.0,1.0,1.0,1.0,1.0,1.0,1.0,1.0,1.0,1.0,1.0,1.0,1.0,1.0,1.0,1.0,1.0,1.0,1.0,1.0,1.0,4.0,1.0,1.0,1.0,186.0,1.0,9.0,2.0,2.0,1.0,1.0,1.0,3.0,5.0,1.0,2.0,2.0,1.0,1.0,1.0,2.0,2.0,3.0,1.0,2.0,1.0,2.0,1.0,2.0,1.0,1.0,1.0,1.0,1.0,2.0,1.0,2.0,1.0,2.0,1.0,2.0,5.0,2.0,2.0,1.0,2.0,1.0,3.0,4.0,1.0,3.0,2.0,1.0,1.0,1.0,2.0,1.0,1.0,2.0,1.0,1.0,4.0,1.0,1.0,1.0,1.0,2.0,1.0,1.0,1.0,1.0,1.0,1.0,1.0,1.0,1.0,1.0,2.0,1.0,2.0,1.0,2.0,1.0,1.0,1.0,1.0,1.0,1.0,1.0,1.0,1.0,2.0,4.0,2.0,6.0,1.0,9.0,1.0,6.0,2.0,3.0,1.0,4.0,1.0,1.0,1.0,1.0,1.0,4.0,1.0,1.0,1.0,1.0,1.0,2.0,1.0,1.0,1.0,1.0,3.0,1.0,1.0,1.0,2.0,1.0,1.0,1.0,1.0,1.0,1.0,1.0,1.0,1.0,1.0,1.0,1.0,1.0,3.0,2.0,1.0,1.0,1.0,2.0,2.0,1.0,17.0,1.0,1.0,1.0,1.0,2.0,1.0,3.0,1.0,1.0,1.0,1.0,1.0,1.0,1.0,1.0,1.0,3.0,1.0,8.0,2.0,2.0,3.0,1.0,1.0,1.0,2.0,1.0,6.0,1.0,4.0,2.0,1.0,1.0,2.0,1.0,1.0,1.0,1.0,1.0,1.0,1.0,1.0,1.0,1.0,2.0,82.0,1.0,2.0,1.0,2.0,1.0,1.0,1.0,1.0,2.0,2.0,1.0,4.0,1.0,3.0,1.0,1.0,1.0,1.0,1.0,1.0,1.0,1.0,1.0,106.0,1.0,1.0,1.0,1.0,3.0,1.0,1.0,1.0,1.0,1.0,1.0,1.0,2.0,1.0,3.0,1.0,1.0,1.0,2.0,1.0,1.0,1.0,1.0,1.0,1.0,1.0,1.0,1.0,1.0,1.0,2.0,2.0,1.0,1.0,1.0,1.0,1.0,1.0,1.0,1.0,1.0,1.0,1.0,1.0,1.0,1.0,1.0,1.0,1.0,1.0,369.0,1.0,2.0,1.0,1.0,1.0,3.0,3.0,1.0,1.0,1.0,1.0,1.0,1.0,2.0,566.0,1.0,1.0,1.0,1.0,1.0,16.0,1.0,1.0,1.0,1.0,1.0,1.0,1.0,194.0,1.0,1.0,1.0,1.0,1.0,1.0,3.0,4.0,1.0,1.0,1.0,1.0,1.0,1.0,1.0,1.0,1.0,3.0,1.0,5.0,1.0,1.0,1.0,2.0,1.0,1.0,2.0,1.0,1.0,1.0,1.0,1.0,10.0,1.0,3.0,1.0,4.0,1.0,3.0,1.0,1.0,4.0,1.0,2.0,1.0,1.0,1.0,1.0,1.0
2024-03-19,1.0,1.0,1.0,1.0,1.0,1.0,1.0,1.0,1.0,1.0,1.0,1.0,1.0,1.0,1.0,1.0,1.0,1.0,1.0,1.0,2.0,1.0,1.0,1.0,1.0,1.0,2.0,1.0,1.0,1.0,1.0,2.0,1.0,1.0,1.0,1.0,1.0,1.0,1.0,1.0,1.0,1.0,1.0,1.0,1.0,1.0,1.0,1.0,1.0,1.0,1.0,1.0,1.0,1.0,1.0,1.0,1.0,1.0,1.0,1.0,1.0,1.0,1.0,1.0,1.0,2.0,1.0,1.0,1.0,1.0,1.0,1.0,1.0,2.0,1.0,1.0,1.0,1.0,1.0,1.0,1.0,21.0,1.0,1.0,2.0,1.0,265.0,1.0,1.0,1.0,2.0,1.0,1.0,1.0,1.0,1.0,1.0,1.0,1.0,1.0,1.0,1.0,1.0,1.0,2.0,2.0,1.0,1.0,1.0,1.0,2.0,1.0,1.0,1.0,1.0,1.0,3.0,1.0,1.0,1.0,1.0,1.0,1.0,1.0,1.0,1.0,1.0,1.0,1.0,1.0,1.0,1.0,1.0,1.0,1.0,1.0,1.0,1.0,1.0,1.0,1.0,1.0,1.0,1.0,2.0,1.0,1.0,1.0,2.0,1.0,1.0,1.0,1.0,1.0,1.0,1.0,1.0,1.0,2.0,1.0,1.0,3.0,1.0,1.0,1.0,1.0,1.0,1.0,2.0,1.0,1.0,1.0,1.0,1.0,1.0,1.0,1.0,1.0,1.0,1.0,1.0,1.0,1.0,1.0,1.0,1.0,1.0,1.0,1.0,1.0,1.0,2.0,1.0,1.0,1.0,2.0,1.0,1.0,1.0,1.0,1.0,1.0,1.0,2.0,1.0,1.0,1.0,1.0,1.0,1.0,1.0,1.0,1.0,1.0,1.0,1.0,2.0,1.0,1.0,1.0,1.0,2.0,1.0,2.0,2.0,1.0,1.0,1.0,1.0,1.0,1.0,1.0,1.0,1.0,1.0,1.0,1.0,1.0,1.0,1.0,1.0,1.0,1.0,1.0,1.0,1.0,1.0,1.0,1.0,1.0,2.0,1.0,1.0,1.0,1.0,1.0,1.0,1.0,1.0,186.0,1.0,1.0,1.0,1.0,1.0,1.0,2.0,2.0,1.0,1.0,1.0,3.0,1.0,1.0,2.0,1.0,1.0,2.0,1.0,1.0,1.0,1.0,1.0,2.0,1.0,1.0,3.0,1.0,4.0,2.0,2.0,1.0,4.0,2.0,1.0,1.0,3.0,2.0,4.0,4.0,1.0,1.0,1.0,1.0,3.0,2.0,1.0,1.0,1.0,1.0,1.0,1.0,1.0,1.0,1.0,1.0,1.0,1.0,1.0,1.0,1.0,1.0,1.0,1.0,1.0,1.0,1.0,1.0,1.0,1.0,1.0,1.0,1.0,1.0,2.0,1.0,2.0,1.0,1.0,1.0,1.0,1.0,1.0,1.0,2.0,1.0,3.0,1.0,3.0,4.0,3.0,1.0,2.0,1.0,1.0,5.0,4.0,1.0,1.0,2.0,1.0,1.0,1.0,3.0,2.0,2.0,1.0,1.0,1.0,1.0,1.0,1.0,2.0,2.0,2.0,1.0,1.0,1.0,1.0,1.0,2.0,1.0,1.0,1.0,1.0,1.0,1.0,2.0,1.0,1.0,1.0,1.0,1.0,2.0,1.0,1.0,1.0,1.0,1.0,1.0,1.0,1.0,1.0,1.0,1.0,2.0,1.0,2.0,1.0,2.0,1.0,1.0,1.0,1.0,1.0,1.0,1.0,1.0,1.0,1.0,2.0,1.0,4.0,1.0,1.0,1.0,1.0,1.0,1.0,1.0,3.0,1.0,2.0,1.0,2.0,49.0,1.0,1.0,1.0,56.0,3.0,1.0,2.0,1.0,1.0,2.0,218.0,1.0,1.0,38.0,1.0,1.0,1.0,1.0,1.0,1.0,2.0,1.0,2.0,1.0,3.0,1.0,2.0,1.0,1.0,1.0,1.0,1.0,1.0,2.0,158.0,2.0,1.0,2.0,1.0,1.0,1.0,1.0,1.0,1.0,1.0,1.0,1.0,1.0,1.0,2.0,1.0,48.0,36.0,1.0,1.0,1.0,2.0,1.0,1.0,2.0,1.0,1.0,1.0,1.0,1.0,1.0,1.0,1.0,1.0,1.0,1.0,2.0,1.0,1.0,1.0,1.0,1.0,1.0,1.0,1.0,1.0,1.0,1.0,1.0,1.0,1.0,1.0,1.0,1.0,1.0,1.0,3.0,3.0,1.0,1.0,1.0,1.0,1.0,1.0,1.0,566.0,1.0,1.0,1.0,1.0,1.0,1.0,1.0,1.0,1.0,1.0,1.0,1.0,1.0,179.0,1.0,1.0,1.0,1.0,2.0,2.0,1.0,2.0,1.0,2.0,1.0,1.0,2.0,1.0,1.0,1.0,1.0,2.0,2.0,1.0,1.0,1.0,1.0,2.0,1.0,1.0,2.0,1.0,1.0,2.0,1.0,1.0,5.0,2.0,5.0,2.0,6.0,3.0,2.0,1.0,1.0,3.0,1.0,1.0,1.0,1.0,1.0,1.0,1.0
2024-03-20,1.0,1.0,1.0,1.0,1.0,2.0,1.0,3.0,1.0,1.0,1.0,1.0,1.0,1.0,1.0,1.0,1.0,1.0,1.0,1.0,1.0,1.0,1.0,1.0,1.0,1.0,1.0,1.0,1.0,1.0,1.0,1.0,1.0,1.0,1.0,1.0,1.0,1.0,1.0,1.0,1.0,1.0,1.0,1.0,1.0,1.0,1.0,1.0,1.0,1.0,1.0,1.0,1.0,1.0,1.0,1.0,1.0,1.0,1.0,1.0,1.0,1.0,1.0,1.0,2.0,1.0,2.0,1.0,1.0,1.0,1.0,1.0,1.0,2.0,1.0,1.0,1.0,1.0,1.0,1.0,1.0,10.0,1.0,1.0,1.0,3.0,310.0,2.0,1.0,5.0,2.0,3.0,1.0,1.0,1.0,1.0,1.0,1.0,3.0,1.0,1.0,1.0,1.0,3.0,3.0,2.0,1.0,2.0,1.0,1.0,2.0,1.0,1.0,1.0,1.0,1.0,2.0,1.0,1.0,1.0,1.0,1.0,1.0,1.0,1.0,1.0,1.0,1.0,1.0,1.0,1.0,1.0,1.0,1.0,1.0,1.0,2.0,1.0,1.0,1.0,1.0,1.0,1.0,1.0,3.0,1.0,1.0,1.0,1.0,1.0,1.0,1.0,1.0,1.0,1.0,1.0,1.0,1.0,1.0,1.0,1.0,1.0,1.0,1.0,1.0,1.0,1.0,1.0,1.0,2.0,1.0,1.0,1.0,1.0,1.0,1.0,1.0,1.0,1.0,1.0,1.0,1.0,1.0,1.0,1.0,1.0,1.0,1.0,1.0,1.0,1.0,2.0,1.0,1.0,1.0,2.0,1.0,1.0,1.0,1.0,1.0,1.0,1.0,2.0,1.0,1.0,1.0,1.0,1.0,1.0,1.0,1.0,1.0,1.0,1.0,1.0,1.0,1.0,1.0,1.0,1.0,1.0,2.0,3.0,2.0,1.0,1.0,1.0,1.0,1.0,1.0,1.0,1.0,1.0,1.0,1.0,1.0,1.0,1.0,1.0,1.0,1.0,1.0,1.0,1.0,1.0,1.0,1.0,1.0,1.0,1.0,3.0,1.0,1.0,8.0,1.0,1.0,1.0,1.0,186.0,1.0,1.0,1.0,1.0,1.0,1.0,2.0,1.0,1.0,2.0,1.0,1.0,1.0,1.0,1.0,2.0,1.0,3.0,1.0,1.0,1.0,2.0,1.0,1.0,1.0,1.0,4.0,1.0,3.0,2.0,43.0,2.0,3.0,1.0,3.0,3.0,1.0,1.0,5.0,1.0,1.0,1.0,1.0,1.0,1.0,2.0,1.0,1.0,1.0,1.0,1.0,2.0,1.0,2.0,1.0,2.0,1.0,1.0,1.0,1.0,1.0,1.0,1.0,1.0,1.0,1.0,1.0,1.0,1.0,1.0,1.0,2.0,1.0,2.0,1.0,1.0,3.0,1.0,1.0,1.0,2.0,1.0,1.0,1.0,1.0,1.0,3.0,1.0,1.0,2.0,1.0,1.0,2.0,1.0,1.0,1.0,1.0,3.0,3.0,1.0,1.0,1.0,1.0,3.0,2.0,1.0,1.0,1.0,1.0,1.0,1.0,1.0,2.0,1.0,2.0,1.0,1.0,1.0,1.0,1.0,2.0,1.0,1.0,1.0,1.0,1.0,1.0,2.0,1.0,1.0,1.0,1.0,1.0,1.0,1.0,1.0,1.0,2.0,1.0,1.0,1.0,1.0,1.0,1.0,1.0,2.0,1.0,1.0,1.0,1.0,1.0,1.0,1.0,1.0,1.0,1.0,1.0,1.0,1.0,1.0,1.0,1.0,6.0,1.0,1.0,1.0,1.0,1.0,2.0,3.0,1.0,1.0,2.0,2.0,1.0,1.0,1.0,1.0,1.0,1.0,1.0,1.0,1.0,1.0,1.0,1.0,113.0,1.0,1.0,2.0,1.0,1.0,1.0,1.0,1.0,2.0,2.0,1.0,1.0,1.0,3.0,1.0,1.0,1.0,1.0,1.0,1.0,1.0,1.0,1.0,1.0,3.0,4.0,1.0,5.0,1.0,2.0,1.0,6.0,1.0,1.0,1.0,1.0,1.0,1.0,2.0,1.0,1.0,1.0,2.0,1.0,1.0,4.0,1.0,1.0,1.0,1.0,1.0,1.0,1.0,1.0,1.0,1.0,1.0,1.0,1.0,1.0,2.0,1.0,1.0,1.0,1.0,1.0,1.0,1.0,1.0,1.0,1.0,1.0,1.0,2.0,1.0,3.0,1.0,1.0,1.0,1.0,3.0,1.0,1.0,1.0,1.0,1.0,1.0,1.0,2.0,566.0,1.0,1.0,1.0,1.0,1.0,1.0,1.0,1.0,1.0,1.0,1.0,1.0,1.0,193.0,1.0,1.0,1.0,1.0,1.0,1.0,3.0,2.0,1.0,1.0,2.0,1.0,1.0,1.0,1.0,1.0,1.0,1.0,1.0,1.0,1.0,1.0,1.0,1.0,1.0,1.0,2.0,1.0,1.0,2.0,1.0,1.0,4.0,2.0,5.0,1.0,5.0,2.0,2.0,1.0,1.0,4.0,1.0,1.0,1.0,1.0,1.0,1.0,1.0
2024-03-21,1.0,1.0,1.0,1.0,1.0,1.0,1.0,1.0,1.0,1.0,1.0,1.0,1.0,1.0,1.0,1.0,1.0,1.0,1.0,1.0,1.0,1.0,1.0,1.0,1.0,1.0,1.0,1.0,1.0,1.0,3.0,1.0,1.0,1.0,1.0,1.0,1.0,1.0,1.0,1.0,1.0,1.0,1.0,1.0,1.0,1.0,1.0,1.0,1.0,1.0,1.0,1.0,1.0,1.0,1.0,1.0,1.0,1.0,1.0,1.0,1.0,1.0,1.0,1.0,2.0,1.0,2.0,2.0,1.0,1.0,1.0,1.0,1.0,1.0,2.0,1.0,1.0,2.0,1.0,1.0,1.0,11.0,1.0,1.0,2.0,1.0,1.0,2.0,2.0,2.0,1.0,1.0,1.0,1.0,1.0,1.0,1.0,1.0,2.0,1.0,2.0,1.0,1.0,2.0,1.0,1.0,1.0,3.0,1.0,1.0,2.0,1.0,1.0,1.0,1.0,1.0,1.0,1.0,1.0,1.0,1.0,1.0,1.0,1.0,1.0,1.0,1.0,1.0,1.0,1.0,1.0,1.0,1.0,1.0,1.0,1.0,1.0,1.0,1.0,1.0,1.0,1.0,1.0,1.0,2.0,1.0,1.0,1.0,1.0,1.0,1.0,1.0,1.0,1.0,1.0,1.0,1.0,1.0,1.0,1.0,1.0,1.0,1.0,1.0,1.0,1.0,2.0,1.0,1.0,2.0,1.0,1.0,1.0,1.0,1.0,1.0,1.0,1.0,2.0,1.0,1.0,1.0,1.0,1.0,1.0,1.0,1.0,1.0,1.0,1.0,1.0,1.0,1.0,1.0,1.0,2.0,1.0,1.0,1.0,1.0,1.0,1.0,2.0,1.0,1.0,1.0,1.0,1.0,1.0,2.0,1.0,1.0,1.0,1.0,1.0,1.0,1.0,2.0,1.0,1.0,1.0,1.0,1.0,1.0,3.0,1.0,1.0,1.0,2.0,1.0,1.0,1.0,1.0,1.0,1.0,1.0,2.0,1.0,1.0,1.0,1.0,1.0,1.0,1.0,1.0,1.0,1.0,1.0,1.0,1.0,1.0,1.0,1.0,1.0,1.0,1.0,1.0,1.0,1.0,186.0,1.0,1.0,1.0,2.0,1.0,1.0,2.0,2.0,1.0,2.0,1.0,1.0,2.0,5.0,1.0,2.0,2.0,3.0,1.0,1.0,1.0,2.0,1.0,1.0,1.0,2.0,1.0,3.0,5.0,1.0,2.0,3.0,4.0,3.0,1.0,3.0,4.0,2.0,1.0,3.0,1.0,2.0,393.0,4.0,1.0,1.0,1.0,1.0,1.0,1.0,1.0,2.0,1.0,1.0,1.0,1.0,1.0,1.0,1.0,1.0,1.0,1.0,1.0,1.0,1.0,1.0,1.0,1.0,1.0,2.0,1.0,1.0,1.0,1.0,1.0,1.0,6.0,1.0,1.0,1.0,1.0,2.0,1.0,1.0,4.0,1.0,2.0,1.0,2.0,1.0,1.0,1.0,1.0,2.0,2.0,1.0,1.0,4.0,3.0,1.0,1.0,1.0,1.0,1.0,1.0,1.0,1.0,1.0,2.0,1.0,1.0,2.0,3.0,2.0,1.0,1.0,1.0,1.0,1.0,1.0,2.0,1.0,1.0,1.0,2.0,1.0,1.0,2.0,1.0,1.0,1.0,1.0,1.0,1.0,1.0,1.0,1.0,1.0,1.0,1.0,21.0,1.0,1.0,1.0,1.0,1.0,1.0,1.0,1.0,1.0,2.0,1.0,1.0,1.0,1.0,1.0,1.0,1.0,1.0,1.0,1.0,1.0,1.0,1.0,1.0,2.0,1.0,1.0,1.0,1.0,3.0,1.0,1.0,2.0,1.0,1.0,1.0,1.0,1.0,1.0,1.0,1.0,2.0,1.0,1.0,1.0,90.0,1.0,1.0,1.0,1.0,1.0,1.0,1.0,1.0,1.0,1.0,2.0,3.0,1.0,2.0,1.0,1.0,1.0,1.0,1.0,1.0,1.0,1.0,2.0,1.0,1.0,1.0,1.0,1.0,1.0,1.0,2.0,1.0,1.0,1.0,1.0,1.0,2.0,1.0,2.0,1.0,1.0,1.0,6.0,1.0,1.0,2.0,1.0,1.0,1.0,1.0,2.0,1.0,1.0,1.0,1.0,1.0,1.0,1.0,1.0,1.0,1.0,1.0,1.0,1.0,1.0,1.0,1.0,1.0,1.0,1.0,1.0,3.0,1.0,2.0,1.0,2.0,1.0,3.0,2.0,1.0,2.0,3.0,1.0,1.0,1.0,1.0,1.0,1.0,2.0,566.0,1.0,1.0,1.0,1.0,1.0,1.0,1.0,1.0,1.0,1.0,1.0,1.0,1.0,189.0,1.0,1.0,1.0,1.0,1.0,2.0,1.0,2.0,1.0,1.0,2.0,1.0,1.0,1.0,1.0,1.0,1.0,1.0,1.0,1.0,1.0,1.0,1.0,1.0,1.0,1.0,2.0,1.0,1.0,2.0,1.0,1.0,1.0,1.0,3.0,1.0,6.0,1.0,2.0,1.0,1.0,5.0,1.0,1.0,1.0,1.0,1.0,1.0,1.0
2024-03-22,1.0,1.0,1.0,1.0,1.0,1.0,1.0,3.0,1.0,1.0,2.0,1.0,1.0,1.0,1.0,1.0,1.0,2.0,1.0,1.0,1.0,2.0,1.0,1.0,1.0,1.0,1.0,1.0,1.0,1.0,3.0,1.0,1.0,2.0,1.0,1.0,1.0,1.0,1.0,1.0,1.0,1.0,2.0,1.0,1.0,1.0,1.0,1.0,1.0,1.0,1.0,1.0,1.0,1.0,1.0,1.0,1.0,2.0,1.0,1.0,1.0,2.0,1.0,1.0,1.0,1.0,2.0,1.0,1.0,1.0,1.0,1.0,1.0,1.0,2.0,1.0,1.0,1.0,1.0,1.0,1.0,1.0,1.0,1.0,2.0,2.0,158.0,1.0,1.0,1.0,1.0,1.0,2.0,1.0,1.0,1.0,1.0,1.0,1.0,2.0,1.0,2.0,1.0,2.0,1.0,3.0,1.0,2.0,2.0,1.0,2.0,1.0,1.0,1.0,1.0,1.0,1.0,1.0,1.0,1.0,1.0,1.0,1.0,1.0,1.0,3.0,1.0,1.0,1.0,1.0,1.0,1.0,1.0,1.0,1.0,1.0,1.0,1.0,1.0,1.0,1.0,1.0,1.0,2.0,1.0,1.0,1.0,1.0,1.0,1.0,1.0,1.0,1.0,1.0,1.0,1.0,1.0,1.0,2.0,2.0,2.0,1.0,1.0,2.0,2.0,1.0,1.0,1.0,1.0,1.0,1.0,1.0,1.0,1.0,1.0,1.0,1.0,1.0,1.0,1.0,1.0,1.0,1.0,1.0,1.0,1.0,1.0,1.0,1.0,1.0,1.0,1.0,1.0,1.0,1.0,1.0,2.0,1.0,1.0,1.0,1.0,1.0,1.0,2.0,1.0,1.0,1.0,1.0,1.0,1.0,1.0,1.0,1.0,1.0,1.0,3.0,2.0,1.0,1.0,1.0,1.0,1.0,1.0,3.0,1.0,1.0,1.0,1.0,1.0,1.0,1.0,1.0,1.0,1.0,1.0,1.0,1.0,1.0,2.0,1.0,1.0,1.0,1.0,1.0,1.0,1.0,1.0,1.0,1.0,1.0,1.0,1.0,1.0,1.0,2.0,1.0,1.0,1.0,1.0,186.0,1.0,2.0,3.0,1.0,1.0,1.0,2.0,2.0,4.0,3.0,1.0,1.0,2.0,4.0,1.0,3.0,1.0,3.0,1.0,1.0,1.0,1.0,1.0,1.0,1.0,1.0,1.0,1.0,2.0,3.0,4.0,4.0,1.0,1.0,1.0,3.0,1.0,1.0,1.0,2.0,3.0,1.0,1.0,1.0,1.0,1.0,1.0,1.0,1.0,1.0,1.0,1.0,1.0,2.0,1.0,1.0,1.0,1.0,1.0,1.0,1.0,2.0,1.0,1.0,1.0,1.0,1.0,1.0,1.0,2.0,1.0,2.0,1.0,2.0,1.0,1.0,2.0,2.0,1.0,1.0,2.0,1.0,1.0,1.0,1.0,1.0,1.0,2.0,2.0,3.0,1.0,1.0,2.0,1.0,1.0,1.0,2.0,3.0,2.0,2.0,1.0,1.0,1.0,2.0,1.0,2.0,1.0,1.0,3.0,2.0,1.0,1.0,4.0,2.0,1.0,1.0,1.0,1.0,1.0,296.0,1.0,1.0,1.0,1.0,1.0,1.0,1.0,2.0,1.0,1.0,1.0,1.0,2.0,1.0,1.0,1.0,1.0,2.0,1.0,1.0,330.0,1.0,1.0,1.0,1.0,2.0,1.0,1.0,1.0,1.0,1.0,1.0,1.0,1.0,1.0,1.0,1.0,5.0,2.0,1.0,1.0,1.0,1.0,1.0,1.0,1.0,1.0,1.0,1.0,1.0,3.0,1.0,2.0,2.0,127.0,1.0,1.0,1.0,1.0,1.0,1.0,1.0,1.0,1.0,1.0,2.0,139.0,1.0,2.0,1.0,2.0,3.0,1.0,1.0,1.0,1.0,1.0,2.0,3.0,1.0,3.0,1.0,1.0,1.0,1.0,1.0,1.0,1.0,3.0,2.0,1.0,1.0,1.0,1.0,1.0,1.0,1.0,1.0,1.0,1.0,1.0,1.0,1.0,1.0,1.0,2.0,1.0,1.0,1.0,1.0,1.0,1.0,1.0,1.0,1.0,2.0,1.0,1.0,1.0,1.0,1.0,2.0,1.0,1.0,1.0,1.0,1.0,1.0,2.0,1.0,1.0,1.0,1.0,1.0,1.0,1.0,1.0,1.0,1.0,1.0,2.0,4.0,3.0,3.0,2.0,5.0,1.0,2.0,3.0,1.0,1.0,1.0,1.0,2.0,1.0,1.0,566.0,1.0,1.0,1.0,1.0,1.0,1.0,1.0,1.0,1.0,1.0,1.0,1.0,1.0,193.0,1.0,1.0,1.0,1.0,1.0,3.0,1.0,3.0,1.0,1.0,1.0,1.0,1.0,1.0,1.0,1.0,1.0,1.0,1.0,1.0,1.0,1.0,1.0,1.0,1.0,1.0,1.0,1.0,1.0,2.0,1.0,1.0,1.0,1.0,4.0,2.0,2.0,1.0,1.0,3.0,3.0,4.0,1.0,1.0,1.0,1.0,1.0,1.0,1.0
2024-03-23,1.0,1.0,1.0,1.0,1.0,1.0,1.0,4.0,1.0,1.0,1.0,2.0,1.0,1.0,1.0,1.0,1.0,1.0,2.0,1.0,1.0,2.0,1.0,1.0,1.0,1.0,1.0,1.0,1.0,1.0,1.0,2.0,3.0,1.0,1.0,2.0,1.0,1.0,1.0,1.0,1.0,1.0,1.0,1.0,1.0,1.0,1.0,1.0,1.0,1.0,1.0,1.0,1.0,1.0,1.0,1.0,1.0,2.0,2.0,2.0,2.0,2.0,3.0,1.0,1.0,1.0,2.0,1.0,1.0,1.0,1.0,2.0,1.0,1.0,2.0,1.0,2.0,1.0,1.0,1.0,1.0,1.0,1.0,1.0,2.0,2.0,282.0,1.0,1.0,3.0,2.0,7.0,1.0,1.0,1.0,2.0,1.0,1.0,1.0,7.0,4.0,1.0,8.0,1.0,2.0,2.0,1.0,3.0,2.0,1.0,2.0,1.0,1.0,1.0,1.0,3.0,2.0,1.0,1.0,1.0,1.0,1.0,2.0,1.0,1.0,1.0,2.0,1.0,1.0,1.0,1.0,1.0,1.0,1.0,1.0,2.0,2.0,1.0,1.0,1.0,1.0,1.0,1.0,2.0,1.0,1.0,1.0,1.0,2.0,1.0,1.0,1.0,1.0,1.0,1.0,1.0,2.0,8.0,5.0,4.0,2.0,4.0,3.0,2.0,10.0,6.0,1.0,1.0,1.0,1.0,1.0,1.0,1.0,1.0,1.0,1.0,1.0,2.0,1.0,1.0,1.0,1.0,1.0,1.0,1.0,1.0,1.0,1.0,1.0,1.0,2.0,1.0,1.0,1.0,1.0,1.0,2.0,1.0,1.0,1.0,1.0,1.0,1.0,2.0,2.0,1.0,1.0,1.0,1.0,1.0,1.0,1.0,1.0,1.0,1.0,1.0,2.0,1.0,2.0,1.0,1.0,1.0,1.0,1.0,1.0,2.0,1.0,1.0,2.0,2.0,1.0,1.0,1.0,2.0,2.0,2.0,1.0,1.0,1.0,2.0,1.0,1.0,1.0,1.0,1.0,1.0,1.0,1.0,1.0,1.0,1.0,1.0,1.0,1.0,3.0,1.0,1.0,2.0,1.0,186.0,1.0,1.0,3.0,1.0,1.0,1.0,1.0,2.0,3.0,2.0,3.0,4.0,3.0,4.0,3.0,1.0,3.0,1.0,1.0,2.0,1.0,1.0,1.0,1.0,1.0,1.0,1.0,2.0,4.0,3.0,2.0,1.0,3.0,4.0,1.0,2.0,4.0,1.0,1.0,4.0,1.0,4.0,3.0,2.0,1.0,1.0,1.0,1.0,1.0,1.0,2.0,2.0,1.0,5.0,1.0,2.0,5.0,5.0,1.0,1.0,1.0,1.0,1.0,2.0,1.0,1.0,1.0,1.0,1.0,1.0,2.0,3.0,4.0,2.0,1.0,1.0,1.0,3.0,3.0,1.0,1.0,1.0,1.0,1.0,2.0,7.0,4.0,1.0,1.0,3.0,2.0,1.0,1.0,2.0,1.0,1.0,1.0,5.0,4.0,4.0,3.0,1.0,1.0,2.0,1.0,4.0,1.0,1.0,2.0,3.0,1.0,4.0,5.0,4.0,2.0,1.0,3.0,1.0,1.0,1.0,2.0,1.0,1.0,1.0,2.0,1.0,1.0,1.0,1.0,1.0,1.0,1.0,1.0,3.0,1.0,1.0,1.0,2.0,1.0,2.0,1.0,1.0,1.0,1.0,1.0,2.0,1.0,1.0,1.0,1.0,1.0,1.0,2.0,1.0,1.0,1.0,1.0,7.0,2.0,1.0,4.0,1.0,1.0,1.0,1.0,3.0,4.0,1.0,1.0,1.0,2.0,1.0,1.0,1.0,3.0,1.0,1.0,1.0,1.0,1.0,1.0,2.0,1.0,2.0,1.0,2.0,22.0,1.0,2.0,1.0,3.0,1.0,1.0,1.0,1.0,2.0,1.0,2.0,1.0,1.0,2.0,1.0,1.0,2.0,1.0,1.0,1.0,1.0,2.0,1.0,1.0,1.0,1.0,2.0,2.0,1.0,1.0,1.0,2.0,1.0,1.0,1.0,1.0,2.0,1.0,1.0,1.0,1.0,1.0,1.0,1.0,1.0,1.0,1.0,1.0,1.0,1.0,1.0,1.0,1.0,1.0,2.0,1.0,1.0,1.0,1.0,1.0,2.0,1.0,3.0,1.0,1.0,1.0,1.0,1.0,1.0,1.0,1.0,1.0,1.0,2.0,1.0,2.0,1.0,3.0,49.0,1.0,1.0,1.0,2.0,1.0,1.0,1.0,1.0,1.0,4.0,566.0,1.0,1.0,1.0,1.0,1.0,1.0,1.0,1.0,1.0,1.0,1.0,1.0,1.0,202.0,1.0,1.0,1.0,2.0,1.0,1.0,2.0,3.0,1.0,2.0,4.0,1.0,1.0,2.0,1.0,1.0,2.0,4.0,1.0,1.0,1.0,1.0,7.0,2.0,2.0,1.0,1.0,13.0,1.0,1.0,2.0,3.0,56.0,3.0,3.0,10.0,13.0,7.0,2.0,1.0,3.0,4.0,7.0,1.0,1.0,1.0,1.0,16.0,1.0
2024-03-24,1.0,1.0,1.0,1.0,1.0,1.0,2.0,1.0,1.0,1.0,1.0,1.0,1.0,1.0,1.0,1.0,1.0,1.0,3.0,1.0,1.0,2.0,17.0,1.0,2.0,1.0,1.0,1.0,1.0,1.0,3.0,2.0,1.0,1.0,1.0,1.0,1.0,1.0,1.0,1.0,1.0,1.0,1.0,1.0,1.0,1.0,1.0,1.0,1.0,1.0,1.0,1.0,1.0,1.0,1.0,1.0,1.0,1.0,1.0,1.0,1.0,2.0,3.0,1.0,4.0,2.0,1.0,1.0,1.0,1.0,1.0,1.0,1.0,2.0,1.0,1.0,2.0,2.0,1.0,3.0,1.0,2.0,1.0,1.0,2.0,1.0,402.0,1.0,2.0,1.0,1.0,1.0,1.0,2.0,1.0,5.0,1.0,1.0,4.0,2.0,2.0,2.0,1.0,3.0,1.0,3.0,3.0,3.0,1.0,1.0,1.0,1.0,1.0,1.0,1.0,1.0,1.0,1.0,2.0,1.0,1.0,1.0,1.0,1.0,1.0,1.0,2.0,1.0,2.0,1.0,1.0,1.0,1.0,1.0,2.0,1.0,2.0,1.0,2.0,1.0,1.0,1.0,2.0,4.0,4.0,1.0,1.0,1.0,1.0,1.0,1.0,1.0,1.0,1.0,1.0,1.0,1.0,3.0,2.0,2.0,1.0,1.0,3.0,1.0,1.0,1.0,1.0,1.0,1.0,1.0,1.0,1.0,3.0,1.0,1.0,1.0,1.0,1.0,2.0,1.0,1.0,15.0,1.0,1.0,2.0,1.0,1.0,1.0,1.0,1.0,3.0,1.0,1.0,1.0,1.0,2.0,1.0,1.0,1.0,1.0,1.0,1.0,1.0,2.0,1.0,1.0,1.0,1.0,1.0,2.0,1.0,1.0,1.0,1.0,1.0,1.0,1.0,3.0,3.0,5.0,1.0,3.0,1.0,7.0,2.0,9.0,1.0,1.0,3.0,1.0,1.0,2.0,1.0,1.0,1.0,1.0,1.0,9.0,12.0,1.0,4.0,1.0,3.0,1.0,1.0,1.0,3.0,1.0,1.0,1.0,3.0,1.0,1.0,1.0,1.0,1.0,1.0,5.0,1.0,186.0,1.0,2.0,8.0,7.0,2.0,3.0,1.0,1.0,5.0,3.0,2.0,1.0,1.0,2.0,3.0,3.0,3.0,1.0,1.0,5.0,1.0,1.0,1.0,1.0,1.0,1.0,4.0,3.0,4.0,1.0,3.0,2.0,3.0,3.0,1.0,2.0,2.0,2.0,1.0,2.0,4.0,1.0,1.0,2.0,1.0,1.0,2.0,9.0,1.0,1.0,3.0,1.0,1.0,3.0,1.0,3.0,1.0,1.0,2.0,1.0,1.0,2.0,1.0,1.0,1.0,1.0,1.0,6.0,1.0,3.0,1.0,1.0,1.0,1.0,2.0,4.0,3.0,1.0,1.0,1.0,4.0,2.0,9.0,1.0,1.0,1.0,1.0,1.0,2.0,7.0,5.0,3.0,1.0,2.0,1.0,2.0,4.0,3.0,2.0,1.0,2.0,1.0,1.0,2.0,2.0,2.0,1.0,1.0,2.0,1.0,3.0,6.0,4.0,2.0,1.0,1.0,1.0,1.0,1.0,1.0,2.0,1.0,1.0,2.0,1.0,1.0,1.0,1.0,1.0,1.0,1.0,1.0,2.0,1.0,1.0,7.0,1.0,9.0,7.0,2.0,1.0,3.0,1.0,1.0,3.0,1.0,1.0,3.0,1.0,2.0,1.0,1.0,1.0,1.0,1.0,1.0,1.0,2.0,2.0,1.0,1.0,3.0,2.0,1.0,1.0,1.0,1.0,1.0,1.0,1.0,2.0,2.0,1.0,2.0,65.0,1.0,1.0,1.0,4.0,1.0,2.0,1.0,2.0,1.0,2.0,1.0,170.0,5.0,8.0,2.0,1.0,1.0,4.0,1.0,2.0,1.0,14.0,1.0,3.0,2.0,5.0,1.0,4.0,6.0,1.0,1.0,6.0,1.0,1.0,3.0,1.0,1.0,1.0,1.0,1.0,1.0,3.0,1.0,2.0,1.0,1.0,1.0,1.0,6.0,1.0,1.0,1.0,1.0,1.0,1.0,1.0,4.0,1.0,1.0,1.0,1.0,1.0,1.0,1.0,1.0,1.0,1.0,1.0,1.0,2.0,1.0,1.0,2.0,1.0,1.0,1.0,1.0,1.0,1.0,1.0,1.0,1.0,2.0,3.0,2.0,3.0,2.0,2.0,1.0,6.0,1.0,1.0,7.0,4.0,2.0,1.0,2.0,1.0,1.0,1.0,2.0,566.0,2.0,1.0,1.0,1.0,1.0,1.0,1.0,1.0,1.0,6.0,8.0,3.0,1.0,230.0,1.0,1.0,1.0,1.0,3.0,1.0,4.0,4.0,3.0,1.0,1.0,1.0,1.0,1.0,1.0,1.0,2.0,1.0,1.0,1.0,1.0,2.0,1.0,1.0,2.0,1.0,1.0,16.0,8.0,6.0,22.0,16.0,60.0,1.0,3.0,12.0,14.0,6.0,2.0,1.0,5.0,6.0,13.0,8.0,11.0,1.0,1.0,46.0,9.0
2024-03-25,1.0,1.0,1.0,1.0,1.0,1.0,2.0,1.0,1.0,1.0,1.0,1.0,1.0,1.0,1.0,1.0,1.0,1.0,1.0,1.0,1.0,2.0,1.0,1.0,1.0,1.0,1.0,1.0,1.0,1.0,2.0,1.0,2.0,1.0,2.0,1.0,1.0,1.0,1.0,1.0,2.0,1.0,1.0,1.0,1.0,1.0,1.0,1.0,1.0,1.0,1.0,1.0,1.0,1.0,1.0,1.0,1.0,2.0,1.0,1.0,1.0,1.0,2.0,1.0,1.0,1.0,1.0,1.0,1.0,1.0,1.0,1.0,1.0,1.0,1.0,1.0,1.0,1.0,1.0,1.0,1.0,1.0,1.0,1.0,3.0,1.0,1.0,3.0,1.0,1.0,1.0,1.0,2.0,1.0,1.0,1.0,1.0,1.0,2.0,1.0,1.0,1.0,1.0,2.0,1.0,1.0,1.0,2.0,2.0,1.0,2.0,1.0,1.0,2.0,1.0,1.0,1.0,1.0,1.0,1.0,1.0,1.0,1.0,1.0,1.0,1.0,1.0,1.0,1.0,1.0,1.0,1.0,1.0,1.0,1.0,1.0,1.0,1.0,1.0,1.0,2.0,2.0,1.0,2.0,1.0,1.0,1.0,1.0,1.0,1.0,1.0,1.0,1.0,1.0,1.0,1.0,1.0,1.0,1.0,2.0,1.0,1.0,1.0,1.0,1.0,1.0,1.0,1.0,1.0,1.0,1.0,1.0,1.0,1.0,1.0,1.0,1.0,1.0,1.0,1.0,1.0,342.0,1.0,2.0,1.0,1.0,1.0,1.0,1.0,1.0,1.0,2.0,1.0,1.0,1.0,2.0,1.0,1.0,1.0,1.0,1.0,1.0,1.0,2.0,1.0,1.0,1.0,1.0,1.0,1.0,1.0,1.0,1.0,1.0,1.0,1.0,2.0,1.0,1.0,1.0,1.0,1.0,1.0,2.0,1.0,1.0,2.0,1.0,2.0,1.0,1.0,1.0,1.0,1.0,1.0,1.0,1.0,1.0,2.0,1.0,1.0,1.0,1.0,1.0,1.0,1.0,1.0,1.0,1.0,1.0,1.0,1.0,1.0,1.0,1.0,1.0,1.0,1.0,1.0,186.0,1.0,12.0,15.0,3.0,2.0,8.0,1.0,6.0,8.0,2.0,3.0,1.0,1.0,4.0,6.0,2.0,1.0,3.0,1.0,2.0,1.0,2.0,1.0,2.0,1.0,1.0,1.0,1.0,1.0,4.0,2.0,1.0,2.0,1.0,1.0,3.0,1.0,4.0,1.0,1.0,1.0,1.0,110.0,2.0,1.0,1.0,1.0,1.0,1.0,1.0,1.0,2.0,1.0,1.0,1.0,2.0,4.0,1.0,1.0,1.0,1.0,2.0,1.0,1.0,1.0,1.0,1.0,1.0,1.0,1.0,1.0,2.0,1.0,1.0,2.0,3.0,1.0,1.0,1.0,1.0,1.0,1.0,1.0,1.0,2.0,1.0,1.0,4.0,2.0,3.0,1.0,3.0,1.0,3.0,2.0,1.0,1.0,1.0,4.0,1.0,1.0,1.0,1.0,1.0,1.0,3.0,1.0,1.0,1.0,3.0,1.0,1.0,4.0,1.0,1.0,1.0,1.0,1.0,1.0,1.0,2.0,1.0,1.0,1.0,2.0,1.0,1.0,2.0,1.0,1.0,1.0,1.0,1.0,2.0,1.0,1.0,1.0,2.0,1.0,1.0,1.0,1.0,1.0,1.0,1.0,1.0,1.0,1.0,1.0,2.0,1.0,1.0,1.0,1.0,1.0,1.0,1.0,2.0,1.0,1.0,1.0,1.0,1.0,2.0,1.0,1.0,2.0,1.0,6.0,1.0,2.0,2.0,1.0,1.0,103.0,1.0,1.0,247.0,1.0,1.0,1.0,1.0,1.0,1.0,1.0,2.0,19.0,1.0,1.0,1.0,2.0,1.0,1.0,1.0,1.0,1.0,2.0,1.0,2.0,1.0,2.0,1.0,2.0,1.0,1.0,1.0,1.0,1.0,2.0,1.0,2.0,1.0,1.0,1.0,1.0,1.0,1.0,1.0,1.0,1.0,1.0,1.0,1.0,1.0,1.0,2.0,1.0,1.0,2.0,1.0,1.0,1.0,3.0,1.0,1.0,4.0,1.0,1.0,1.0,1.0,1.0,2.0,1.0,1.0,1.0,1.0,1.0,1.0,1.0,1.0,1.0,1.0,1.0,1.0,1.0,1.0,1.0,1.0,1.0,1.0,1.0,1.0,1.0,1.0,1.0,1.0,1.0,2.0,3.0,1.0,1.0,1.0,1.0,1.0,1.0,1.0,566.0,1.0,1.0,1.0,1.0,1.0,1.0,1.0,1.0,1.0,1.0,1.0,1.0,2.0,189.0,1.0,1.0,1.0,3.0,2.0,1.0,1.0,4.0,1.0,1.0,1.0,1.0,1.0,1.0,1.0,1.0,2.0,1.0,1.0,1.0,1.0,1.0,1.0,1.0,2.0,1.0,2.0,1.0,1.0,2.0,1.0,1.0,4.0,1.0,4.0,2.0,4.0,1.0,2.0,2.0,1.0,4.0,1.0,1.0,1.0,1.0,1.0,1.0,1.0
2024-03-26,1.0,1.0,1.0,1.0,1.0,1.0,1.0,1.0,1.0,1.0,1.0,1.0,1.0,1.0,1.0,1.0,1.0,1.0,1.0,1.0,1.0,2.0,1.0,1.0,1.0,1.0,1.0,1.0,1.0,1.0,2.0,2.0,1.0,1.0,1.0,1.0,1.0,1.0,1.0,1.0,1.0,1.0,1.0,1.0,1.0,1.0,1.0,1.0,1.0,1.0,1.0,1.0,1.0,1.0,1.0,1.0,1.0,1.0,1.0,1.0,1.0,1.0,1.0,1.0,1.0,1.0,3.0,1.0,1.0,1.0,1.0,1.0,1.0,2.0,1.0,1.0,1.0,1.0,1.0,1.0,1.0,1.0,1.0,2.0,3.0,1.0,6.0,3.0,2.0,1.0,1.0,1.0,2.0,1.0,1.0,1.0,1.0,1.0,1.0,1.0,1.0,1.0,1.0,1.0,2.0,3.0,2.0,1.0,2.0,1.0,1.0,1.0,1.0,1.0,1.0,1.0,1.0,1.0,1.0,1.0,1.0,1.0,1.0,1.0,1.0,1.0,2.0,1.0,1.0,1.0,1.0,1.0,1.0,1.0,1.0,1.0,2.0,1.0,1.0,1.0,1.0,1.0,2.0,2.0,1.0,1.0,1.0,1.0,1.0,1.0,1.0,1.0,1.0,1.0,1.0,1.0,1.0,1.0,2.0,1.0,1.0,2.0,1.0,1.0,1.0,1.0,1.0,1.0,1.0,1.0,1.0,1.0,1.0,1.0,1.0,1.0,1.0,1.0,1.0,1.0,1.0,342.0,1.0,1.0,1.0,1.0,1.0,1.0,1.0,1.0,2.0,1.0,1.0,1.0,1.0,2.0,1.0,1.0,1.0,1.0,1.0,1.0,1.0,2.0,1.0,1.0,1.0,1.0,1.0,1.0,1.0,1.0,1.0,1.0,1.0,1.0,2.0,1.0,1.0,1.0,1.0,2.0,1.0,2.0,1.0,1.0,1.0,1.0,1.0,1.0,1.0,1.0,2.0,2.0,1.0,1.0,2.0,1.0,1.0,1.0,1.0,1.0,1.0,1.0,1.0,1.0,1.0,1.0,1.0,1.0,2.0,1.0,1.0,1.0,1.0,1.0,1.0,1.0,1.0,186.0,1.0,1.0,1.0,3.0,1.0,1.0,1.0,2.0,3.0,4.0,2.0,5.0,3.0,1.0,2.0,4.0,1.0,3.0,1.0,1.0,1.0,1.0,1.0,1.0,1.0,1.0,2.0,1.0,2.0,3.0,1.0,1.0,4.0,3.0,1.0,1.0,1.0,3.0,1.0,1.0,1.0,1.0,419.0,2.0,1.0,1.0,1.0,1.0,1.0,1.0,2.0,1.0,1.0,1.0,1.0,2.0,1.0,1.0,1.0,1.0,1.0,2.0,1.0,1.0,1.0,1.0,1.0,1.0,1.0,1.0,1.0,2.0,2.0,1.0,2.0,1.0,2.0,1.0,3.0,1.0,1.0,1.0,1.0,1.0,6.0,1.0,2.0,5.0,1.0,6.0,2.0,1.0,2.0,1.0,1.0,2.0,3.0,2.0,1.0,2.0,2.0,1.0,1.0,3.0,1.0,1.0,1.0,1.0,2.0,1.0,3.0,3.0,2.0,1.0,1.0,4.0,1.0,1.0,1.0,1.0,1.0,1.0,1.0,2.0,1.0,1.0,1.0,1.0,1.0,1.0,1.0,1.0,1.0,3.0,1.0,1.0,1.0,2.0,1.0,175.0,1.0,47.0,1.0,1.0,1.0,2.0,1.0,1.0,1.0,1.0,1.0,1.0,1.0,1.0,1.0,1.0,1.0,1.0,1.0,1.0,1.0,1.0,1.0,1.0,1.0,1.0,2.0,1.0,1.0,1.0,2.0,1.0,4.0,1.0,1.0,1.0,1.0,8.0,1.0,1.0,1.0,1.0,1.0,1.0,1.0,1.0,10.0,1.0,1.0,2.0,1.0,1.0,1.0,1.0,1.0,2.0,1.0,1.0,1.0,1.0,2.0,1.0,1.0,1.0,1.0,1.0,1.0,1.0,1.0,2.0,3.0,1.0,1.0,1.0,1.0,1.0,1.0,1.0,1.0,1.0,1.0,1.0,1.0,1.0,1.0,2.0,1.0,1.0,1.0,1.0,1.0,1.0,1.0,1.0,1.0,2.0,1.0,1.0,1.0,1.0,1.0,2.0,1.0,1.0,1.0,1.0,1.0,1.0,1.0,1.0,1.0,1.0,1.0,1.0,1.0,1.0,1.0,1.0,1.0,1.0,1.0,185.0,3.0,1.0,3.0,2.0,1.0,1.0,2.0,1.0,1.0,1.0,1.0,1.0,1.0,3.0,566.0,1.0,1.0,1.0,1.0,1.0,1.0,1.0,1.0,1.0,1.0,1.0,1.0,1.0,198.0,1.0,1.0,1.0,1.0,1.0,3.0,3.0,2.0,1.0,1.0,1.0,1.0,1.0,1.0,1.0,1.0,1.0,1.0,1.0,2.0,1.0,1.0,1.0,1.0,2.0,1.0,1.0,1.0,1.0,2.0,2.0,1.0,3.0,1.0,6.0,1.0,4.0,1.0,3.0,2.0,1.0,3.0,1.0,1.0,1.0,1.0,1.0,1.0,1.0
2024-03-27,1.0,2.0,1.0,1.0,1.0,2.0,1.0,1.0,1.0,1.0,1.0,1.0,1.0,2.0,1.0,1.0,1.0,1.0,1.0,1.0,1.0,2.0,1.0,1.0,1.0,1.0,1.0,1.0,1.0,1.0,2.0,1.0,1.0,1.0,1.0,1.0,1.0,1.0,1.0,1.0,1.0,1.0,1.0,2.0,1.0,1.0,1.0,1.0,1.0,1.0,1.0,2.0,1.0,1.0,1.0,1.0,1.0,1.0,1.0,1.0,2.0,1.0,2.0,1.0,1.0,1.0,3.0,1.0,1.0,1.0,1.0,1.0,1.0,1.0,2.0,1.0,1.0,1.0,2.0,1.0,1.0,8.0,1.0,1.0,3.0,1.0,113.0,3.0,2.0,1.0,1.0,1.0,1.0,1.0,1.0,1.0,1.0,1.0,3.0,2.0,2.0,1.0,1.0,2.0,1.0,2.0,2.0,3.0,2.0,1.0,2.0,1.0,1.0,1.0,1.0,3.0,1.0,1.0,1.0,1.0,1.0,1.0,1.0,1.0,1.0,1.0,2.0,1.0,2.0,6.0,1.0,1.0,1.0,1.0,1.0,1.0,1.0,1.0,1.0,1.0,1.0,3.0,1.0,1.0,2.0,1.0,1.0,1.0,1.0,1.0,1.0,1.0,1.0,1.0,1.0,1.0,1.0,1.0,1.0,1.0,1.0,4.0,1.0,1.0,1.0,1.0,1.0,1.0,1.0,1.0,1.0,1.0,1.0,1.0,1.0,1.0,1.0,1.0,1.0,1.0,1.0,342.0,1.0,1.0,1.0,1.0,2.0,1.0,1.0,1.0,1.0,1.0,1.0,1.0,1.0,1.0,2.0,1.0,1.0,1.0,1.0,1.0,2.0,1.0,1.0,1.0,1.0,1.0,1.0,1.0,1.0,1.0,1.0,1.0,1.0,2.0,1.0,1.0,1.0,1.0,1.0,1.0,1.0,3.0,1.0,1.0,1.0,3.0,1.0,1.0,1.0,3.0,5.0,6.0,2.0,1.0,2.0,1.0,1.0,1.0,1.0,1.0,1.0,1.0,1.0,1.0,1.0,1.0,1.0,1.0,1.0,1.0,1.0,1.0,1.0,1.0,1.0,1.0,2.0,186.0,1.0,1.0,1.0,1.0,1.0,1.0,1.0,3.0,1.0,1.0,3.0,2.0,2.0,1.0,1.0,1.0,4.0,2.0,1.0,1.0,1.0,1.0,1.0,1.0,1.0,1.0,2.0,1.0,2.0,3.0,1.0,2.0,4.0,3.0,2.0,1.0,2.0,1.0,1.0,1.0,1.0,1.0,419.0,1.0,1.0,2.0,1.0,1.0,1.0,1.0,1.0,1.0,1.0,1.0,1.0,2.0,1.0,1.0,1.0,1.0,1.0,1.0,1.0,2.0,1.0,1.0,1.0,2.0,1.0,2.0,1.0,2.0,1.0,1.0,1.0,2.0,2.0,1.0,1.0,1.0,1.0,1.0,2.0,1.0,7.0,2.0,5.0,4.0,1.0,2.0,1.0,2.0,2.0,1.0,1.0,2.0,1.0,2.0,1.0,1.0,1.0,2.0,1.0,1.0,1.0,2.0,1.0,1.0,2.0,2.0,1.0,1.0,4.0,3.0,2.0,1.0,1.0,1.0,1.0,1.0,1.0,1.0,1.0,2.0,1.0,1.0,1.0,2.0,1.0,1.0,1.0,1.0,1.0,2.0,2.0,1.0,1.0,2.0,1.0,1.0,1.0,1.0,1.0,1.0,1.0,1.0,1.0,1.0,1.0,1.0,1.0,1.0,1.0,1.0,1.0,1.0,1.0,1.0,1.0,2.0,1.0,1.0,3.0,1.0,1.0,1.0,1.0,1.0,2.0,1.0,5.0,1.0,2.0,1.0,1.0,1.0,2.0,1.0,1.0,1.0,1.0,1.0,1.0,1.0,1.0,2.0,97.0,1.0,1.0,1.0,1.0,1.0,1.0,1.0,1.0,2.0,2.0,2.0,2.0,1.0,4.0,1.0,1.0,1.0,1.0,1.0,1.0,1.0,1.0,1.0,312.0,3.0,1.0,1.0,1.0,1.0,1.0,2.0,1.0,1.0,1.0,3.0,3.0,1.0,1.0,2.0,1.0,1.0,1.0,1.0,1.0,2.0,1.0,11.0,1.0,1.0,1.0,1.0,1.0,1.0,2.0,1.0,2.0,1.0,1.0,1.0,1.0,1.0,1.0,1.0,1.0,1.0,1.0,1.0,1.0,1.0,1.0,1.0,1.0,2.0,1.0,492.0,1.0,2.0,1.0,2.0,1.0,1.0,1.0,1.0,1.0,1.0,1.0,1.0,1.0,2.0,566.0,1.0,1.0,1.0,1.0,1.0,1.0,1.0,1.0,1.0,1.0,1.0,1.0,1.0,196.0,1.0,1.0,1.0,4.0,1.0,3.0,1.0,3.0,1.0,2.0,1.0,2.0,2.0,1.0,1.0,1.0,1.0,1.0,2.0,2.0,1.0,1.0,1.0,1.0,3.0,1.0,2.0,3.0,1.0,2.0,1.0,1.0,5.0,4.0,7.0,7.0,9.0,3.0,1.0,2.0,1.0,3.0,2.0,1.0,1.0,1.0,1.0,1.0,1.0
2024-03-28,1.0,2.0,1.0,1.0,1.0,1.0,1.0,1.0,1.0,1.0,2.0,1.0,1.0,1.0,1.0,1.0,1.0,1.0,1.0,1.0,1.0,2.0,1.0,1.0,1.0,2.0,2.0,1.0,1.0,1.0,1.0,2.0,1.0,1.0,1.0,1.0,1.0,1.0,1.0,1.0,1.0,1.0,1.0,1.0,1.0,1.0,1.0,1.0,1.0,1.0,1.0,1.0,1.0,1.0,1.0,1.0,1.0,1.0,1.0,1.0,2.0,3.0,3.0,1.0,1.0,1.0,3.0,1.0,1.0,1.0,2.0,1.0,1.0,1.0,1.0,1.0,1.0,2.0,1.0,1.0,1.0,1.0,1.0,1.0,3.0,1.0,470.0,3.0,2.0,1.0,1.0,1.0,1.0,1.0,1.0,2.0,1.0,2.0,1.0,4.0,4.0,1.0,1.0,2.0,1.0,2.0,3.0,3.0,3.0,2.0,1.0,2.0,1.0,1.0,1.0,1.0,3.0,1.0,1.0,1.0,1.0,2.0,1.0,2.0,1.0,1.0,1.0,1.0,1.0,1.0,1.0,1.0,1.0,1.0,1.0,2.0,1.0,1.0,1.0,1.0,1.0,4.0,1.0,1.0,1.0,1.0,1.0,1.0,2.0,1.0,1.0,1.0,1.0,2.0,1.0,1.0,1.0,1.0,2.0,1.0,1.0,2.0,1.0,1.0,1.0,2.0,1.0,2.0,1.0,1.0,1.0,1.0,1.0,1.0,1.0,1.0,1.0,1.0,1.0,1.0,1.0,342.0,1.0,1.0,1.0,1.0,8.0,1.0,2.0,1.0,2.0,1.0,1.0,1.0,1.0,1.0,2.0,1.0,1.0,1.0,1.0,1.0,1.0,1.0,2.0,1.0,1.0,1.0,2.0,2.0,1.0,1.0,1.0,1.0,1.0,1.0,2.0,1.0,2.0,1.0,1.0,1.0,1.0,1.0,2.0,2.0,1.0,3.0,1.0,3.0,1.0,1.0,1.0,3.0,3.0,2.0,4.0,1.0,2.0,1.0,1.0,2.0,1.0,1.0,1.0,1.0,1.0,2.0,1.0,1.0,1.0,1.0,1.0,15.0,10.0,1.0,1.0,1.0,2.0,186.0,1.0,1.0,2.0,2.0,1.0,3.0,1.0,1.0,1.0,1.0,1.0,1.0,1.0,7.0,5.0,5.0,2.0,2.0,1.0,1.0,1.0,2.0,2.0,1.0,2.0,1.0,14.0,1.0,2.0,4.0,3.0,1.0,3.0,1.0,1.0,4.0,3.0,1.0,1.0,1.0,4.0,1.0,419.0,10.0,3.0,1.0,1.0,1.0,1.0,1.0,2.0,2.0,1.0,2.0,1.0,2.0,1.0,130.0,1.0,1.0,1.0,2.0,1.0,1.0,1.0,1.0,1.0,2.0,1.0,2.0,3.0,3.0,1.0,2.0,1.0,2.0,2.0,1.0,1.0,1.0,2.0,1.0,1.0,16.0,3.0,2.0,4.0,1.0,7.0,4.0,1.0,2.0,8.0,8.0,1.0,4.0,1.0,2.0,3.0,4.0,7.0,1.0,4.0,1.0,1.0,2.0,3.0,1.0,6.0,4.0,5.0,4.0,4.0,3.0,2.0,1.0,1.0,2.0,1.0,1.0,2.0,1.0,1.0,1.0,1.0,1.0,1.0,2.0,1.0,1.0,1.0,1.0,1.0,2.0,3.0,1.0,1.0,2.0,1.0,1.0,1.0,1.0,1.0,1.0,2.0,1.0,2.0,1.0,2.0,1.0,1.0,1.0,1.0,1.0,2.0,1.0,1.0,1.0,1.0,2.0,3.0,1.0,1.0,1.0,1.0,1.0,2.0,1.0,4.0,1.0,377.0,1.0,1.0,2.0,2.0,1.0,1.0,1.0,3.0,1.0,1.0,1.0,1.0,1.0,1.0,1.0,22.0,1.0,2.0,1.0,2.0,1.0,1.0,2.0,1.0,1.0,2.0,1.0,4.0,1.0,3.0,1.0,4.0,1.0,1.0,3.0,1.0,1.0,1.0,1.0,142.0,1.0,2.0,1.0,1.0,1.0,1.0,2.0,1.0,1.0,1.0,1.0,2.0,1.0,1.0,3.0,1.0,1.0,1.0,1.0,1.0,1.0,1.0,318.0,1.0,1.0,1.0,2.0,1.0,1.0,1.0,4.0,1.0,2.0,1.0,1.0,1.0,1.0,1.0,1.0,1.0,1.0,1.0,1.0,1.0,1.0,1.0,1.0,1.0,2.0,4.0,458.0,2.0,4.0,1.0,3.0,1.0,1.0,2.0,6.0,1.0,1.0,1.0,1.0,1.0,2.0,566.0,1.0,1.0,1.0,1.0,1.0,1.0,1.0,1.0,1.0,1.0,1.0,1.0,1.0,197.0,1.0,1.0,1.0,1.0,1.0,2.0,2.0,3.0,3.0,2.0,1.0,1.0,1.0,1.0,1.0,1.0,2.0,1.0,1.0,2.0,1.0,1.0,1.0,1.0,3.0,1.0,2.0,10.0,2.0,3.0,1.0,1.0,12.0,3.0,6.0,8.0,11.0,4.0,1.0,2.0,1.0,3.0,1.0,1.0,1.0,1.0,1.0,1.0,1.0
2024-03-29,1.0,1.0,1.0,1.0,1.0,1.0,1.0,3.0,1.0,1.0,1.0,2.0,4.0,5.0,1.0,1.0,2.0,1.0,2.0,3.0,1.0,2.0,1.0,1.0,1.0,5.0,2.0,1.0,3.0,2.0,1.0,2.0,3.0,1.0,1.0,1.0,1.0,1.0,1.0,1.0,2.0,3.0,2.0,1.0,1.0,1.0,1.0,1.0,1.0,5.0,1.0,2.0,1.0,1.0,1.0,1.0,18.0,16.0,7.0,1.0,1.0,3.0,11.0,6.0,28.0,6.0,8.0,4.0,32.0,27.0,4.0,9.0,1.0,1.0,5.0,8.0,4.0,2.0,1.0,8.0,3.0,6.0,4.0,2.0,3.0,20.0,458.0,2.0,2.0,10.0,3.0,2.0,1.0,2.0,1.0,22.0,40.0,3.0,3.0,5.0,1.0,16.0,6.0,3.0,4.0,6.0,4.0,1.0,1.0,4.0,5.0,3.0,1.0,1.0,1.0,5.0,4.0,1.0,2.0,5.0,15.0,5.0,2.0,7.0,1.0,1.0,2.0,4.0,1.0,3.0,4.0,1.0,2.0,3.0,1.0,2.0,4.0,2.0,1.0,2.0,1.0,5.0,6.0,2.0,1.0,1.0,1.0,1.0,2.0,1.0,2.0,1.0,3.0,3.0,1.0,13.0,1.0,1.0,2.0,4.0,1.0,5.0,4.0,2.0,1.0,2.0,1.0,1.0,3.0,2.0,1.0,21.0,3.0,1.0,2.0,3.0,3.0,1.0,1.0,1.0,1.0,342.0,1.0,1.0,1.0,1.0,1.0,1.0,1.0,1.0,1.0,2.0,3.0,1.0,1.0,1.0,1.0,1.0,1.0,1.0,1.0,2.0,1.0,2.0,1.0,1.0,1.0,1.0,7.0,4.0,1.0,1.0,1.0,1.0,1.0,1.0,3.0,1.0,4.0,6.0,1.0,2.0,1.0,5.0,1.0,1.0,3.0,17.0,2.0,1.0,1.0,1.0,1.0,1.0,9.0,5.0,1.0,1.0,2.0,4.0,2.0,1.0,1.0,1.0,2.0,1.0,1.0,3.0,1.0,1.0,1.0,2.0,1.0,1.0,17.0,1.0,2.0,2.0,2.0,186.0,2.0,1.0,1.0,2.0,1.0,8.0,1.0,7.0,1.0,1.0,8.0,2.0,1.0,1.0,1.0,2.0,2.0,1.0,1.0,5.0,1.0,3.0,1.0,2.0,1.0,1.0,2.0,1.0,2.0,4.0,3.0,2.0,4.0,2.0,1.0,3.0,1.0,1.0,10.0,1.0,6.0,3.0,419.0,8.0,1.0,2.0,1.0,3.0,4.0,1.0,2.0,1.0,1.0,3.0,1.0,2.0,1.0,17.0,1.0,1.0,2.0,2.0,1.0,1.0,2.0,1.0,1.0,2.0,1.0,10.0,4.0,4.0,2.0,2.0,1.0,3.0,9.0,6.0,144.0,5.0,4.0,3.0,153.0,4.0,4.0,3.0,3.0,1.0,32.0,17.0,1.0,2.0,3.0,27.0,3.0,2.0,1.0,1.0,1.0,1.0,1.0,3.0,13.0,1.0,2.0,10.0,3.0,33.0,15.0,27.0,4.0,4.0,6.0,2.0,1.0,1.0,1.0,1.0,1.0,1.0,2.0,2.0,1.0,4.0,3.0,7.0,4.0,1.0,6.0,7.0,4.0,3.0,1.0,3.0,1.0,1.0,1.0,4.0,6.0,1.0,1.0,1.0,2.0,2.0,1.0,2.0,1.0,2.0,5.0,2.0,1.0,1.0,1.0,1.0,1.0,12.0,3.0,1.0,1.0,1.0,1.0,2.0,9.0,1.0,1.0,1.0,10.0,14.0,2.0,1.0,404.0,1.0,3.0,2.0,5.0,1.0,1.0,1.0,1.0,1.0,4.0,1.0,2.0,1.0,4.0,6.0,300.0,2.0,4.0,1.0,3.0,344.0,12.0,1.0,1.0,9.0,2.0,2.0,2.0,1.0,8.0,2.0,1.0,1.0,1.0,1.0,19.0,1.0,1.0,8.0,1.0,1.0,6.0,1.0,1.0,1.0,1.0,2.0,1.0,1.0,1.0,1.0,2.0,4.0,1.0,3.0,1.0,8.0,1.0,74.0,3.0,3.0,1.0,2.0,1.0,3.0,1.0,1.0,1.0,1.0,1.0,2.0,2.0,1.0,1.0,1.0,1.0,10.0,3.0,3.0,1.0,7.0,1.0,3.0,2.0,1.0,1.0,2.0,3.0,3.0,1.0,1.0,1.0,2.0,1.0,1.0,2.0,8.0,9.0,15.0,2.0,3.0,2.0,3.0,1.0,3.0,566.0,3.0,1.0,1.0,1.0,1.0,1.0,1.0,1.0,1.0,1.0,1.0,1.0,6.0,215.0,1.0,5.0,3.0,1.0,2.0,3.0,2.0,14.0,6.0,3.0,2.0,1.0,3.0,2.0,4.0,1.0,2.0,2.0,1.0,2.0,2.0,1.0,1.0,1.0,3.0,1.0,2.0,22.0,5.0,6.0,13.0,5.0,62.0,3.0,4.0,10.0,14.0,6.0,2.0,1.0,3.0,4.0,12.0,19.0,25.0,1.0,1.0,17.0,1.0
2024-03-30,1.0,1.0,1.0,1.0,1.0,1.0,2.0,1.0,1.0,2.0,1.0,1.0,1.0,1.0,1.0,1.0,1.0,7.0,1.0,2.0,1.0,1.0,2.0,1.0,1.0,3.0,2.0,1.0,3.0,4.0,1.0,4.0,2.0,7.0,19.0,1.0,1.0,7.0,3.0,1.0,1.0,1.0,1.0,1.0,1.0,1.0,1.0,1.0,1.0,1.0,1.0,1.0,1.0,1.0,1.0,1.0,1.0,2.0,2.0,3.0,1.0,2.0,1.0,2.0,3.0,2.0,1.0,2.0,1.0,1.0,1.0,1.0,1.0,2.0,1.0,1.0,1.0,2.0,1.0,1.0,5.0,2.0,1.0,1.0,4.0,7.0,313.0,1.0,2.0,2.0,1.0,2.0,1.0,1.0,4.0,4.0,2.0,2.0,3.0,2.0,1.0,1.0,1.0,8.0,6.0,2.0,3.0,2.0,1.0,2.0,2.0,1.0,6.0,1.0,3.0,3.0,3.0,2.0,2.0,1.0,1.0,4.0,1.0,1.0,2.0,1.0,6.0,1.0,1.0,3.0,3.0,1.0,1.0,1.0,2.0,1.0,5.0,2.0,2.0,1.0,1.0,1.0,5.0,1.0,2.0,1.0,1.0,1.0,2.0,1.0,2.0,1.0,1.0,1.0,1.0,8.0,1.0,2.0,2.0,1.0,4.0,2.0,2.0,5.0,2.0,6.0,1.0,1.0,2.0,12.0,2.0,1.0,2.0,1.0,1.0,1.0,2.0,1.0,1.0,5.0,1.0,342.0,2.0,6.0,3.0,1.0,2.0,1.0,1.0,1.0,1.0,4.0,2.0,1.0,1.0,2.0,1.0,2.0,1.0,1.0,1.0,1.0,1.0,2.0,1.0,1.0,1.0,1.0,1.0,1.0,2.0,2.0,1.0,1.0,2.0,1.0,3.0,3.0,2.0,1.0,5.0,1.0,2.0,2.0,1.0,2.0,13.0,19.0,7.0,2.0,7.0,9.0,1.0,2.0,2.0,3.0,8.0,7.0,1.0,16.0,7.0,1.0,3.0,4.0,2.0,1.0,8.0,2.0,1.0,2.0,1.0,4.0,2.0,2.0,2.0,1.0,1.0,8.0,5.0,186.0,1.0,1.0,1.0,1.0,1.0,1.0,1.0,6.0,2.0,2.0,5.0,1.0,1.0,1.0,2.0,3.0,2.0,2.0,1.0,1.0,1.0,2.0,1.0,1.0,1.0,1.0,3.0,1.0,2.0,2.0,2.0,3.0,1.0,1.0,1.0,1.0,2.0,3.0,5.0,1.0,2.0,2.0,419.0,2.0,1.0,1.0,2.0,3.0,3.0,2.0,2.0,1.0,2.0,6.0,5.0,2.0,1.0,13.0,1.0,6.0,1.0,2.0,1.0,1.0,1.0,1.0,1.0,1.0,3.0,1.0,23.0,1.0,2.0,2.0,2.0,3.0,1.0,1.0,6.0,5.0,1.0,2.0,1.0,1.0,3.0,7.0,1.0,4.0,7.0,9.0,13.0,9.0,2.0,4.0,1.0,1.0,2.0,1.0,2.0,5.0,5.0,5.0,1.0,1.0,1.0,3.0,1.0,1.0,2.0,1.0,3.0,6.0,6.0,2.0,1.0,2.0,2.0,1.0,1.0,1.0,3.0,5.0,2.0,1.0,2.0,2.0,1.0,1.0,2.0,1.0,2.0,1.0,5.0,2.0,2.0,1.0,1.0,5.0,3.0,263.0,1.0,2.0,2.0,3.0,2.0,4.0,4.0,4.0,3.0,3.0,1.0,1.0,2.0,2.0,1.0,4.0,2.0,3.0,3.0,35.0,2.0,10.0,7.0,3.0,1.0,2.0,3.0,3.0,2.0,14.0,404.0,3.0,8.0,18.0,1.0,1.0,3.0,2.0,1.0,1.0,3.0,1.0,1.0,2.0,1.0,1.0,449.0,3.0,1.0,2.0,1.0,527.0,1.0,1.0,2.0,1.0,2.0,1.0,5.0,1.0,4.0,2.0,1.0,3.0,1.0,1.0,21.0,1.0,7.0,3.0,1.0,2.0,2.0,2.0,1.0,2.0,2.0,1.0,2.0,8.0,2.0,3.0,9.0,4.0,3.0,5.0,7.0,3.0,1.0,4.0,1.0,6.0,1.0,3.0,1.0,1.0,1.0,1.0,1.0,1.0,2.0,1.0,1.0,2.0,2.0,1.0,1.0,4.0,2.0,3.0,2.0,5.0,6.0,2.0,23.0,1.0,2.0,1.0,2.0,1.0,1.0,1.0,1.0,7.0,2.0,6.0,2.0,4.0,2.0,8.0,2.0,1.0,1.0,1.0,1.0,3.0,566.0,1.0,1.0,1.0,1.0,1.0,2.0,1.0,1.0,1.0,1.0,9.0,13.0,34.0,227.0,4.0,3.0,4.0,4.0,2.0,3.0,1.0,4.0,1.0,3.0,4.0,1.0,2.0,1.0,1.0,1.0,1.0,1.0,2.0,3.0,1.0,1.0,1.0,2.0,2.0,1.0,2.0,23.0,2.0,16.0,4.0,10.0,50.0,3.0,4.0,9.0,11.0,5.0,2.0,1.0,5.0,6.0,22.0,29.0,44.0,1.0,1.0,14.0,1.0
2024-03-31,1.0,3.0,4.0,1.0,2.0,3.0,7.0,6.0,1.0,1.0,1.0,2.0,1.0,2.0,1.0,155.0,3.0,2.0,1.0,1.0,1.0,3.0,4.0,3.0,4.0,1.0,1.0,3.0,4.0,5.0,2.0,1.0,4.0,2.0,2.0,3.0,2.0,2.0,2.0,3.0,1.0,1.0,1.0,2.0,1.0,1.0,1.0,1.0,4.0,2.0,1.0,5.0,1.0,1.0,1.0,1.0,1.0,2.0,1.0,4.0,1.0,2.0,3.0,1.0,6.0,2.0,1.0,3.0,1.0,2.0,19.0,6.0,3.0,2.0,1.0,1.0,1.0,2.0,1.0,7.0,5.0,2.0,1.0,7.0,12.0,25.0,144.0,2.0,3.0,1.0,3.0,1.0,1.0,1.0,1.0,2.0,1.0,3.0,1.0,3.0,1.0,9.0,1.0,7.0,4.0,3.0,4.0,3.0,1.0,1.0,2.0,1.0,1.0,1.0,1.0,1.0,1.0,1.0,5.0,1.0,3.0,1.0,1.0,1.0,1.0,1.0,2.0,3.0,2.0,7.0,1.0,1.0,1.0,4.0,2.0,1.0,5.0,3.0,2.0,1.0,5.0,2.0,3.0,4.0,6.0,9.0,1.0,1.0,3.0,1.0,1.0,2.0,1.0,2.0,1.0,9.0,1.0,1.0,2.0,1.0,3.0,2.0,3.0,2.0,3.0,1.0,2.0,1.0,2.0,1.0,2.0,1.0,3.0,2.0,3.0,1.0,2.0,2.0,1.0,2.0,1.0,342.0,2.0,1.0,1.0,1.0,7.0,1.0,7.0,1.0,2.0,10.0,1.0,3.0,3.0,2.0,1.0,4.0,4.0,1.0,1.0,1.0,1.0,2.0,4.0,2.0,1.0,1.0,3.0,1.0,1.0,2.0,1.0,6.0,6.0,2.0,6.0,3.0,2.0,7.0,6.0,2.0,4.0,4.0,2.0,1.0,11.0,22.0,8.0,5.0,5.0,7.0,1.0,5.0,11.0,12.0,22.0,9.0,25.0,19.0,57.0,4.0,3.0,8.0,4.0,4.0,9.0,3.0,1.0,1.0,1.0,13.0,5.0,4.0,4.0,2.0,3.0,1.0,1.0,186.0,2.0,1.0,3.0,1.0,1.0,3.0,1.0,3.0,4.0,1.0,4.0,2.0,1.0,5.0,1.0,3.0,3.0,1.0,1.0,7.0,1.0,1.0,1.0,1.0,2.0,3.0,2.0,4.0,8.0,5.0,1.0,2.0,1.0,5.0,1.0,1.0,4.0,2.0,2.0,1.0,3.0,6.0,419.0,1.0,1.0,1.0,2.0,20.0,3.0,5.0,2.0,1.0,7.0,5.0,3.0,3.0,1.0,29.0,1.0,1.0,1.0,3.0,1.0,4.0,1.0,1.0,3.0,1.0,4.0,2.0,9.0,1.0,2.0,2.0,1.0,2.0,5.0,3.0,1.0,3.0,1.0,2.0,2.0,3.0,4.0,6.0,1.0,4.0,8.0,16.0,15.0,7.0,1.0,1.0,2.0,3.0,6.0,1.0,3.0,2.0,4.0,3.0,1.0,3.0,3.0,3.0,1.0,1.0,5.0,1.0,3.0,8.0,3.0,2.0,1.0,2.0,2.0,1.0,1.0,2.0,1.0,1.0,3.0,1.0,2.0,2.0,1.0,1.0,1.0,4.0,1.0,4.0,2.0,3.0,3.0,2.0,1.0,14.0,8.0,4.0,1.0,3.0,2.0,18.0,8.0,7.0,4.0,7.0,6.0,2.0,1.0,4.0,1.0,3.0,1.0,3.0,18.0,9.0,6.0,13.0,8.0,1.0,8.0,13.0,1.0,1.0,7.0,6.0,3.0,1.0,404.0,4.0,2.0,1.0,3.0,1.0,1.0,1.0,1.0,1.0,1.0,1.0,2.0,3.0,1.0,2.0,201.0,1.0,1.0,2.0,4.0,526.0,1.0,1.0,1.0,3.0,2.0,1.0,4.0,2.0,5.0,8.0,3.0,4.0,1.0,1.0,31.0,4.0,4.0,1.0,3.0,34.0,11.0,26.0,105.0,7.0,13.0,2.0,1.0,1.0,1.0,5.0,10.0,10.0,8.0,5.0,11.0,1.0,6.0,309.0,1.0,3.0,6.0,3.0,1.0,3.0,1.0,7.0,1.0,1.0,5.0,1.0,2.0,1.0,3.0,1.0,1.0,2.0,1.0,4.0,4.0,1.0,5.0,2.0,1.0,1.0,1.0,2.0,2.0,16.0,4.0,1.0,5.0,9.0,3.0,3.0,5.0,3.0,2.0,1.0,2.0,1.0,3.0,10.0,1.0,5.0,566.0,44.0,2.0,1.0,1.0,1.0,3.0,1.0,1.0,1.0,2.0,8.0,17.0,73.0,245.0,1.0,4.0,5.0,3.0,2.0,3.0,1.0,12.0,2.0,3.0,6.0,1.0,2.0,1.0,2.0,1.0,2.0,2.0,1.0,3.0,4.0,1.0,1.0,2.0,3.0,1.0,2.0,31.0,4.0,2.0,15.0,32.0,53.0,3.0,4.0,10.0,12.0,5.0,2.0,1.0,8.0,7.0,17.0,33.0,43.0,1.0,1.0,38.0,4.0
